Country,Year,Agricultural_Land_Percent
Aruba,1960,
Africa Eastern and Southern,1960,
Afghanistan,1960,
Africa Western and Central,1960,
Angola,1960,
Albania,1960,
Andorra,1960,
Arab World,1960,
United Arab Emirates,1960,
Argentina,1960,
Armenia,1960,
American Samoa,1960,
Antigua and Barbuda,1960,
Australia,1960,
Austria,1960,
Azerbaijan,1960,
Burundi,1960,
Belgium,1960,
Benin,1960,
Burkina Faso,1960,
Bangladesh,1960,
Bulgaria,1960,
Bahrain,1960,
"Bahamas, The",1960,
Bosnia and Herzegovina,1960,
Belarus,1960,
Belize,1960,
Bermuda,1960,
Bolivia,1960,
Brazil,1960,
Barbados,1960,
Brunei Darussalam,1960,
Bhutan,1960,
Botswana,1960,
Central African Republic,1960,
Canada,1960,
Central Europe and the Baltics,1960,
Switzerland,1960,
Channel Islands,1960,
Chile,1960,
China,1960,
Cote d'Ivoire,1960,
Cameroon,1960,
"Congo, Dem. Rep.",1960,
"Congo, Rep.",1960,
Colombia,1960,
Comoros,1960,
Cabo Verde,1960,
Costa Rica,1960,
Caribbean small states,1960,
Cuba,1960,
Curacao,1960,
Cayman Islands,1960,
Cyprus,1960,
Czechia,1960,
Germany,1960,
Djibouti,1960,
Dominica,1960,
Denmark,1960,
Dominican Republic,1960,
Algeria,1960,
East Asia & Pacific (excluding high income),1960,
Early-demographic dividend,1960,
East Asia & Pacific,1960,
Europe & Central Asia (excluding high income),1960,
Europe & Central Asia,1960,
Ecuador,1960,
"Egypt, Arab Rep.",1960,
Euro area,1960,
Eritrea,1960,
Spain,1960,
Estonia,1960,
Ethiopia,1960,
European Union,1960,
Finland,1960,
Fiji,1960,
France,1960,
Faroe Islands,1960,
"Micronesia, Fed. Sts.",1960,
Gabon,1960,
United Kingdom,1960,
Georgia,1960,
Ghana,1960,
Gibraltar,1960,
Guinea,1960,
"Gambia, The",1960,
Guinea-Bissau,1960,
Equatorial Guinea,1960,
Greece,1960,
Grenada,1960,
Greenland,1960,
Guatemala,1960,
Guam,1960,
Guyana,1960,
High income,1960,
"Hong Kong SAR, China",1960,
Honduras,1960,
Heavily indebted poor countries (HIPC),1960,
Croatia,1960,
Haiti,1960,
Hungary,1960,
IBRD only,1960,
IDA & IBRD total,1960,
IDA total,1960,
IDA blend,1960,
Indonesia,1960,
IDA only,1960,
Isle of Man,1960,
India,1960,
Not classified,1960,
Ireland,1960,
"Iran, Islamic Rep.",1960,
Iraq,1960,
Iceland,1960,
Israel,1960,
Italy,1960,
Jamaica,1960,
Jordan,1960,
Japan,1960,
Kazakhstan,1960,
Kenya,1960,
Kyrgyz Republic,1960,
Cambodia,1960,
Kiribati,1960,
St. Kitts and Nevis,1960,
"Korea, Rep.",1960,
Kuwait,1960,
Latin America & Caribbean (excluding high income),1960,
Lao PDR,1960,
Lebanon,1960,
Liberia,1960,
Libya,1960,
St. Lucia,1960,
Latin America & Caribbean,1960,
Least developed countries: UN classification,1960,
Low income,1960,
Liechtenstein,1960,
Sri Lanka,1960,
Lower middle income,1960,
Low & middle income,1960,
Lesotho,1960,
Late-demographic dividend,1960,
Lithuania,1960,
Luxembourg,1960,
Latvia,1960,
"Macao SAR, China",1960,
St. Martin (French part),1960,
Morocco,1960,
Monaco,1960,
Moldova,1960,
Madagascar,1960,
Maldives,1960,
"Middle East, North Africa, Afghanistan & Pakistan",1960,
Mexico,1960,
Marshall Islands,1960,
Middle income,1960,
North Macedonia,1960,
Mali,1960,
Malta,1960,
Myanmar,1960,
"Middle East, North Africa, Afghanistan & Pakistan (excluding high income)",1960,
Montenegro,1960,
Mongolia,1960,
Northern Mariana Islands,1960,
Mozambique,1960,
Mauritania,1960,
Mauritius,1960,
Malawi,1960,
Malaysia,1960,
North America,1960,
Namibia,1960,
New Caledonia,1960,
Niger,1960,
Nigeria,1960,
Nicaragua,1960,
Netherlands,1960,
Norway,1960,
Nepal,1960,
Nauru,1960,
New Zealand,1960,
OECD members,1960,
Oman,1960,
Other small states,1960,
Pakistan,1960,
Panama,1960,
Peru,1960,
Philippines,1960,
Palau,1960,
Papua New Guinea,1960,
Poland,1960,
Pre-demographic dividend,1960,
Puerto Rico (US),1960,
"Korea, Dem. People's Rep.",1960,
Portugal,1960,
Paraguay,1960,
West Bank and Gaza,1960,
Pacific island small states,1960,
Post-demographic dividend,1960,
French Polynesia,1960,
Qatar,1960,
Romania,1960,
Russian Federation,1960,
Rwanda,1960,
South Asia,1960,
Saudi Arabia,1960,
Sudan,1960,
Senegal,1960,
Singapore,1960,
Solomon Islands,1960,
Sierra Leone,1960,
El Salvador,1960,
San Marino,1960,
"Somalia, Fed. Rep.",1960,
Serbia,1960,
Sub-Saharan Africa (excluding high income),1960,
South Sudan,1960,
Sub-Saharan Africa,1960,
Small states,1960,
Sao Tome and Principe,1960,
Suriname,1960,
Slovak Republic,1960,
Slovenia,1960,
Sweden,1960,
Eswatini,1960,
Sint Maarten (Dutch part),1960,
Seychelles,1960,
Syrian Arab Republic,1960,
Turks and Caicos Islands,1960,
Chad,1960,
East Asia & Pacific (IDA & IBRD countries),1960,
Europe & Central Asia (IDA & IBRD countries),1960,
Togo,1960,
Thailand,1960,
Tajikistan,1960,
Turkmenistan,1960,
Latin America & the Caribbean (IDA & IBRD countries),1960,
Timor-Leste,1960,
"Middle East, North Africa, Afghanistan & Pakistan (IDA & IBRD)",1960,
Tonga,1960,
South Asia (IDA & IBRD),1960,
Sub-Saharan Africa (IDA & IBRD countries),1960,
Trinidad and Tobago,1960,
Tunisia,1960,
Turkiye,1960,
Tuvalu,1960,
Tanzania,1960,
Uganda,1960,
Ukraine,1960,
Upper middle income,1960,
Uruguay,1960,
United States,1960,
Uzbekistan,1960,
St. Vincent and the Grenadines,1960,
"Venezuela, RB",1960,
British Virgin Islands,1960,
Virgin Islands (U.S.),1960,
Viet Nam,1960,
Vanuatu,1960,
World,1960,
Samoa,1960,
Kosovo,1960,
"Yemen, Rep.",1960,
South Africa,1960,
Zambia,1960,
Zimbabwe,1960,
Aruba,1961,11.1111111111111
Africa Eastern and Southern,1961,40.4884524207293
Afghanistan,1961,57.878355794735
Africa Western and Central,1961,32.9064671953379
Angola,1961,36.2372663832518
Albania,1961,44.963503649635
Andorra,1961,55.3191489361702
Arab World,1961,27.8459671979345
United Arab Emirates,1961,2.92875246409462
Argentina,1961,50.3633951963869
Armenia,1961,
American Samoa,1961,9.65
Antigua and Barbuda,1961,22.7272727272727
Australia,1961,61.7633318797756
Austria,1961,43.0853126514784
Azerbaijan,1961,
Burundi,1961,61.3317757009346
Belgium,1961,
Benin,1961,12.5448740688187
Burkina Faso,1961,32.9495614035088
Bangladesh,1961,72.827840516248
Bulgaria,1961,51.27903823556
Bahrain,1961,14.4927536231884
"Bahamas, The",1961,0.999000999000999
Bosnia and Herzegovina,1961,
Belarus,1961,
Belize,1961,3.46339324857519
Bermuda,1961,7.40740740740741
Bolivia,1961,27.7319302132373
Brazil,1961,18.7791781425054
Barbados,1961,44.1860465116279
Brunei Darussalam,1961,3.98481973434535
Bhutan,1961,7.72638743231385
Botswana,1961,45.8772254865633
Central African Republic,1961,7.6053805900671
Canada,1961,6.89781709848432
Central Europe and the Baltics,1961,64.6670283466703
Switzerland,1961,43.9258247318357
Channel Islands,1961,45.4545454545455
Chile,1961,18.0032601152338
China,1961,36.4657950097196
Cote d'Ivoire,1961,49.4778867924528
Cameroon,1961,15.8871189524233
"Congo, Dem. Rep.",1961,11.0496019055601
"Congo, Rep.",1961,30.8866764275256
Colombia,1961,36.0252365930599
Comoros,1961,51.0478237506717
Cabo Verde,1961,16.1290322580645
Costa Rica,1961,27.3207990599295
Caribbean small states,1961,4.26874674338666
Cuba,1961,33.0540037243948
Curacao,1961,
Cayman Islands,1961,11.25
Cyprus,1961,43.7229437229437
Czechia,1961,
Germany,1961,55.4950877896486
Djibouti,1961,56.1259706643658
Dominica,1961,22.6666666666667
Denmark,1961,79.0
Dominican Republic,1961,45.332229352101
Algeria,1961,19.0915045303014
East Asia & Pacific (excluding high income),1961,35.2949488485039
Early-demographic dividend,1961,35.0471243629147
East Asia & Pacific,1961,43.4537402393251
Europe & Central Asia (excluding high income),1961,47.3620817284167
Europe & Central Asia,1961,46.0524664174417
Ecuador,1961,17.0134373645427
"Egypt, Arab Rep.",1961,2.57973780702195
Euro area,1961,55.6788148006623
Eritrea,1961,
Spain,1961,66.4892552723198
Estonia,1961,
Ethiopia,1961,
European Union,1961,52.7798657217712
Finland,1961,9.08007485472274
Fiji,1961,12.4247400109469
France,1961,64.0857222376844
Faroe Islands,1961,69.1489971346705
"Micronesia, Fed. Sts.",1961,
Gabon,1961,6.50979935576513
United Kingdom,1961,81.8418550820485
Georgia,1961,
Ghana,1961,51.4195306319768
Gibraltar,1961,
Guinea,1961,56.3934559661403
"Gambia, The",1961,51.7786561264822
Guinea-Bissau,1961,17.4135846372688
Equatorial Guinea,1961,5.23529411764706
Greece,1961,69.1233514352211
Grenada,1961,64.7058823529412
Greenland,1961,0.687737781679836
Guatemala,1961,24.6920492721165
Guam,1961,29.6296296296296
Guyana,1961,6.90864724721671
High income,1961,38.2874522094401
"Hong Kong SAR, China",1961,13.7254901960784
Honduras,1961,26.633300563053
Heavily indebted poor countries (HIPC),1961,31.8071817454125
Croatia,1961,
Haiti,1961,60.2322206095791
Hungary,1961,78.6650377609951
IBRD only,1961,34.5059666983611
IDA & IBRD total,1961,34.1018537667371
IDA total,1961,33.1298756228941
IDA blend,1961,36.1689290158052
Indonesia,1961,17.2389290504921
IDA only,1961,32.2986302636034
Isle of Man,1961,57.0175438596491
India,1961,58.8431953558299
Not classified,1961,
Ireland,1961,66.1634489766294
"Iran, Islamic Rep.",1961,36.3902600751492
Iraq,1961,20.1202643071084
Iceland,1961,21.1471321695761
Israel,1961,23.6136783733826
Italy,1961,70.324028424739
Jamaica,1961,49.2151431209603
Jordan,1961,12.2846781504986
Japan,1961,19.3891464412326
Kazakhstan,1961,
Kenya,1961,43.9734002178726
Kyrgyz Republic,1961,
Cambodia,1961,19.9297530024926
Kiribati,1961,48.1481481481481
St. Kitts and Nevis,1961,57.1428571428571
"Korea, Rep.",1961,21.9054530375285
Kuwait,1961,7.57575757575758
Latin America & Caribbean (excluding high income),1961,28.3387213056024
Lao PDR,1961,6.7157712305026
Lebanon,1961,54.9364613880743
Liberia,1961,11.90573089701
Libya,1961,6.34825011082442
St. Lucia,1961,27.8688524590164
Latin America & Caribbean,1961,28.2882585464522
Least developed countries: UN classification,1961,32.2481106230939
Low income,1961,33.0227558756461
Liechtenstein,1961,56.25
Sri Lanka,1961,27.4756817094562
Lower middle income,1961,36.9620542369504
Low & middle income,1961,33.9285935144304
Lesotho,1961,85.0131752305665
Late-demographic dividend,1961,32.9734768880234
Lithuania,1961,
Luxembourg,1961,
Latvia,1961,
"Macao SAR, China",1961,
St. Martin (French part),1961,
Morocco,1961,52.3591880629117
Monaco,1961,
Moldova,1961,
Madagascar,1961,60.4343639302542
Maldives,1961,16.6666666666667
"Middle East, North Africa, Afghanistan & Pakistan",1961,28.6670176720124
Mexico,1961,50.5753748810412
Marshall Islands,1961,
Middle income,1961,34.099035283204
North Macedonia,1961,
Mali,1961,25.9779214712463
Malta,1961,56.25
Myanmar,1961,15.9592373840928
"Middle East, North Africa, Afghanistan & Pakistan (excluding high income)",1961,27.2652772548969
Montenegro,1961,
Mongolia,1961,90.9134534257383
Northern Mariana Islands,1961,
Mozambique,1961,43.5273023220326
Mauritania,1961,38.3448142039391
Mauritius,1961,48.7684729064039
Malawi,1961,33.9414509970301
Malaysia,1961,9.38895145335565
North America,1961,28.1028153773732
Namibia,1961,46.9360735585274
New Caledonia,1961,14.2778993435449
Niger,1961,24.8677666377201
Nigeria,1961,59.483733544144
Nicaragua,1961,28.5025760345687
Netherlands,1961,68.0361374407583
Norway,1961,2.83098421876882
Nepal,1961,24.8461538461538
Nauru,1961,15.0
New Zealand,1961,49.990505487828
OECD members,1961,39.5273098526869
Oman,1961,3.34410339256866
Other small states,1961,27.4658881430978
Pakistan,1961,46.3496264009963
Panama,1961,21.8455743879473
Peru,1961,13.34765625
Philippines,1961,25.859987929994
Palau,1961,
Papua New Guinea,1961,1.11955129620633
Poland,1961,66.3488850435862
Pre-demographic dividend,1961,33.8456865753977
Puerto Rico (US),1961,69.4475760992108
"Korea, Dem. People's Rep.",1961,18.479362179221
Portugal,1961,42.3497267759563
Paraguay,1961,26.2043795620438
West Bank and Gaza,1961,79.5681063122924
Pacific island small states,1961,8.13394845688832
Post-demographic dividend,1961,39.0528799123014
French Polynesia,1961,12.0218579234973
Qatar,1961,4.39276485788114
Romania,1961,63.3889033602501
Russian Federation,1961,
Rwanda,1961,53.3036076205918
South Asia,1961,56.6354984799289
Saudi Arabia,1961,40.0848494434081
Sudan,1961,
Senegal,1961,44.9124811717654
Singapore,1961,20.8955223880597
Solomon Islands,1961,1.96498749553412
Sierra Leone,1961,36.1873095040177
El Salvador,1961,60.0479616306954
San Marino,1961,16.6666666666667
"Somalia, Fed. Rep.",1961,69.9859725188893
Serbia,1961,
Sub-Saharan Africa (excluding high income),1961,37.0835406917455
South Sudan,1961,
Sub-Saharan Africa,1961,37.0829419968263
Small states,1961,12.2662446065866
Sao Tome and Principe,1961,36.4583333333333
Suriname,1961,0.255439601898003
Slovak Republic,1961,
Slovenia,1961,
Sweden,1961,10.4016377485426
Eswatini,1961,85.3488372093023
Sint Maarten (Dutch part),1961,
Seychelles,1961,10.8695652173913
Syrian Arab Republic,1961,81.2982914354119
Turks and Caicos Islands,1961,1.05263157894737
Chad,1961,38.015873015873
East Asia & Pacific (IDA & IBRD countries),1961,35.4230574337394
Europe & Central Asia (IDA & IBRD countries),1961,54.24464615832
Togo,1961,56.4441993013422
Thailand,1961,22.8092152909628
Tajikistan,1961,
Turkmenistan,1961,
Latin America & the Caribbean (IDA & IBRD countries),1961,28.2594544188155
Timor-Leste,1961,15.46738399462
"Middle East, North Africa, Afghanistan & Pakistan (IDA & IBRD)",1961,27.2339820714894
Tonga,1961,37.5
South Asia (IDA & IBRD),1961,56.6354984799289
Sub-Saharan Africa (IDA & IBRD countries),1961,37.0829419968263
Trinidad and Tobago,1961,18.9083820662768
Tunisia,1961,55.6642636457261
Turkiye,1961,47.4474747605992
Tuvalu,1961,66.6666666666667
Tanzania,1961,29.3519981937232
Uganda,1961,45.1328762324208
Ukraine,1961,
Upper middle income,1961,32.8043454497931
Uruguay,1961,93.4407496286139
United States,1961,48.8602417741752
Uzbekistan,1961,
St. Vincent and the Grenadines,1961,25.6410256410256
"Venezuela, RB",1961,21.8037526217335
British Virgin Islands,1961,40.0
Virgin Islands (U.S.),1961,34.2857142857143
Viet Nam,1961,19.3308550185874
Vanuatu,1961,8.61361771944217
World,1961,35.3977492219023
Samoa,1961,19.7879858657244
Kosovo,1961,
"Yemen, Rep.",1961,44.2013750781294
South Africa,1961,83.5346099629871
Zambia,1961,25.9715627059821
Zimbabwe,1961,25.8384609021585
Aruba,1962,11.1111111111111
Africa Eastern and Southern,1962,40.4190804977299
Afghanistan,1962,57.9550158686353
Africa Western and Central,1962,32.9482392241046
Angola,1962,36.2436833239753
Albania,1962,44.963503649635
Andorra,1962,55.3191489361702
Arab World,1962,27.8385798665314
United Arab Emirates,1962,2.92875246409462
Argentina,1962,49.8536553281519
Armenia,1962,
American Samoa,1962,9.65
Antigua and Barbuda,1962,20.4545454545455
Australia,1962,62.0377922627338
Austria,1962,42.7896267571498
Azerbaijan,1962,
Burundi,1962,61.9158878504673
Belgium,1962,
Benin,1962,12.7274742816602
Burkina Faso,1962,32.9495614035088
Bangladesh,1962,72.8047937312745
Bulgaria,1962,51.387507909247
Bahrain,1962,14.4927536231884
"Bahamas, The",1962,0.999000999000999
Bosnia and Herzegovina,1962,
Belarus,1962,
Belize,1962,3.46339324857519
Bermuda,1962,5.55555555555556
Bolivia,1962,27.6396196806056
Brazil,1962,19.2226978729717
Barbados,1962,44.1860465116279
Brunei Darussalam,1962,3.98481973434535
Bhutan,1962,7.76919290285299
Botswana,1962,45.8772254865633
Central African Republic,1962,7.62143246974221
Canada,1962,6.94655901061726
Central Europe and the Baltics,1962,64.6253797743056
Switzerland,1962,43.8524590163934
Channel Islands,1962,45.4545454545455
Chile,1962,18.2318985598468
China,1962,36.7587143503848
Cote d'Ivoire,1962,49.8607610062893
Cameroon,1962,16.0140466670898
"Congo, Dem. Rep.",1962,11.0584239430096
"Congo, Rep.",1962,30.8882869692533
Colombia,1962,36.9283461018477
Comoros,1962,51.0478237506717
Cabo Verde,1962,16.1290322580645
Costa Rica,1962,27.614571092832
Caribbean small states,1962,4.27125629467613
Cuba,1962,35.4283054003724
Curacao,1962,
Cayman Islands,1962,11.25
Cyprus,1962,43.5064935064935
Czechia,1962,
Germany,1962,55.5466445163693
Djibouti,1962,56.1259706643658
Dominica,1962,24.0
Denmark,1962,78.525
Dominican Republic,1962,45.6427240736908
Algeria,1962,18.8517638365229
East Asia & Pacific (excluding high income),1962,35.5135978415232
Early-demographic dividend,1962,35.0274092479284
East Asia & Pacific,1962,43.6855753579135
Europe & Central Asia (excluding high income),1962,47.5264419156117
Europe & Central Asia,1962,46.0371447338351
Ecuador,1962,17.0134373645427
"Egypt, Arab Rep.",1962,2.51644984680295
Euro area,1962,55.6541762195899
Eritrea,1962,
Spain,1962,66.4932570330946
Estonia,1962,
Ethiopia,1962,
European Union,1962,52.7272086958915
Finland,1962,9.14376703109097
Fiji,1962,12.4247400109469
France,1962,63.9020317283607
Faroe Islands,1962,69.1489971346705
"Micronesia, Fed. Sts.",1962,
Gabon,1962,6.56801335040944
United Kingdom,1962,81.7550531145373
Georgia,1962,
Ghana,1962,51.4195306319768
Gibraltar,1962,
Guinea,1962,56.3771772749471
"Gambia, The",1962,51.8774703557312
Guinea-Bissau,1962,17.4135846372688
Equatorial Guinea,1962,5.16399286987522
Greece,1962,69.0612878200155
Grenada,1962,64.7058823529412
Greenland,1962,0.687737781679836
Guatemala,1962,24.8040313549832
Guam,1962,29.6296296296296
Guyana,1962,6.90864724721671
High income,1962,38.2579972773054
"Hong Kong SAR, China",1962,13.7254901960784
Honduras,1962,26.7226740548753
Heavily indebted poor countries (HIPC),1962,31.8389995706172
Croatia,1962,
Haiti,1962,60.4136429608128
Hungary,1962,77.8938013774717
IBRD only,1962,34.6521959399881
IDA & IBRD total,1962,34.2200266893276
IDA total,1962,33.1805670897674
IDA blend,1962,36.2905314822824
Indonesia,1962,17.341868710566
IDA only,1962,32.3299260727759
Isle of Man,1962,57.0175438596491
India,1962,59.357794153754
Not classified,1962,
Ireland,1962,66.9719843228335
"Iran, Islamic Rep.",1962,36.4019253910951
Iraq,1962,20.2460159590278
Iceland,1962,21.1471321695761
Israel,1962,23.3364140480592
Italy,1962,70.2186256842678
Jamaica,1962,49.3998153277932
Jordan,1962,12.3073436083409
Japan,1962,19.4164166893919
Kazakhstan,1962,
Kenya,1962,43.9878973539024
Kyrgyz Republic,1962,
Cambodia,1962,20.0147292091548
Kiribati,1962,48.1481481481481
St. Kitts and Nevis,1962,57.1428571428571
"Korea, Rep.",1962,21.5737093095584
Kuwait,1962,7.57575757575758
Latin America & Caribbean (excluding high income),1962,28.5346004256646
Lao PDR,1962,6.7157712305026
Lebanon,1962,55.7184750733138
Liberia,1962,11.8849667774086
Libya,1962,6.46930447730657
St. Lucia,1962,27.8688524590164
Latin America & Caribbean,1962,28.4754539466163
Least developed countries: UN classification,1962,32.277706932896
Low income,1962,33.0585558454852
Liechtenstein,1962,56.25
Sri Lanka,1962,27.220538988997
Lower middle income,1962,37.0910200252559
Low & middle income,1962,34.0514555742106
Lesotho,1962,84.8484848484848
Late-demographic dividend,1962,33.3048312236393
Lithuania,1962,
Luxembourg,1962,
Latvia,1962,
"Macao SAR, China",1962,
St. Martin (French part),1962,
Morocco,1962,52.8296814087915
Monaco,1962,
Moldova,1962,
Madagascar,1962,60.4773532345152
Maldives,1962,16.6666666666667
"Middle East, North Africa, Afghanistan & Pakistan",1962,28.6736583136881
Mexico,1962,50.5048998173821
Marshall Islands,1962,
Middle income,1962,34.2382788841867
North Macedonia,1962,
Mali,1962,25.9820191937321
Malta,1962,53.125
Myanmar,1962,16.0204425130826
"Middle East, North Africa, Afghanistan & Pakistan (excluding high income)",1962,27.272329938443
Montenegro,1962,
Mongolia,1962,90.9134534257383
Northern Mariana Islands,1962,
Mozambique,1962,43.5412904702561
Mauritania,1962,38.3448142039391
Mauritius,1962,49.2610837438424
Malawi,1962,35.0021213406873
Malaysia,1962,9.59047329173642
North America,1962,27.9328199391281
Namibia,1962,46.9360735585274
New Caledonia,1962,14.2778993435449
Niger,1962,24.8677666377201
Nigeria,1962,59.6451354348518
Nicaragua,1962,28.5025760345687
Netherlands,1962,67.7517772511848
Norway,1962,2.82277053148033
Nepal,1962,24.8461538461538
Nauru,1962,15.0
New Zealand,1962,50.3133189016748
OECD members,1962,39.5259865139725
Oman,1962,3.34410339256866
Other small states,1962,27.5099887984335
Pakistan,1962,46.4923204649232
Panama,1962,21.9800914716169
Peru,1962,13.459375
Philippines,1962,26.1248575068732
Palau,1962,
Papua New Guinea,1962,1.14163317581593
Poland,1962,66.1529922622351
Pre-demographic dividend,1962,33.8914247991652
Puerto Rico (US),1962,67.7564825253664
"Korea, Dem. People's Rep.",1962,18.485175649863
Portugal,1962,42.4153005464481
Paraguay,1962,26.4384596023156
West Bank and Gaza,1962,79.5681063122924
Pacific island small states,1962,8.16576519249125
Post-demographic dividend,1962,39.0214131659436
French Polynesia,1962,12.0218579234973
Qatar,1962,4.39276485788114
Romania,1962,63.7666058869497
Russian Federation,1962,
Rwanda,1962,53.7089582488853
South Asia,1962,57.0863203135312
Saudi Arabia,1962,40.0941531104485
Sudan,1962,
Senegal,1962,44.9124811717654
Singapore,1962,20.8955223880597
Solomon Islands,1962,1.96498749553412
Sierra Leone,1962,36.2565807702965
El Salvador,1962,60.0479616306954
San Marino,1962,16.6666666666667
"Somalia, Fed. Rep.",1962,69.9939426786113
Serbia,1962,
Sub-Saharan Africa (excluding high income),1962,37.064089535777
South Sudan,1962,
Sub-Saharan Africa,1962,37.0634912850983
Small states,1962,12.2851374397662
Sao Tome and Principe,1962,36.4583333333333
Suriname,1962,0.261669836090638
Slovak Republic,1962,
Slovenia,1962,
Sweden,1962,10.2420657745857
Eswatini,1962,85.9302325581395
Sint Maarten (Dutch part),1962,
Seychelles,1962,10.8695652173913
Syrian Arab Republic,1962,81.4560888018283
Turks and Caicos Islands,1962,1.05263157894737
Chad,1962,38.015873015873
East Asia & Pacific (IDA & IBRD countries),1962,35.6433279503925
Europe & Central Asia (IDA & IBRD countries),1962,54.3623510513817
Togo,1962,56.4441993013422
Thailand,1962,23.4492747949656
Tajikistan,1962,
Turkmenistan,1962,
Latin America & the Caribbean (IDA & IBRD countries),1962,28.4358206463772
Timor-Leste,1962,15.46738399462
"Middle East, North Africa, Afghanistan & Pakistan (IDA & IBRD)",1962,27.2410389749798
Tonga,1962,38.8888888888889
South Asia (IDA & IBRD),1962,57.0863203135312
Sub-Saharan Africa (IDA & IBRD countries),1962,37.0634912850983
Trinidad and Tobago,1962,18.9083820662768
Tunisia,1962,55.6513903192585
Turkiye,1962,47.6176864207476
Tuvalu,1962,66.6666666666667
Tanzania,1962,29.3519981937232
Uganda,1962,45.6133326660327
Ukraine,1962,
Upper middle income,1962,32.9482367949221
Uruguay,1962,92.8408181922066
United States,1962,48.4761370286583
Uzbekistan,1962,
St. Vincent and the Grenadines,1962,25.6410256410256
"Venezuela, RB",1962,21.8831132021994
British Virgin Islands,1962,40.0
Virgin Islands (U.S.),1962,34.2857142857143
Viet Nam,1962,19.3462164736244
Vanuatu,1962,8.61361771944217
World,1962,35.4692722210638
Samoa,1962,20.1413427561837
Kosovo,1962,
"Yemen, Rep.",1962,44.2222095952421
South Africa,1962,82.5454005885796
Zambia,1962,26.0428577193667
Zimbabwe,1962,26.0274090732842
Aruba,1963,11.1111111111111
Africa Eastern and Southern,1963,40.4455406683479
Afghanistan,1963,58.0316759425356
Africa Western and Central,1963,32.993102918451
Angola,1963,36.241276971204
Albania,1963,45.0
Andorra,1963,55.3191489361702
Arab World,1963,27.8592287928629
United Arab Emirates,1963,2.92875246409462
Argentina,1963,49.2839890524685
Armenia,1963,
American Samoa,1963,9.65
Antigua and Barbuda,1963,20.4545454545455
Australia,1963,62.3992265597542
Austria,1963,42.2903538536112
Azerbaijan,1963,
Burundi,1963,62.4610591900312
Belgium,1963,
Benin,1963,12.9097641007449
Burkina Faso,1963,32.9495614035088
Bangladesh,1963,72.827840516248
Bulgaria,1963,51.4598210250384
Bahrain,1963,14.4927536231884
"Bahamas, The",1963,0.999000999000999
Bosnia and Herzegovina,1963,
Belarus,1963,
Belize,1963,3.50723366944323
Bermuda,1963,5.55555555555556
Bolivia,1963,27.5150004615527
Brazil,1963,19.6662176034381
Barbados,1963,44.1860465116279
Brunei Darussalam,1963,3.98481973434535
Bhutan,1963,7.76919290285299
Botswana,1963,45.8772254865633
Central African Republic,1963,7.63427397348229
Canada,1963,6.9953009227502
Central Europe and the Baltics,1963,64.5404115070054
Switzerland,1963,43.4932199959522
Channel Islands,1963,45.4545454545455
Chile,1963,18.4605370044598
China,1963,37.0622853034378
Cote d'Ivoire,1963,50.0469496855346
Cameroon,1963,16.1198197626452
"Congo, Dem. Rep.",1963,11.071656999184
"Congo, Rep.",1963,30.8944363103953
Colombia,1963,37.3979269941415
Comoros,1963,51.0478237506717
Cabo Verde,1963,16.1290322580645
Costa Rica,1963,27.8104191147669
Caribbean small states,1963,4.27878494854454
Cuba,1963,37.5977653631285
Curacao,1963,
Cayman Islands,1963,11.25
Cyprus,1963,43.8311688311688
Czechia,1963,
Germany,1963,55.5724228797296
Djibouti,1963,56.1259706643658
Dominica,1963,24.0
Denmark,1963,77.2
Dominican Republic,1963,45.9532187952805
Algeria,1963,18.6880180036444
East Asia & Pacific (excluding high income),1963,35.7499778846807
Early-demographic dividend,1963,34.9860040964551
East Asia & Pacific,1963,43.952107727404
Europe & Central Asia (excluding high income),1963,48.4335595899778
Europe & Central Asia,1963,46.0652822119691
Ecuador,1963,17.0495593122381
"Egypt, Arab Rep.",1963,2.50138128484605
Euro area,1963,55.5721802955038
Eritrea,1963,
Spain,1963,66.3031733962944
Estonia,1963,
Ethiopia,1963,
European Union,1963,52.5820662335262
Finland,1963,9.21402541120851
Fiji,1963,12.4794745484401
France,1963,63.7424621950088
Faroe Islands,1963,69.1489971346705
"Micronesia, Fed. Sts.",1963,
Gabon,1963,6.62622734505375
United Kingdom,1963,81.6227834497582
Georgia,1963,
Ghana,1963,51.4195306319768
Gibraltar,1963,
Guinea,1963,56.336480546964
"Gambia, The",1963,51.9762845849802
Guinea-Bissau,1963,17.4135846372688
Equatorial Guinea,1963,5.12834224598931
Greece,1963,69.9844840961986
Grenada,1963,64.7058823529412
Greenland,1963,0.687737781679836
Guatemala,1963,24.9160134378499
Guam,1963,31.4814814814815
Guyana,1963,6.90864724721671
High income,1963,38.2632857154525
"Hong Kong SAR, China",1963,13.7254901960784
Honduras,1963,26.7673608007865
Heavily indebted poor countries (HIPC),1963,31.9335426121429
Croatia,1963,
Haiti,1963,60.5950653120465
Hungary,1963,77.5741419526824
IBRD only,1963,34.7807484457523
IDA & IBRD total,1963,34.345080123485
IDA total,1963,33.2972045073626
IDA blend,1963,36.3826041860988
Indonesia,1963,17.4619255121248
IDA only,1963,32.4532824589745
Isle of Man,1963,56.4912280701754
India,1963,59.2474749343298
Not classified,1963,
Ireland,1963,67.0184351865292
"Iran, Islamic Rep.",1963,36.4387632309241
Iraq,1963,20.3717676109473
Iceland,1963,21.1471321695761
Israel,1963,24.1219963031423
Italy,1963,69.7358131311414
Jamaica,1963,49.3998153277932
Jordan,1963,12.318676337262
Japan,1963,19.1437142077993
Kazakhstan,1963,
Kenya,1963,44.0023946656359
Kyrgyz Republic,1963,
Cambodia,1963,20.0657149331521
Kiribati,1963,53.0864197530864
St. Kitts and Nevis,1963,57.1428571428571
"Korea, Rep.",1963,21.7706821480406
Kuwait,1963,7.57575757575758
Latin America & Caribbean (excluding high income),1963,28.718245076257
Lao PDR,1963,6.49913344887348
Lebanon,1963,55.7184750733138
Liberia,1963,11.8849667774086
Libya,1963,6.58410720983894
St. Lucia,1963,29.5081967213115
Latin America & Caribbean,1963,28.65193467659
Least developed countries: UN classification,1963,32.3705166714118
Low income,1963,33.0989804731592
Liechtenstein,1963,56.25
Sri Lanka,1963,32.8496252591293
Lower middle income,1963,37.1728332904596
Low & middle income,1963,34.1821827635085
Lesotho,1963,84.8484848484848
Late-demographic dividend,1963,33.6422747419206
Lithuania,1963,
Luxembourg,1963,
Latvia,1963,
"Macao SAR, China",1963,
St. Martin (French part),1963,
Morocco,1963,53.4346014249227
Monaco,1963,
Moldova,1963,
Madagascar,1963,60.5203425387763
Maldives,1963,16.6666666666667
"Middle East, North Africa, Afghanistan & Pakistan",1963,28.7046479748415
Mexico,1963,50.468890660768
Marshall Islands,1963,
Middle income,1963,34.3859973395449
North Macedonia,1963,
Mali,1963,25.986116916218
Malta,1963,50.0
Myanmar,1963,16.0770572573982
"Middle East, North Africa, Afghanistan & Pakistan (excluding high income)",1963,27.3074940226024
Montenegro,1963,
Mongolia,1963,90.9134534257383
Northern Mariana Islands,1963,
Mozambique,1963,43.5540069686411
Mauritania,1963,38.3457844183565
Mauritius,1963,49.2610837438424
Malawi,1963,35.5324565125159
Malaysia,1963,9.97068939278649
North America,1963,27.8163484289091
Namibia,1963,46.9360735585274
New Caledonia,1963,14.2778993435449
Niger,1963,24.8677666377201
Nigeria,1963,59.8076352976053
Nicaragua,1963,28.8183480139604
Netherlands,1963,67.4437203791469
Norway,1963,2.81455684419183
Nepal,1963,24.9160839160839
Nauru,1963,15.0
New Zealand,1963,50.4652310964263
OECD members,1963,39.5652138438227
Oman,1963,3.34410339256866
Other small states,1963,27.5011686673664
Pakistan,1963,46.5442092154421
Panama,1963,22.1146085552865
Peru,1963,13.85
Philippines,1963,26.3930798632066
Palau,1963,
Papua New Guinea,1963,1.15046592765976
Poland,1963,65.8983316464788
Pre-demographic dividend,1963,33.9944792657826
Puerto Rico (US),1963,68.2074408117249
"Korea, Dem. People's Rep.",1963,18.487667137281
Portugal,1963,42.4808743169399
Paraguay,1963,26.6901585703499
West Bank and Gaza,1963,79.5681063122924
Pacific island small states,1963,8.26121539930003
Post-demographic dividend,1963,39.0320820369836
French Polynesia,1963,12.0218579234973
Qatar,1963,4.39276485788114
Romania,1963,63.922896587653
Russian Federation,1963,
Rwanda,1963,54.1143088771788
South Asia,1963,57.0976430033375
Saudi Arabia,1963,40.1043871441929
Sudan,1963,
Senegal,1963,45.4318807458578
Singapore,1963,19.4029850746269
Solomon Islands,1963,1.96498749553412
Sierra Leone,1963,36.3535605430867
El Salvador,1963,60.0431654676259
San Marino,1963,16.6666666666667
"Somalia, Fed. Rep.",1963,70.0019128383333
Serbia,1963,
Sub-Saharan Africa (excluding high income),1963,37.0988165921088
South Sudan,1963,
Sub-Saharan Africa,1963,37.0982175483068
Small states,1963,12.295310503786
Sao Tome and Principe,1963,36.4583333333333
Suriname,1963,0.255439601898003
Slovak Republic,1963,
Slovenia,1963,
Sweden,1963,9.77316966649703
Eswatini,1963,85.6976744186046
Sint Maarten (Dutch part),1963,
Seychelles,1963,10.8695652173913
Syrian Arab Republic,1963,81.8424202851235
Turks and Caicos Islands,1963,1.05263157894737
Chad,1963,38.015873015873
East Asia & Pacific (IDA & IBRD countries),1963,35.8814899182323
Europe & Central Asia (IDA & IBRD countries),1963,54.8394020591432
Togo,1963,56.4441993013422
Thailand,1963,24.3888116815753
Tajikistan,1963,
Turkmenistan,1963,
Latin America & the Caribbean (IDA & IBRD countries),1963,28.6014535000557
Timor-Leste,1963,15.46738399462
"Middle East, North Africa, Afghanistan & Pakistan (IDA & IBRD)",1963,27.2762240994248
Tonga,1963,40.2777777777778
South Asia (IDA & IBRD),1963,57.0976430033375
Sub-Saharan Africa (IDA & IBRD countries),1963,37.0982175483068
Trinidad and Tobago,1963,19.1033138401559
Tunisia,1963,55.6385169927909
Turkiye,1963,48.5557995400387
Tuvalu,1963,66.6666666666667
Tanzania,1963,30.4809212011741
Uganda,1963,46.3340173164506
Ukraine,1963,
Upper middle income,1963,33.1257583291423
Uruguay,1963,92.2237458576163
United States,1963,48.1979395040485
Uzbekistan,1963,
St. Vincent and the Grenadines,1963,28.2051282051282
"Venezuela, RB",1963,21.9624737826654
British Virgin Islands,1963,40.0
Virgin Islands (U.S.),1963,40.0
Viet Nam,1963,19.3615779286614
Vanuatu,1963,8.61361771944217
World,1963,35.5577204862379
Samoa,1963,20.1413427561837
Kosovo,1963,
"Yemen, Rep.",1963,44.2449381593651
South Africa,1963,81.6056516828924
Zambia,1963,26.1020460323652
Zimbabwe,1963,26.2867196587825
Aruba,1964,11.1111111111111
Africa Eastern and Southern,1964,40.4138108402359
Afghanistan,1964,58.1160020238259
Africa Western and Central,1964,33.0307791452682
Angola,1964,36.2476939119275
Albania,1964,44.8905109489051
Andorra,1964,55.3191489361702
Arab World,1964,27.8634119805249
United Arab Emirates,1964,2.92875246409462
Argentina,1964,48.7073800832392
Armenia,1964,
American Samoa,1964,9.65
Antigua and Barbuda,1964,20.4545454545455
Australia,1964,62.7291058146649
Austria,1964,42.1291808046534
Azerbaijan,1964,
Burundi,1964,62.5
Belgium,1964,
Benin,1964,13.069927279177
Burkina Faso,1964,32.9678362573099
Bangladesh,1964,73.1351309825613
Bulgaria,1964,52.1739130434783
Bahrain,1964,14.4927536231884
"Bahamas, The",1964,0.999000999000999
Bosnia and Herzegovina,1964,
Belarus,1964,
Belize,1964,3.50723366944323
Bermuda,1964,7.40740740740741
Bolivia,1964,27.5805409397212
Brazil,1964,20.1097373339044
Barbados,1964,44.1860465116279
Brunei Darussalam,1964,4.55407969639469
Bhutan,1964,7.81199837339212
Botswana,1964,45.8772254865633
Central African Republic,1964,7.65674660502745
Canada,1964,7.04404283488315
Central Europe and the Baltics,1964,64.5919516065591
Switzerland,1964,43.270592997369
Channel Islands,1964,45.4545454545455
Chile,1964,18.6918653131271
China,1964,37.3658562564908
Cote d'Ivoire,1964,50.3100974842767
Cameroon,1964,16.2467474773117
"Congo, Dem. Rep.",1964,11.0848900553583
"Congo, Rep.",1964,30.8800878477306
Colombia,1964,37.8503830554304
Comoros,1964,51.0478237506717
Cabo Verde,1964,16.1290322580645
Costa Rica,1964,29.0834312573443
Caribbean small states,1964,4.29133270499188
Cuba,1964,44.2737430167598
Curacao,1964,
Cayman Islands,1964,11.25
Cyprus,1964,43.6147186147186
Czechia,1964,
Germany,1964,55.7328215850829
Djibouti,1964,56.1259706643658
Dominica,1964,24.0
Denmark,1964,76.7
Dominican Republic,1964,46.2637135168702
Algeria,1964,18.5427460596035
East Asia & Pacific (excluding high income),1964,35.9814664576945
Early-demographic dividend,1964,34.9499531046134
East Asia & Pacific,1964,44.2126023069829
Europe & Central Asia (excluding high income),1964,48.3319322986588
Europe & Central Asia,1964,45.9226582447896
Ecuador,1964,17.0495593122381
"Egypt, Arab Rep.",1964,2.51745441760008
Euro area,1964,55.3573987390141
Eritrea,1964,
Spain,1964,65.5348353275441
Estonia,1964,
Ethiopia,1964,
European Union,1964,52.4040006806978
Finland,1964,9.27673265701435
Fiji,1964,12.4794745484401
France,1964,63.2878745709249
Faroe Islands,1964,69.1489971346705
"Micronesia, Fed. Sts.",1964,
Gabon,1964,6.68444133969806
United Kingdom,1964,81.440912660687
Georgia,1964,
Ghana,1964,51.4195306319768
Gibraltar,1964,
Guinea,1964,56.3242715285691
"Gambia, The",1964,52.0750988142292
Guinea-Bissau,1964,17.4135846372688
Equatorial Guinea,1964,5.05704099821747
Greece,1964,69.7517455391777
Grenada,1964,64.7058823529412
Greenland,1964,0.687737781679836
Guatemala,1964,25.0279955207167
Guam,1964,31.4814814814815
Guyana,1964,6.90864724721671
High income,1964,38.2682259055998
"Hong Kong SAR, China",1964,12.7450980392157
Honduras,1964,26.8120475466976
Heavily indebted poor countries (HIPC),1964,32.0033252132123
Croatia,1964,
Haiti,1964,60.7764876632801
Hungary,1964,77.5186049094746
IBRD only,1964,34.9035663268292
IDA & IBRD total,1964,34.4575091097629
IDA total,1964,33.3846459768027
IDA blend,1964,36.5786273409956
Indonesia,1964,17.5257805660284
IDA only,1964,32.5110245416416
Isle of Man,1964,55.7894736842105
India,1964,59.4351521429845
Not classified,1964,
Ireland,1964,67.6382638989694
"Iran, Islamic Rep.",1964,36.4756010707532
Iraq,1964,20.2688798957405
Iceland,1964,21.1471321695761
Israel,1964,24.2606284658041
Italy,1964,69.5726088878311
Jamaica,1964,49.2151431209603
Jordan,1964,12.3640072529465
Japan,1964,19.1709844559585
Kazakhstan,1964,
Kenya,1964,44.0168919773694
Kyrgyz Republic,1964,
Cambodia,1964,20.3659641966916
Kiribati,1964,53.0864197530864
St. Kitts and Nevis,1964,57.1428571428571
"Korea, Rep.",1964,22.7140783744557
Kuwait,1964,7.57575757575758
Latin America & Caribbean (excluding high income),1964,28.9105033037903
Lao PDR,1964,6.28249566724437
Lebanon,1964,56.6959921798632
Liberia,1964,11.8538205980066
Libya,1964,6.70231992452573
St. Lucia,1964,29.5081967213115
Latin America & Caribbean,1964,28.8403205956642
Least developed countries: UN classification,1964,32.4347593092553
Low income,1964,33.1582967366915
Liechtenstein,1964,56.25
Sri Lanka,1964,33.5353213203636
Lower middle income,1964,37.2943751334397
Low & middle income,1964,34.304406632217
Lesotho,1964,84.9143610013175
Late-demographic dividend,1964,33.9618892011901
Lithuania,1964,
Luxembourg,1964,
Latvia,1964,
"Macao SAR, China",1964,
St. Martin (French part),1964,
Morocco,1964,54.017116996012
Monaco,1964,
Moldova,1964,
Madagascar,1964,60.5633318430374
Maldives,1964,16.6666666666667
"Middle East, North Africa, Afghanistan & Pakistan",1964,28.7547690084415
Mexico,1964,50.4380256693845
Marshall Islands,1964,
Middle income,1964,34.5200578587043
North Macedonia,1964,
Mali,1964,25.9902146387038
Malta,1964,46.875
Myanmar,1964,16.2499617467944
"Middle East, North Africa, Afghanistan & Pakistan (excluding high income)",1964,27.3672928323875
Montenegro,1964,
Mongolia,1964,90.9121609674679
Northern Mariana Islands,1964,
Mozambique,1964,43.5641801673491
Mauritania,1964,38.3457844183565
Mauritius,1964,49.2610837438424
Malawi,1964,36.0627916843445
Malaysia,1964,10.1598539035154
North America,1964,27.7063377495034
Namibia,1964,46.940932113836
New Caledonia,1964,14.3326039387309
Niger,1964,24.8677666377201
Nigeria,1964,59.9690371883132
Nicaragua,1964,28.9845437925877
Netherlands,1964,66.8779620853081
Norway,1964,2.78991578232634
Nepal,1964,24.8461538461538
Nauru,1964,15.0
New Zealand,1964,50.5715696327523
OECD members,1964,39.5788342764793
Oman,1964,3.34733441033926
Other small states,1964,27.5232189950343
Pakistan,1964,47.1603881278539
Panama,1964,22.1684153887544
Peru,1964,13.86484375
Philippines,1964,27.3318581103735
Palau,1964,
Papua New Guinea,1964,1.21450337852758
Poland,1964,65.7220281432629
Pre-demographic dividend,1964,34.0589813360982
Puerto Rico (US),1964,65.9526493799324
"Korea, Dem. People's Rep.",1964,18.487667137281
Portugal,1964,42.5464480874317
Paraguay,1964,26.9770953939089
West Bank and Gaza,1964,79.5681063122924
Pacific island small states,1964,8.26121539930003
Post-demographic dividend,1964,39.0545571443903
French Polynesia,1964,12.0218579234973
Qatar,1964,4.39276485788114
Romania,1964,64.0010419380047
Russian Federation,1964,
Rwanda,1964,54.5196595054722
South Asia,1964,57.2862551782683
Saudi Arabia,1964,40.1178774614014
Sudan,1964,
Senegal,1964,45.4318807458578
Singapore,1964,19.4029850746269
Solomon Islands,1964,1.96498749553412
Sierra Leone,1964,36.4228318093655
El Salvador,1964,59.6546762589928
San Marino,1964,16.6666666666667
"Somalia, Fed. Rep.",1964,70.0098829980553
Serbia,1964,
Sub-Saharan Africa (excluding high income),1964,37.0982610462351
South Sudan,1964,
Sub-Saharan Africa,1964,37.0976620151212
Small states,1964,12.3098434523856
Sao Tome and Principe,1964,36.4583333333333
Suriname,1964,0.286590772861175
Slovak Republic,1964,
Slovenia,1964,
Sweden,1964,9.6798814355684
Eswatini,1964,85.8720930232558
Sint Maarten (Dutch part),1964,
Seychelles,1964,10.8695652173913
Syrian Arab Republic,1964,80.8248993361628
Turks and Caicos Islands,1964,1.05263157894737
Chad,1964,38.015873015873
East Asia & Pacific (IDA & IBRD countries),1964,36.1147421343222
Europe & Central Asia (IDA & IBRD countries),1964,54.8130915536354
Togo,1964,56.4441993013422
Thailand,1964,24.8390064397424
Tajikistan,1964,
Turkmenistan,1964,
Latin America & the Caribbean (IDA & IBRD countries),1964,28.7560070654196
Timor-Leste,1964,15.46738399462
"Middle East, North Africa, Afghanistan & Pakistan (IDA & IBRD)",1964,27.3360586895827
Tonga,1964,40.2777777777778
South Asia (IDA & IBRD),1964,57.2862551782683
Sub-Saharan Africa (IDA & IBRD countries),1964,37.0976620151212
Trinidad and Tobago,1964,19.1033138401559
Tunisia,1964,56.1663233779609
Turkiye,1964,48.4544521393397
Tuvalu,1964,66.6666666666667
Tanzania,1964,30.4809212011741
Uganda,1964,49.4119413442771
Ukraine,1964,
Upper middle income,1964,33.2654799364884
Uruguay,1964,91.898068792138
United States,1964,47.9325163555688
Uzbekistan,1964,
St. Vincent and the Grenadines,1964,28.2051282051282
"Venezuela, RB",1964,22.0441018082875
British Virgin Islands,1964,40.0
Virgin Islands (U.S.),1964,45.7142857142857
Viet Nam,1964,19.3769393836984
Vanuatu,1964,8.61361771944217
World,1964,35.6404138343933
Samoa,1964,20.1413427561837
Kosovo,1964,
"Yemen, Rep.",1964,44.2638786294676
South Africa,1964,80.5793469569447
Zambia,1964,26.1760314236134
Zimbabwe,1964,26.4643567274137
Aruba,1965,11.1111111111111
Africa Eastern and Southern,1965,40.3505782221657
Afghanistan,1965,58.123668031216
Africa Western and Central,1965,33.0779055731558
Angola,1965,36.2452875591562
Albania,1965,45.1459854014599
Andorra,1965,55.3191489361702
Arab World,1965,27.8841499108491
United Arab Emirates,1965,2.94283300478738
Argentina,1965,48.1530608143414
Armenia,1965,
American Samoa,1965,9.65
Antigua and Barbuda,1965,20.4545454545455
Australia,1965,63.2960429819195
Austria,1965,41.9801260300533
Azerbaijan,1965,
Burundi,1965,63.2398753894081
Belgium,1965,
Benin,1965,13.265031926215
Burkina Faso,1965,32.9678362573099
Bangladesh,1965,74.0339555965276
Bulgaria,1965,52.3637349724306
Bahrain,1965,14.4927536231884
"Bahamas, The",1965,0.999000999000999
Bosnia and Herzegovina,1965,
Belarus,1965,
Belize,1965,3.50723366944323
Bermuda,1965,7.40740740740741
Bolivia,1965,27.614695836795
Brazil,1965,20.5532570643708
Barbados,1965,44.1860465116279
Brunei Darussalam,1965,4.55407969639469
Bhutan,1965,7.83340110866169
Botswana,1965,45.8789899952358
Central African Republic,1965,7.67279848470256
Canada,1965,7.09278474701609
Central Europe and the Baltics,1965,64.4029405381944
Switzerland,1965,43.0479659987857
Channel Islands,1965,45.4545454545455
Chile,1965,18.9218486897672
China,1965,37.7706175272282
Cote d'Ivoire,1965,50.4925911949685
Cameroon,1965,16.3736751919782
"Congo, Dem. Rep.",1965,11.0937120928078
"Congo, Rep.",1965,30.8736456808199
Colombia,1965,38.7634069400631
Comoros,1965,51.0478237506717
Cabo Verde,1965,16.1290322580645
Costa Rica,1965,30.4543674108891
Caribbean small states,1965,4.29384225628135
Cuba,1965,42.3463687150838
Curacao,1965,
Cayman Islands,1965,11.25
Cyprus,1965,43.5064935064935
Czechia,1965,
Germany,1965,55.9505055423481
Djibouti,1965,56.1259706643658
Dominica,1965,24.0
Denmark,1965,75.825
Dominican Republic,1965,46.5742082384599
Algeria,1965,18.5440056429333
East Asia & Pacific (excluding high income),1965,36.2607497486871
Early-demographic dividend,1965,34.9292750898907
East Asia & Pacific,1965,44.5733988535614
Europe & Central Asia (excluding high income),1965,48.3457335357515
Europe & Central Asia,1965,45.7816705472768
Ecuador,1965,17.0856812599335
"Egypt, Arab Rep.",1965,2.68421316992315
Euro area,1965,55.2142243026366
Eritrea,1965,
Spain,1965,65.4167833846893
Estonia,1965,
Ethiopia,1965,
European Union,1965,52.2229856501239
Finland,1965,9.3289339768213
Fiji,1965,12.2058018609743
France,1965,63.08748492439
Faroe Islands,1965,69.1489971346705
"Micronesia, Fed. Sts.",1965,
Gabon,1965,6.74265533434238
United Kingdom,1965,80.9531682718142
Georgia,1965,
Ghana,1965,51.4195306319768
Gibraltar,1965,
Guinea,1965,56.3303760377666
"Gambia, The",1965,52.1739130434783
Guinea-Bissau,1965,17.4135846372688
Equatorial Guinea,1965,5.02139037433155
Greece,1965,67.3235065942591
Grenada,1965,64.7058823529412
Greenland,1965,0.687737781679836
Guatemala,1965,25.1399776035834
Guam,1965,31.4814814814815
Guyana,1965,6.90864724721671
High income,1965,38.2979554237185
"Hong Kong SAR, China",1965,12.7450980392157
Honduras,1965,26.8567342926088
Heavily indebted poor countries (HIPC),1965,32.0458600376694
Croatia,1965,
Haiti,1965,60.9579100145138
Hungary,1965,77.2383914685625
IBRD only,1965,35.0647860333174
IDA & IBRD total,1965,34.591281508144
IDA total,1965,33.4524017211753
IDA blend,1965,36.8549959962802
Indonesia,1965,17.6613034550142
IDA only,1965,32.5217202440655
Isle of Man,1965,56.140350877193
India,1965,59.5915498168634
Not classified,1965,
Ireland,1965,68.3379300333866
"Iran, Islamic Rep.",1965,36.5124389105823
Iraq,1965,20.3946315476599
Iceland,1965,21.1471321695761
Israel,1965,23.7523105360444
Italy,1965,69.4978069429805
Jamaica,1965,46.814404432133
Jordan,1965,12.3753399818676
Japan,1965,19.1000818107445
Kazakhstan,1965,
Kenya,1965,44.0313891133992
Kyrgyz Republic,1965,
Cambodia,1965,20.5472467709041
Kiribati,1965,53.0864197530864
St. Kitts and Nevis,1965,57.1428571428571
"Korea, Rep.",1965,23.6160066348746
Kuwait,1965,7.57575757575758
Latin America & Caribbean (excluding high income),1965,29.0839924408291
Lao PDR,1965,6.28249566724437
Lebanon,1965,58.2600195503421
Liberia,1965,11.8538205980066
Libya,1965,6.81712265705809
St. Lucia,1965,29.5081967213115
Latin America & Caribbean,1965,29.0110230748612
Least developed countries: UN classification,1965,32.4722370912521
Low income,1965,33.1374583575153
Liechtenstein,1965,56.25
Sri Lanka,1965,34.3804815818849
Lower middle income,1965,37.4402153281354
Low & middle income,1965,34.438035531208
Lesotho,1965,84.9143610013175
Late-demographic dividend,1965,34.3397426852853
Lithuania,1965,
Luxembourg,1965,
Latvia,1965,
"Macao SAR, China",1965,
St. Martin (French part),1965,
Morocco,1965,54.7116547923108
Monaco,1965,
Moldova,1965,
Madagascar,1965,60.6063211472985
Maldives,1965,16.6666666666667
"Middle East, North Africa, Afghanistan & Pakistan",1965,28.8465521630309
Mexico,1965,50.4020165127704
Marshall Islands,1965,
Middle income,1965,34.6827512113912
North Macedonia,1965,
Mali,1965,25.9943123611897
Malta,1965,43.75
Myanmar,1965,16.1933470024788
"Middle East, North Africa, Afghanistan & Pakistan (excluding high income)",1965,27.481625772691
Montenegro,1965,
Mongolia,1965,90.9134534257383
Northern Mariana Islands,1965,
Mozambique,1965,43.5768966657341
Mauritania,1965,38.3457844183565
Mauritius,1965,49.7536945812808
Malawi,1965,38.2159524819686
Malaysia,1965,10.6447724851621
North America,1965,27.5572586303127
Namibia,1965,46.940932113836
New Caledonia,1965,14.3326039387309
Niger,1965,24.8677666377201
Nigeria,1965,60.130439079021
Nicaragua,1965,29.2338374605285
Netherlands,1965,66.5669431279621
Norway,1965,2.76801261622368
Nepal,1965,24.8461538461538
Nauru,1965,20.0
New Zealand,1965,50.32851012115
OECD members,1965,39.6350213552193
Oman,1965,3.34733441033926
Other small states,1965,27.5584995193029
Pakistan,1965,48.3019406392694
Panama,1965,22.302932472424
Peru,1965,13.92890625
Philippines,1965,27.2648025212902
Palau,1965,
Papua New Guinea,1965,1.21450337852758
Poland,1965,65.1212902804532
Pre-demographic dividend,1965,34.1048009016674
Puerto Rico (US),1965,68.6583990980834
"Korea, Dem. People's Rep.",1965,18.4959720953409
Portugal,1965,42.6120218579235
Paraguay,1965,27.2413793103448
West Bank and Gaza,1965,79.5681063122924
Pacific island small states,1965,8.40598154629335
Post-demographic dividend,1965,39.0792443265521
French Polynesia,1965,11.947650273224
Qatar,1965,4.39276485788114
Romania,1965,64.2137709472953
Russian Federation,1965,
Rwanda,1965,54.9250101337657
South Asia,1965,57.4757612497627
Saudi Arabia,1965,40.1276463117938
Sudan,1965,
Senegal,1965,45.9512803199501
Singapore,1965,19.4029850746269
Solomon Islands,1965,1.96498749553412
Sierra Leone,1965,36.4921030756442
El Salvador,1965,59.2182254196643
San Marino,1965,16.6666666666667
"Somalia, Fed. Rep.",1965,70.0178531577773
Serbia,1965,
Sub-Saharan Africa (excluding high income),1965,37.084596780524
South Sudan,1965,
Sub-Saharan Africa,1965,37.083998061485
Small states,1965,12.3361480893511
Sao Tome and Principe,1965,37.5
Suriname,1965,0.292821007053809
Slovak Republic,1965,
Slovenia,1965,
Sweden,1965,9.44911581169231
Eswatini,1965,86.2790697674419
Sint Maarten (Dutch part),1965,
Seychelles,1965,10.8695652173913
Syrian Arab Republic,1965,77.8049842202634
Turks and Caicos Islands,1965,1.05263157894737
Chad,1965,38.015873015873
East Asia & Pacific (IDA & IBRD countries),1965,36.3960962470519
Europe & Central Asia (IDA & IBRD countries),1965,54.7417762360745
Togo,1965,56.5361279646994
Thailand,1965,25.3283485681849
Tajikistan,1965,
Turkmenistan,1965,
Latin America & the Caribbean (IDA & IBRD countries),1965,28.9369804721492
Timor-Leste,1965,15.46738399462
"Middle East, North Africa, Afghanistan & Pakistan (IDA & IBRD)",1965,27.4504600405325
Tonga,1965,41.6666666666667
South Asia (IDA & IBRD),1965,57.4757612497627
Sub-Saharan Africa (IDA & IBRD countries),1965,37.083998061485
Trinidad and Tobago,1965,19.1033138401559
Tunisia,1965,56.1534500514933
Turkiye,1965,48.4596494419396
Tuvalu,1965,66.6666666666667
Tanzania,1965,30.4809212011741
Uganda,1965,49.4019318352435
Ukraine,1965,
Upper middle income,1965,33.4357944794869
Uruguay,1965,91.2638555593646
United States,1965,47.589791854097
Uzbekistan,1965,
St. Vincent and the Grenadines,1965,28.2051282051282
"Venezuela, RB",1965,22.1234623887535
British Virgin Islands,1965,40.0
Virgin Islands (U.S.),1965,45.7142857142857
Viet Nam,1965,19.3923008387354
Vanuatu,1965,9.26989335520919
World,1965,35.7390231512987
Samoa,1965,21.9081272084806
Kosovo,1965,
"Yemen, Rep.",1965,44.2828190995701
South Africa,1965,79.6395980512575
Zambia,1965,26.2486716259299
Zimbabwe,1965,26.6691074059713
Aruba,1966,11.1111111111111
Africa Eastern and Southern,1966,40.3575953496702
Afghanistan,1966,58.1926620977263
Africa Western and Central,1966,33.103534374316
Angola,1966,36.2517044998797
Albania,1966,45.2554744525547
Andorra,1966,55.3191489361702
Arab World,1966,27.8850399507772
United Arab Emirates,1966,2.95691354548015
Argentina,1966,47.8490439180178
Armenia,1966,
American Samoa,1966,9.65
Antigua and Barbuda,1966,20.4545454545455
Australia,1966,63.3961867800008
Austria,1966,41.2748424624333
Azerbaijan,1966,
Burundi,1966,63.1230529595016
Belgium,1966,
Benin,1966,13.5310393756651
Burkina Faso,1966,32.9678362573099
Bangladesh,1966,74.1338249980794
Bulgaria,1966,52.4450872276959
Bahrain,1966,14.4927536231884
"Bahamas, The",1966,0.999000999000999
Bosnia and Herzegovina,1966,
Belarus,1966,
Belize,1966,3.55107409031127
Bermuda,1966,7.40740740740741
Bolivia,1966,27.6479276285424
Brazil,1966,20.9967767948371
Barbados,1966,44.1860465116279
Brunei Darussalam,1966,4.36432637571157
Bhutan,1966,7.87620657920082
Botswana,1966,45.8789899952358
Central African Republic,1966,7.68885036437767
Canada,1966,7.1050538782166
Central Europe and the Baltics,1966,64.4417920164933
Switzerland,1966,42.8987047156446
Channel Islands,1966,45.4545454545455
Chile,1966,19.1491422023531
China,1966,38.1540755731899
Cote d'Ivoire,1966,50.6583396226415
Cameroon,1966,16.5006029066447
"Congo, Dem. Rep.",1966,11.1025341302574
"Congo, Rep.",1966,30.8726207906296
Colombia,1966,38.7742226228031
Comoros,1966,51.0478237506717
Cabo Verde,1966,16.1290322580645
Costa Rica,1966,32.021151586369
Caribbean small states,1966,4.30388046143923
Cuba,1966,41.9925512104283
Curacao,1966,
Cayman Islands,1966,11.25
Cyprus,1966,43.2900432900433
Czechia,1966,
Germany,1966,55.9419127545613
Djibouti,1966,56.1259706643658
Dominica,1966,25.3333333333333
Denmark,1966,75.675
Dominican Republic,1966,46.8847029600497
Algeria,1966,18.5440056429333
East Asia & Pacific (excluding high income),1966,36.5256301668443
Early-demographic dividend,1966,34.9286263153027
East Asia & Pacific,1966,44.7741915921063
Europe & Central Asia (excluding high income),1966,48.5853731979976
Europe & Central Asia,1966,45.7460432527392
Ecuador,1966,17.0856812599335
"Egypt, Arab Rep.",1966,2.79270681601286
Euro area,1966,55.094971978092
Eritrea,1966,
Spain,1966,64.340309736284
Estonia,1966,
Ethiopia,1966,
European Union,1966,52.1287164037071
Finland,1966,9.38770150037756
Fiji,1966,12.2058018609743
France,1966,62.7998886724186
Faroe Islands,1966,69.1489971346705
"Micronesia, Fed. Sts.",1966,
Gabon,1966,6.80086932898669
United Kingdom,1966,80.808498325962
Georgia,1966,
Ghana,1966,51.4195306319768
Gibraltar,1966,
Guinea,1966,56.3771772749471
"Gambia, The",1966,52.2727272727273
Guinea-Bissau,1966,17.4135846372688
Equatorial Guinea,1966,4.95008912655971
Greece,1966,70.5197827773468
Grenada,1966,64.7058823529412
Greenland,1966,0.687737781679836
Guatemala,1966,25.2519596864502
Guam,1966,31.4814814814815
Guyana,1966,6.93406537542575
High income,1966,38.3063805862237
"Hong Kong SAR, China",1966,12.7450980392157
Honduras,1966,26.9461077844311
Heavily indebted poor countries (HIPC),1966,32.0799485109251
Croatia,1966,
Haiti,1966,61.1393323657475
Hungary,1966,76.958115764915
IBRD only,1966,35.2312319003363
IDA & IBRD total,1966,34.7138469191332
IDA total,1966,33.4694252381416
IDA blend,1966,36.9375083374181
Indonesia,1966,17.753716389651
IDA only,1966,32.5208311829557
Isle of Man,1966,54.3859649122807
India,1966,59.7102775133779
Not classified,1966,
Ireland,1966,69.0042096095224
"Iran, Islamic Rep.",1966,36.5185785505538
Iraq,1966,20.4060635160162
Iceland,1966,21.1471321695761
Israel,1966,24.2606284658041
Italy,1966,69.3788038489001
Jamaica,1966,47.7377654662973
Jordan,1966,12.3980054397099
Japan,1966,18.8055631306245
Kazakhstan,1966,
Kenya,1966,44.0458864251327
Kyrgyz Republic,1966,
Cambodia,1966,20.5472467709041
Kiribati,1966,53.0864197530864
St. Kitts and Nevis,1966,57.1428571428571
"Korea, Rep.",1966,23.99958532034
Kuwait,1966,7.57575757575758
Latin America & Caribbean (excluding high income),1966,29.2447685763459
Lao PDR,1966,6.32582322357019
Lebanon,1966,58.2600195503421
Liberia,1966,11.8226744186047
Libya,1966,6.93533537174489
St. Lucia,1966,29.5081967213115
Latin America & Caribbean,1966,29.1706123838143
Least developed countries: UN classification,1966,32.5043563029893
Low income,1966,33.094712261284
Liechtenstein,1966,56.25
Sri Lanka,1966,35.1618561632913
Lower middle income,1966,37.5319293335544
Low & middle income,1966,34.5592675015851
Lesotho,1966,85.0790513833992
Late-demographic dividend,1966,34.672393442251
Lithuania,1966,
Luxembourg,1966,
Latvia,1966,
"Macao SAR, China",1966,
St. Martin (French part),1966,
Morocco,1966,55.4241161446431
Monaco,1966,
Moldova,1966,
Madagascar,1966,60.6493104515597
Maldives,1966,16.6666666666667
"Middle East, North Africa, Afghanistan & Pakistan",1966,28.8663950328
Mexico,1966,50.3685794387716
Marshall Islands,1966,
Middle income,1966,34.8348371786835
North Macedonia,1966,
Mali,1966,25.9975905391783
Malta,1966,43.75
Myanmar,1966,16.4335771337638
"Middle East, North Africa, Afghanistan & Pakistan (excluding high income)",1966,27.5031811576136
Montenegro,1966,
Mongolia,1966,90.9134534257383
Northern Mariana Islands,1966,
Mozambique,1966,43.5845265647651
Mauritania,1966,38.3457844183565
Mauritius,1966,48.7684729064039
Malawi,1966,38.7462876537972
Malaysia,1966,10.677613757419
North America,1966,27.5455066494142
Namibia,1966,46.940932113836
New Caledonia,1966,14.3326039387309
Niger,1966,24.8677666377201
Nigeria,1966,60.1831417372114
Nicaragua,1966,29.7490443742729
Netherlands,1966,66.5906398104265
Norway,1966,2.75158524164668
Nepal,1966,24.8461538461538
Nauru,1966,20.0
New Zealand,1966,50.256351828643
OECD members,1966,39.6471171245818
Oman,1966,3.34733441033926
Other small states,1966,27.5849599125043
Pakistan,1966,48.5354400166044
Panama,1966,22.4374495560936
Peru,1966,13.8703125
Philippines,1966,27.2580969623818
Palau,1966,
Papua New Guinea,1966,1.2078788146447
Poland,1966,65.1245551601424
Pre-demographic dividend,1966,34.1327309291772
Puerto Rico (US),1966,65.5016910935738
"Korea, Dem. People's Rep.",1966,18.5067685408189
Portugal,1966,42.6775956284153
Paraguay,1966,27.5106972061415
West Bank and Gaza,1966,79.734219269103
Pacific island small states,1966,8.42188991409481
Post-demographic dividend,1966,39.077735000352
French Polynesia,1966,11.8734153005464
Qatar,1966,4.39276485788114
Romania,1966,64.4047929148216
Russian Federation,1966,
Rwanda,1966,55.3303607620592
South Asia,1966,57.6000128721105
Saudi Arabia,1966,40.1378803455382
Sudan,1966,
Senegal,1966,45.9512803199501
Singapore,1966,19.4029850746269
Solomon Islands,1966,1.96498749553412
Sierra Leone,1966,36.561374341923
El Salvador,1966,58.6810551558753
San Marino,1966,16.6666666666667
"Somalia, Fed. Rep.",1966,70.0258233174993
Serbia,1966,
Sub-Saharan Africa (excluding high income),1966,37.0999738440477
South Sudan,1966,
Sub-Saharan Africa,1966,37.0993747738155
Small states,1966,12.3521343328107
Sao Tome and Principe,1966,37.5
Suriname,1966,0.274130304475906
Slovak Republic,1966,
Slovenia,1966,
Sweden,1966,9.32145823252681
Eswatini,1966,86.8023255813954
Sint Maarten (Dutch part),1966,
Seychelles,1966,10.8695652173913
Syrian Arab Republic,1966,74.1647622156927
Turks and Caicos Islands,1966,1.05263157894737
Chad,1966,38.015873015873
East Asia & Pacific (IDA & IBRD countries),1966,36.6629124422977
Europe & Central Asia (IDA & IBRD countries),1966,54.911409758428
Togo,1966,56.5361279646994
Thailand,1966,25.8568380669029
Tajikistan,1966,
Turkmenistan,1966,
Latin America & the Caribbean (IDA & IBRD countries),1966,29.100803541628
Timor-Leste,1966,15.46738399462
"Middle East, North Africa, Afghanistan & Pakistan (IDA & IBRD)",1966,27.4719289300243
Tonga,1966,43.0555555555556
South Asia (IDA & IBRD),1966,57.6000128721105
Sub-Saharan Africa (IDA & IBRD countries),1966,37.0993747738155
Trinidad and Tobago,1966,19.1033138401559
Tunisia,1966,56.1405767250257
Turkiye,1966,48.7039226641373
Tuvalu,1966,66.6666666666667
Tanzania,1966,30.4809212011741
Uganda,1966,49.4719983984786
Ukraine,1966,
Upper middle income,1966,33.615181336687
Uruguay,1966,90.9324648611587
United States,1966,47.5545258413619
Uzbekistan,1966,
St. Vincent and the Grenadines,1966,28.2051282051282
"Venezuela, RB",1966,22.2028229692194
British Virgin Islands,1966,53.3333333333333
Virgin Islands (U.S.),1966,45.7142857142857
Viet Nam,1966,19.4076622937725
Vanuatu,1966,9.26989335520919
World,1966,35.8222333013659
Samoa,1966,21.9081272084806
Kosovo,1966,
"Yemen, Rep.",1966,44.3036536166828
South Africa,1966,79.4862705982244
Zambia,1966,26.3751193855177
Zimbabwe,1966,26.7068514928267
Aruba,1967,11.1111111111111
Africa Eastern and Southern,1967,40.3580991708497
Afghanistan,1967,58.2294589331984
Africa Western and Central,1967,33.1111832316743
Angola,1967,36.2573193230128
Albania,1967,45.4014598540146
Andorra,1967,55.3191489361702
Arab World,1967,27.9392433823974
United Arab Emirates,1967,2.95691354548015
Argentina,1967,47.3941147883027
Armenia,1967,
American Samoa,1967,9.65
Antigua and Barbuda,1967,20.4545454545455
Australia,1967,63.7283839344988
Austria,1967,40.8834222006786
Azerbaijan,1967,
Burundi,1967,64.8753894080997
Belgium,1967,
Benin,1967,13.9194749911316
Burkina Faso,1967,32.9678362573099
Bangladesh,1967,74.4795267726819
Bulgaria,1967,52.9964747356052
Bahrain,1967,14.4927536231884
"Bahamas, The",1967,0.999000999000999
Bosnia and Herzegovina,1967,
Belarus,1967,
Belize,1967,3.55107409031127
Bermuda,1967,7.40740740740741
Bolivia,1967,27.6820825256162
Brazil,1967,21.4402965253035
Barbados,1967,44.1860465116279
Brunei Darussalam,1967,4.36432637571157
Bhutan,1967,7.87620657920082
Botswana,1967,45.8789899952358
Central African Republic,1967,7.70490224405278
Canada,1967,7.08999630810688
Central Europe and the Baltics,1967,64.3382253207824
Switzerland,1967,42.7241449099373
Channel Islands,1967,45.4545454545455
Chile,1967,19.4450272483229
China,1967,38.5375336191516
Cote d'Ivoire,1967,50.832855345912
Cameroon,1967,16.6486852404222
"Congo, Dem. Rep.",1967,11.1157671864317
"Congo, Rep.",1967,30.8729136163982
Colombia,1967,38.7769265434881
Comoros,1967,51.0478237506717
Cabo Verde,1967,16.1290322580645
Costa Rica,1967,32.0407363885625
Caribbean small states,1967,4.30388046143923
Cuba,1967,43.0260707635009
Curacao,1967,
Cayman Islands,1967,11.25
Cyprus,1967,43.3982683982684
Czechia,1967,
Germany,1967,55.6010655056856
Djibouti,1967,56.1259706643658
Dominica,1967,25.3333333333333
Denmark,1967,75.575
Dominican Republic,1967,47.1951976816394
Algeria,1967,18.5792739761687
East Asia & Pacific (excluding high income),1967,36.7944828531235
Early-demographic dividend,1967,34.9208787263197
East Asia & Pacific,1967,45.0534374008183
Europe & Central Asia (excluding high income),1967,48.3595347728442
Europe & Central Asia,1967,45.6762392264931
Ecuador,1967,17.121803207629
"Egypt, Arab Rep.",1967,2.81380280275252
Euro area,1967,55.0787320086613
Eritrea,1967,
Spain,1967,64.7925087038297
Estonia,1967,
Ethiopia,1967,
European Union,1967,52.0745437826732
Finland,1967,9.43366492662267
Fiji,1967,12.096332785988
France,1967,62.3972539196586
Faroe Islands,1967,69.1489971346705
"Micronesia, Fed. Sts.",1967,
Gabon,1967,6.859083323631
United Kingdom,1967,80.8250320340594
Georgia,1967,
Ghana,1967,51.4195306319768
Gibraltar,1967,
Guinea,1967,56.4007813771773
"Gambia, The",1967,52.4703557312253
Guinea-Bissau,1967,17.7692034139403
Equatorial Guinea,1967,4.9144385026738
Greece,1967,70.6982156710628
Grenada,1967,64.7058823529412
Greenland,1967,0.687737781679836
Guatemala,1967,25.4572601717059
Guam,1967,31.4814814814815
Guyana,1967,6.93406537542575
High income,1967,38.3664080231639
"Hong Kong SAR, China",1967,12.7450980392157
Honduras,1967,27.0354812762535
Heavily indebted poor countries (HIPC),1967,32.1127678812075
Croatia,1967,
Haiti,1967,61.3207547169811
Hungary,1967,76.8222222222222
IBRD only,1967,35.3803317760196
IDA & IBRD total,1967,34.8272991603759
IDA total,1967,33.4971372843929
IDA blend,1967,36.9518917274932
Indonesia,1967,17.8208957423671
IDA only,1967,32.5521888984861
Isle of Man,1967,54.5614035087719
India,1967,59.803443439538
Not classified,1967,
Ireland,1967,69.4237189722746
"Iran, Islamic Rep.",1967,36.5615560303544
Iraq,1967,20.5318151679356
Iceland,1967,21.1471321695761
Israel,1967,24.2606284658041
Italy,1967,69.2904015504403
Jamaica,1967,47.7377654662973
Jordan,1967,12.4320036264733
Japan,1967,18.6473956913008
Kazakhstan,1967,
Kenya,1967,44.0603837368662
Kyrgyz Republic,1967,
Cambodia,1967,20.5585769317924
Kiribati,1967,46.9135802469136
St. Kitts and Nevis,1967,57.1428571428571
"Korea, Rep.",1967,24.2172921418204
Kuwait,1967,7.57575757575758
Latin America & Caribbean (excluding high income),1967,29.3916725993697
Lao PDR,1967,6.32582322357019
Lebanon,1967,59.2375366568915
Liberia,1967,11.8226744186047
Libya,1967,7.05013810427725
St. Lucia,1967,31.1475409836066
Latin America & Caribbean,1967,29.314964046969
Least developed countries: UN classification,1967,32.5320868514033
Low income,1967,33.1093813834673
Liechtenstein,1967,56.25
Sri Lanka,1967,35.9591771647265
Lower middle income,1967,37.5874195648042
Low & middle income,1967,34.6758596034071
Lesotho,1967,85.0790513833992
Late-demographic dividend,1967,34.9936564101442
Lithuania,1967,
Luxembourg,1967,
Latvia,1967,
"Macao SAR, China",1967,
St. Martin (French part),1967,
Morocco,1967,55.872205045481
Monaco,1967,
Moldova,1967,
Madagascar,1967,60.6922997558208
Maldives,1967,16.6666666666667
"Middle East, North Africa, Afghanistan & Pakistan",1967,28.9259236421074
Mexico,1967,50.3299981995422
Marshall Islands,1967,
Middle income,1967,34.9706070361921
North Macedonia,1967,
Mali,1967,26.0025078061613
Malta,1967,43.75
Myanmar,1967,16.4748905958319
"Middle East, North Africa, Afghanistan & Pakistan (excluding high income)",1967,27.575793998067
Montenegro,1967,
Mongolia,1967,90.9134534257383
Northern Mariana Islands,1967,
Mozambique,1967,43.6175894605661
Mauritania,1967,38.3457844183565
Mauritius,1967,51.7241379310345
Malawi,1967,38.2371658888417
Malaysia,1967,10.8710394156141
North America,1967,27.5246510213409
Namibia,1967,46.9445760303174
New Caledonia,1967,14.3326039387309
Niger,1967,24.8677666377201
Nigeria,1967,59.9053548096665
Nicaragua,1967,29.7490443742729
Netherlands,1967,66.4010663507109
Norway,1967,2.73789576283252
Nepal,1967,24.9440559440559
Nauru,1967,20.0
New Zealand,1967,50.309521096806
OECD members,1967,39.6997047108943
Oman,1967,3.35379644588045
Other small states,1967,27.6422907644408
Pakistan,1967,48.6067870485679
Panama,1967,22.4509012644606
Peru,1967,13.87734375
Philippines,1967,27.8448333668611
Palau,1967,
Papua New Guinea,1967,1.25425076182485
Poland,1967,64.7066505599269
Pre-demographic dividend,1967,34.1491489154718
Puerto Rico (US),1967,64.0360766629087
"Korea, Dem. People's Rep.",1967,18.5109210198489
Portugal,1967,42.7431693989071
Paraguay,1967,27.7170903599295
West Bank and Gaza,1967,80.0664451827243
Pacific island small states,1967,8.31053133948457
Post-demographic dividend,1967,39.1489419181924
French Polynesia,1967,11.7992076502732
Qatar,1967,4.39276485788114
Romania,1967,64.4178171398802
Russian Federation,1967,
Rwanda,1967,55.7357113903527
South Asia,1967,57.7150275633005
Saudi Arabia,1967,40.1471840125786
Sudan,1967,
Senegal,1967,46.4706798940425
Singapore,1967,19.4029850746269
Solomon Islands,1967,1.96498749553412
Sierra Leone,1967,36.6306456082017
El Salvador,1967,58.1966426858513
San Marino,1967,16.6666666666667
"Somalia, Fed. Rep.",1967,70.0337934772213
Serbia,1967,
Sub-Saharan Africa (excluding high income),1967,37.1036870012315
South Sudan,1967,
Sub-Saharan Africa,1967,37.1030878461954
Small states,1967,12.3608541019705
Sao Tome and Principe,1967,37.5
Suriname,1967,0.267900070283272
Slovak Republic,1967,
Slovenia,1967,
Sweden,1967,9.29199879118092
Eswatini,1967,87.0348837209302
Sint Maarten (Dutch part),1967,
Seychelles,1967,10.8695652173913
Syrian Arab Republic,1967,74.1647622156927
Turks and Caicos Islands,1967,1.05263157894737
Chad,1967,38.015873015873
East Asia & Pacific (IDA & IBRD countries),1967,36.9337817960307
Europe & Central Asia (IDA & IBRD countries),1967,54.7424686177984
Togo,1967,56.5361279646994
Thailand,1967,26.3461801953454
Tajikistan,1967,
Turkmenistan,1967,
Latin America & the Caribbean (IDA & IBRD countries),1967,29.2412197345721
Timor-Leste,1967,15.6018829858776
"Middle East, North Africa, Afghanistan & Pakistan (IDA & IBRD)",1967,27.5443864320594
Tonga,1967,43.0555555555556
South Asia (IDA & IBRD),1967,57.7150275633005
Sub-Saharan Africa (IDA & IBRD countries),1967,37.1030878461954
Trinidad and Tobago,1967,19.1033138401559
Tunisia,1967,56.1277033985582
Turkiye,1967,48.4648467445396
Tuvalu,1967,66.6666666666667
Tanzania,1967,30.4809212011741
Uganda,1967,49.4870126620289
Ukraine,1967,
Upper middle income,1967,33.7872545570536
Uruguay,1967,90.5153696720375
United States,1967,47.5279944447841
Uzbekistan,1967,
St. Vincent and the Grenadines,1967,28.2051282051282
"Venezuela, RB",1967,22.2957882206224
British Virgin Islands,1967,53.3333333333333
Virgin Islands (U.S.),1967,42.8571428571429
Viet Nam,1967,19.4844695689576
Vanuatu,1967,9.26989335520919
World,1967,35.9197600279786
Samoa,1967,21.9081272084806
Kosovo,1967,
"Yemen, Rep.",1967,44.3169119457545
South Africa,1967,79.2587524421106
Zambia,1967,26.4477595878341
Zimbabwe,1967,26.9739800956443
Aruba,1968,11.1111111111111
Africa Eastern and Southern,1968,40.3777082945946
Afghanistan,1968,58.2309921346764
Africa Western and Central,1968,33.2370149824575
Angola,1968,36.2637362637363
Albania,1968,45.2554744525547
Andorra,1968,55.3191489361702
Arab World,1968,27.9673686441247
United Arab Emirates,1968,2.95691354548015
Argentina,1968,47.2231052841206
Armenia,1968,
American Samoa,1968,9.65
Antigua and Barbuda,1968,20.4545454545455
Australia,1968,66.8510161149656
Austria,1968,40.7089190499273
Azerbaijan,1968,
Burundi,1968,65.2647975077882
Belgium,1968,
Benin,1968,14.1926214969847
Burkina Faso,1968,32.9678362573099
Bangladesh,1968,74.2797879695783
Bulgaria,1968,53.1591792461358
Bahrain,1968,14.4927536231884
"Bahamas, The",1968,0.999000999000999
Bosnia and Herzegovina,1968,
Belarus,1968,
Belize,1968,3.55107409031127
Bermuda,1968,5.55555555555556
Bolivia,1968,27.7153143173636
Brazil,1968,21.8838162557698
Barbados,1968,44.1860465116279
Brunei Darussalam,1968,4.55407969639469
Bhutan,1968,7.91901204973996
Botswana,1968,45.8789899952358
Central African Republic,1968,7.72095412372789
Canada,1968,7.07493873799717
Central Europe and the Baltics,1968,64.4733808070532
Switzerland,1968,42.6558388990083
Channel Islands,1968,45.4545454545455
Chile,1968,19.7409122942926
China,1968,38.9209916651133
Cote d'Ivoire,1968,50.9355188679245
Cameroon,1968,16.7544583359777
"Congo, Dem. Rep.",1968,11.1378222800556
"Congo, Rep.",1968,30.8732064421669
Colombia,1968,38.7787291572781
Comoros,1968,51.0478237506717
Cabo Verde,1968,16.1290322580645
Costa Rica,1968,33.6075205640423
Caribbean small states,1968,4.30889956401816
Cuba,1968,44.0130353817505
Curacao,1968,
Cayman Islands,1968,11.25
Cyprus,1968,43.3982683982684
Czechia,1968,
Germany,1968,55.237304156045
Djibouti,1968,56.1259706643658
Dominica,1968,25.3333333333333
Denmark,1968,75.425
Dominican Republic,1968,47.4021941626992
Algeria,1968,18.5591206428913
East Asia & Pacific (excluding high income),1968,37.0670810687651
Early-demographic dividend,1968,34.9360316120703
East Asia & Pacific,1968,46.2132571943287
Europe & Central Asia (excluding high income),1968,48.7321681743473
Europe & Central Asia,1968,45.5681848466883
Ecuador,1968,17.1037422337812
"Egypt, Arab Rep.",1968,2.81380280275252
Euro area,1968,54.774869443383
Eritrea,1968,
Spain,1968,64.3463123774461
Estonia,1968,
Ethiopia,1968,
European Union,1968,51.8648894005674
Finland,1968,9.47536032043074
Fiji,1968,11.9868637110016
France,1968,61.5604415994063
Faroe Islands,1968,69.1489971346705
"Micronesia, Fed. Sts.",1968,
Gabon,1968,6.91729731827531
United Kingdom,1968,80.2959533749432
Georgia,1968,
Ghana,1968,51.4195306319768
Gibraltar,1968,
Guinea,1968,56.3958977698193
"Gambia, The",1968,52.4703557312253
Guinea-Bissau,1968,17.7692034139403
Equatorial Guinea,1968,4.84313725490196
Greece,1968,70.9309542280838
Grenada,1968,64.7058823529412
Greenland,1968,0.687737781679836
Guatemala,1968,25.5692422545726
Guam,1968,31.4814814814815
Guyana,1968,6.94423262670937
High income,1968,39.0394913610002
"Hong Kong SAR, China",1968,12.7450980392157
Honduras,1968,27.0801680221646
Heavily indebted poor countries (HIPC),1968,32.2010740898224
Croatia,1968,
Haiti,1968,61.5021770682148
Hungary,1968,76.708523169241
IBRD only,1968,35.566003255479
IDA & IBRD total,1968,34.9736800126683
IDA total,1968,33.5490157640175
IDA blend,1968,36.9544245300437
Indonesia,1968,18.0379823026436
IDA only,1968,32.6175644641324
Isle of Man,1968,54.7368421052632
India,1968,59.9907843091091
Not classified,1968,
Ireland,1968,69.7183916388445
"Iran, Islamic Rep.",1968,36.5922542302119
Iraq,1968,20.5432471362919
Iceland,1968,21.1471321695761
Israel,1968,24.0757855822551
Italy,1968,69.2087994287852
Jamaica,1968,47.7377654662973
Jordan,1968,12.4546690843155
Japan,1968,18.5355876738478
Kazakhstan,1968,
Kenya,1968,44.0748808728959
Kyrgyz Republic,1968,
Cambodia,1968,20.263992748697
Kiribati,1968,46.9135802469136
St. Kitts and Nevis,1968,57.1428571428571
"Korea, Rep.",1968,24.2898610823139
Kuwait,1968,7.57575757575758
Latin America & Caribbean (excluding high income),1968,29.5801557407129
Lao PDR,1968,6.36915077989601
Lebanon,1968,60.2150537634409
Liberia,1968,11.8019102990033
Libya,1968,7.16948747968219
St. Lucia,1968,31.1475409836066
Latin America & Caribbean,1968,29.5010087782284
Least developed countries: UN classification,1968,32.6047907382136
Low income,1968,33.1851946971809
Liechtenstein,1968,56.25
Sri Lanka,1968,37.011640886621
Lower middle income,1968,37.6527464686603
Low & middle income,1968,34.8229297980168
Lesotho,1968,83.4321475625823
Late-demographic dividend,1968,35.3317349824121
Lithuania,1968,
Luxembourg,1968,
Latvia,1968,
"Macao SAR, China",1968,
St. Martin (French part),1968,
Morocco,1968,56.5443383967379
Monaco,1968,
Moldova,1968,
Madagascar,1968,60.7352890600819
Maldives,1968,16.6666666666667
"Middle East, North Africa, Afghanistan & Pakistan",1968,28.9305088470739
Mexico,1968,50.2939890429281
Marshall Islands,1968,
Middle income,1968,35.1310848750608
North Macedonia,1968,
Mali,1968,26.0025078061613
Malta,1968,43.75
Myanmar,1968,16.4764207240567
"Middle East, North Africa, Afghanistan & Pakistan (excluding high income)",1968,27.5781780037727
Montenegro,1968,
Mongolia,1968,90.9134534257383
Northern Mariana Islands,1968,
Mozambique,1968,43.7447544444162
Mauritania,1968,38.3457844183565
Mauritius,1968,54.679802955665
Malawi,1968,39.3190496393721
Malaysia,1968,11.2625171206818
North America,1968,27.5441217915713
Namibia,1968,46.9445760303174
New Caledonia,1968,14.3873085339168
Niger,1968,25.4022262572038
Nigeria,1968,60.06785467242
Nicaragua,1968,29.7490443742729
Netherlands,1968,66.1937203791469
Norway,1968,2.72146838825552
Nepal,1968,24.9440559440559
Nauru,1968,20.0
New Zealand,1968,50.3133189016748
OECD members,1968,40.3766231665723
Oman,1968,3.36025848142165
Other small states,1968,27.6863914197765
Pakistan,1968,48.2176214196762
Panama,1968,22.5854183481302
Peru,1968,13.91328125
Philippines,1968,27.7643666599611
Palau,1968,
Papua New Guinea,1968,1.29620633308307
Poland,1968,64.5695256129812
Pre-demographic dividend,1968,34.2366859156755
Puerto Rico (US),1968,63.8105975197294
"Korea, Dem. People's Rep.",1968,18.5150734988788
Portugal,1968,42.7650273224044
Paraguay,1968,27.9134155549962
West Bank and Gaza,1968,80.0664451827243
Pacific island small states,1968,8.29462297168311
Post-demographic dividend,1968,39.9226308422097
French Polynesia,1968,11.7249726775956
Qatar,1968,4.39276485788114
Romania,1968,64.9995658591647
Russian Federation,1968,
Rwanda,1968,56.0599918929874
South Asia,1968,57.8935089105099
Saudi Arabia,1968,40.1639306132512
Sudan,1968,
Senegal,1968,47.3536591699995
Singapore,1968,17.910447761194
Solomon Islands,1968,1.96498749553412
Sierra Leone,1968,36.7691881407592
El Salvador,1968,57.6642685851319
San Marino,1968,16.6666666666667
"Somalia, Fed. Rep.",1968,70.0417636369433
Serbia,1968,
Sub-Saharan Africa (excluding high income),1968,37.1710084206973
South Sudan,1968,
Sub-Saharan Africa,1968,37.1704077281229
Small states,1968,12.3768403454302
Sao Tome and Principe,1968,37.5
Suriname,1968,0.267900070283272
Slovak Republic,1968,
Slovenia,1968,
Sweden,1968,9.13488177066954
Eswatini,1968,87.0930232558139
Sint Maarten (Dutch part),1968,
Seychelles,1968,10.8695652173913
Syrian Arab Republic,1968,73.0275329197954
Turks and Caicos Islands,1968,1.05263157894737
Chad,1968,38.015873015873
East Asia & Pacific (IDA & IBRD countries),1968,37.2084252152082
Europe & Central Asia (IDA & IBRD countries),1968,55.0242679794224
Togo,1968,56.5361279646994
Thailand,1968,26.8159486386502
Tajikistan,1968,
Turkmenistan,1968,
Latin America & the Caribbean (IDA & IBRD countries),1968,29.4232459243543
Timor-Leste,1968,15.6018829858776
"Middle East, North Africa, Afghanistan & Pakistan (IDA & IBRD)",1968,27.5467718642252
Tonga,1968,43.0555555555556
South Asia (IDA & IBRD),1968,57.8935089105099
Sub-Saharan Africa (IDA & IBRD countries),1968,37.1704077281229
Trinidad and Tobago,1968,19.1033138401559
Tunisia,1968,56.1148300720906
Turkiye,1968,48.8559437651859
Tuvalu,1968,66.6666666666667
Tanzania,1968,30.4809212011741
Uganda,1968,49.6721885791502
Ukraine,1968,
Upper middle income,1968,33.990760734257
Uruguay,1968,89.8297337447149
United States,1968,47.5812756033436
Uzbekistan,1968,
St. Vincent and the Grenadines,1968,28.2051282051282
"Venezuela, RB",1968,22.4000906978062
British Virgin Islands,1968,53.3333333333333
Virgin Islands (U.S.),1968,42.8571428571429
Viet Nam,1968,19.5612768441427
Vanuatu,1968,9.26989335520919
World,1968,36.2441228381759
Samoa,1968,22.2614840989399
Kosovo,1968,
"Yemen, Rep.",1968,44.3263821808057
South Africa,1968,79.0765730489906
Zambia,1968,26.5473035687862
Zimbabwe,1968,27.1143567274137
Aruba,1969,11.1111111111111
Africa Eastern and Southern,1969,40.4163162007212
Afghanistan,1969,58.2555233583245
Africa Western and Central,1969,33.2617727362163
Angola,1969,36.2773722627737
Albania,1969,45.0729927007299
Andorra,1969,55.3191489361702
Arab World,1969,28.0273573352774
United Arab Emirates,1969,2.95691354548015
Argentina,1969,46.5460099609382
Armenia,1969,
American Samoa,1969,9.65
Antigua and Barbuda,1969,20.4545454545455
Australia,1969,66.5019615089231
Austria,1969,40.6095492001939
Azerbaijan,1969,
Burundi,1969,73.8707165109034
Belgium,1969,
Benin,1969,14.9434639943242
Burkina Faso,1969,32.9678362573099
Bangladesh,1969,74.3258815395252
Bulgaria,1969,54.4336979119588
Bahrain,1969,14.4927536231884
"Bahamas, The",1969,0.999000999000999
Bosnia and Herzegovina,1969,
Belarus,1969,
Belize,1969,3.59491451117931
Bermuda,1969,5.55555555555556
Bolivia,1969,27.9340902797009
Brazil,1969,22.3273359862362
Barbados,1969,44.1860465116279
Brunei Darussalam,1969,4.55407969639469
Bhutan,1969,7.91901204973996
Botswana,1969,45.8789899952358
Central African Republic,1969,7.737006003403
Canada,1969,7.05988116788745
Central Europe and the Baltics,1969,64.3404543913191
Switzerland,1969,42.6887269783445
Channel Islands,1969,44.9494949494949
Chile,1969,19.9695507389057
China,1969,39.4109658349533
Cote d'Ivoire,1969,51.0204496855346
Cameroon,1969,16.8602314315331
"Congo, Dem. Rep.",1969,11.1598773736795
"Congo, Rep.",1969,30.8808199121523
Colombia,1969,38.783235691753
Comoros,1969,51.0478237506717
Cabo Verde,1969,16.1290322580645
Costa Rica,1969,35.0567959263611
Caribbean small states,1969,4.31642821788657
Cuba,1969,44.1806331471136
Curacao,1969,
Cayman Islands,1969,11.25
Cyprus,1969,43.1818181818182
Czechia,1969,
Germany,1969,55.1485120155816
Djibouti,1969,56.1259706643658
Dominica,1969,25.3333333333333
Denmark,1969,74.775
Dominican Republic,1969,48.2301800869385
Algeria,1969,18.5591206428913
East Asia & Pacific (excluding high income),1969,37.3901068273945
Early-demographic dividend,1969,34.8774270818696
East Asia & Pacific,1969,46.3021440674442
Europe & Central Asia (excluding high income),1969,50.0332484348142
Europe & Central Asia,1969,45.744529856878
Ecuador,1969,17.3204739199538
"Egypt, Arab Rep.",1969,2.84795820985484
Euro area,1969,54.8631543752388
Eritrea,1969,
Spain,1969,65.0826363599984
Estonia,1969,
Ethiopia,1969,
European Union,1969,51.8595356630996
Finland,1969,9.07941823434781
Fiji,1969,12.096332785988
France,1969,61.5511643009556
Faroe Islands,1969,69.1489971346705
"Micronesia, Fed. Sts.",1969,
Gabon,1969,6.97551131291963
United Kingdom,1969,80.1058157318233
Georgia,1969,
Ghana,1969,51.4195306319768
Gibraltar,1969,
Guinea,1969,56.3417711216018
"Gambia, The",1969,52.6679841897233
Guinea-Bissau,1969,17.7692034139403
Equatorial Guinea,1969,4.80748663101604
Greece,1969,70.9387121799845
Grenada,1969,64.7058823529412
Greenland,1969,0.687737781679836
Guatemala,1969,25.5879059350504
Guam,1969,31.4814814814815
Guyana,1969,6.94423262670937
High income,1969,38.9449638333073
"Hong Kong SAR, China",1969,12.7450980392157
Honduras,1969,27.0801680221646
Heavily indebted poor countries (HIPC),1969,32.2498533653715
Croatia,1969,
Haiti,1969,61.6835994194485
Hungary,1969,76.541837981998
IBRD only,1969,35.7374738511736
IDA & IBRD total,1969,35.0861214834567
IDA total,1969,33.519479547954
IDA blend,1969,36.7334598157013
Indonesia,1969,18.2508194549479
IDA only,1969,32.6403879898233
Isle of Man,1969,55.4385964912281
India,1969,59.7983983532838
Not classified,1969,
Ireland,1969,69.908549862099
"Iran, Islamic Rep.",1969,36.6352317100125
Iraq,1969,20.5546791046482
Iceland,1969,21.1471321695761
Israel,1969,24.1682070240296
Italy,1969,68.773588113291
Jamaica,1969,47.7377654662973
Jordan,1969,12.4660018132366
Japan,1969,18.1401690755386
Kazakhstan,1969,
Kenya,1969,44.0893781846294
Kyrgyz Republic,1969,
Cambodia,1969,19.6974847042828
Kiribati,1969,46.9135802469136
St. Kitts and Nevis,1969,51.4285714285714
"Korea, Rep.",1969,24.2276591333195
Kuwait,1969,7.57575757575758
Latin America & Caribbean (excluding high income),1969,29.7060043534368
Lao PDR,1969,6.37781629116118
Lebanon,1969,60.6060606060606
Liberia,1969,11.8019102990033
Libya,1969,7.28599520329177
St. Lucia,1969,31.1475409836066
Latin America & Caribbean,1969,29.6274777514792
Least developed countries: UN classification,1969,32.6260049689819
Low income,1969,33.236842802762
Liechtenstein,1969,56.25
Sri Lanka,1969,37.1232658268219
Lower middle income,1969,37.5946660526279
Low & middle income,1969,34.9369902483644
Lesotho,1969,81.6205533596838
Late-demographic dividend,1969,35.6900187758084
Lithuania,1969,
Luxembourg,1969,
Latvia,1969,
"Macao SAR, China",1969,
St. Martin (French part),1969,
Morocco,1969,56.9722632970381
Monaco,1969,
Moldova,1969,
Madagascar,1969,60.7868762251952
Maldives,1969,16.6666666666667
"Middle East, North Africa, Afghanistan & Pakistan",1969,28.8733518955079
Mexico,1969,50.2631240515445
Marshall Islands,1969,
Middle income,1969,35.2568887880111
North Macedonia,1969,
Mali,1969,26.0025078061613
Malta,1969,43.75
Myanmar,1969,16.4748905958319
"Middle East, North Africa, Afghanistan & Pakistan (excluding high income)",1969,27.5026844897582
Montenegro,1969,
Mongolia,1969,90.8934203225474
Northern Mariana Islands,1969,
Mozambique,1969,43.8770060276202
Mauritania,1969,38.3554865625303
Mauritius,1969,54.679802955665
Malawi,1969,39.8493848112007
Malaysia,1969,11.4318672956932
North America,1969,27.5174729334776
Namibia,1969,46.9445760303174
New Caledonia,1969,14.3873085339168
Niger,1969,25.4014368042946
Nigeria,1969,60.3390537676911
Nicaragua,1969,29.7905933189297
Netherlands,1969,65.7049763033175
Norway,1969,2.69956522215286
Nepal,1969,24.9440559440559
Nauru,1969,20.0
New Zealand,1969,49.7170635372755
OECD members,1969,40.3070336635718
Oman,1969,3.36025848142165
Other small states,1969,27.6643410921086
Pakistan,1969,46.3107098381071
Panama,1969,22.6930320150659
Peru,1969,13.94375
Philippines,1969,27.6704888352444
Palau,1969,
Papua New Guinea,1969,1.34037009230226
Poland,1969,63.8512520813608
Pre-demographic dividend,1969,34.2824851373153
Puerto Rico (US),1969,63.3596392333709
"Korea, Dem. People's Rep.",1969,18.5159039946848
Portugal,1969,42.8743169398907
Paraguay,1969,28.1198087087843
West Bank and Gaza,1969,80.0664451827243
Pacific island small states,1969,8.35825644288896
Post-demographic dividend,1969,39.8131338901797
French Polynesia,1969,11.6507650273224
Qatar,1969,4.39276485788114
Romania,1969,64.9822002257532
Russian Federation,1969,
Rwanda,1969,56.6274827725983
South Asia,1969,57.7269461841492
Saudi Arabia,1969,40.1802120305719
Sudan,1969,
Senegal,1969,46.2421440814419
Singapore,1969,17.910447761194
Solomon Islands,1969,1.96498749553412
Sierra Leone,1969,36.838459407038
El Salvador,1969,57.3237410071942
San Marino,1969,16.6666666666667
"Somalia, Fed. Rep.",1969,70.0497337966653
Serbia,1969,
Sub-Saharan Africa (excluding high income),1969,37.2033961577661
South Sudan,1969,
Sub-Saharan Africa,1969,37.2027947254956
Small states,1969,12.3797469351501
Sao Tome and Principe,1969,37.5
Suriname,1969,0.292821007053809
Slovak Republic,1969,
Slovenia,1969,
Sweden,1969,9.19380065336131
Eswatini,1969,86.8604651162791
Sint Maarten (Dutch part),1969,
Seychelles,1969,10.8695652173913
Syrian Arab Republic,1969,73.1581238437262
Turks and Caicos Islands,1969,1.05263157894737
Chad,1969,38.015873015873
East Asia & Pacific (IDA & IBRD countries),1969,37.5339056833453
Europe & Central Asia (IDA & IBRD countries),1969,55.6848001440154
Togo,1969,56.5361279646994
Thailand,1969,27.2465697116796
Tajikistan,1969,
Turkmenistan,1969,
Latin America & the Caribbean (IDA & IBRD countries),1969,29.5498255400367
Timor-Leste,1969,15.6691324815064
"Middle East, North Africa, Afghanistan & Pakistan (IDA & IBRD)",1969,27.471233178976
Tonga,1969,45.8333333333333
South Asia (IDA & IBRD),1969,57.7269461841492
Sub-Saharan Africa (IDA & IBRD countries),1969,37.2027947254956
Trinidad and Tobago,1969,19.1033138401559
Tunisia,1969,57.0803295571576
Turkiye,1969,50.209841092473
Tuvalu,1969,66.6666666666667
Tanzania,1969,30.4809212011741
Uganda,1969,49.79730744207
Ukraine,1969,
Upper middle income,1969,34.1997192386033
Uruguay,1969,89.406924922866
United States,1969,47.5432800230594
Uzbekistan,1969,
St. Vincent and the Grenadines,1969,28.2051282051282
"Venezuela, RB",1969,22.4930559492092
British Virgin Islands,1969,53.3333333333333
Virgin Islands (U.S.),1969,42.8571428571429
Viet Nam,1969,19.6073612092537
Vanuatu,1969,9.26989335520919
World,1969,36.28787866277
Samoa,1969,22.2614840989399
Kosovo,1969,
"Yemen, Rep.",1969,44.3453226509082
South Africa,1969,78.8861502444172
Zambia,1969,26.6401216050794
Zimbabwe,1969,27.4377086726121
Aruba,1970,11.1111111111111
Africa Eastern and Southern,1970,40.5070159377377
Afghanistan,1970,58.2708553731046
Africa Western and Central,1970,33.1863758458998
Angola,1970,36.2597256757841
Albania,1970,44.8905109489051
Andorra,1970,55.3191489361702
Arab World,1970,28.0962464257109
United Arab Emirates,1970,2.98507462686567
Argentina,1970,46.5463753658617
Armenia,1970,
American Samoa,1970,9.65
Antigua and Barbuda,1970,20.4545454545455
Australia,1970,64.2297877588743
Austria,1970,40.4241396025206
Azerbaijan,1970,
Burundi,1970,73.208722741433
Belgium,1970,
Benin,1970,15.1354469670096
Burkina Faso,1970,32.9678362573099
Bangladesh,1970,74.4948912959975
Bulgaria,1970,54.3252282382717
Bahrain,1970,14.4927536231884
"Bahamas, The",1970,0.999000999000999
Bosnia and Herzegovina,1970,
Belarus,1970,
Belize,1970,3.59491451117931
Bermuda,1970,5.55555555555556
Bolivia,1970,27.9673220714484
Brazil,1970,22.7715735797677
Barbados,1970,44.1860465116279
Brunei Darussalam,1970,4.55407969639469
Bhutan,1970,8.17584487297477
Botswana,1970,45.8789899952358
Central African Republic,1970,7.75305788307811
Canada,1970,7.04482359777773
Central Europe and the Baltics,1970,64.2368835114752
Switzerland,1970,42.3471969236997
Channel Islands,1970,44.9494949494949
Chile,1970,20.3084736097438
China,1970,39.9009400047932
Cote d'Ivoire,1970,51.1058836477987
Cameroon,1970,16.8771551268219
"Congo, Dem. Rep.",1970,11.1819324673033
"Congo, Rep.",1970,30.8856515373353
Colombia,1970,38.783235691753
Comoros,1970,51.0478237506717
Cabo Verde,1970,16.1290322580645
Costa Rica,1970,36.349392871132
Caribbean small states,1970,4.32395687175498
Cuba,1970,46.7597765363128
Curacao,1970,
Cayman Islands,1970,11.25
Cyprus,1970,43.0735930735931
Czechia,1970,
Germany,1970,54.4868673559992
Djibouti,1970,56.1259706643658
Dominica,1970,25.3333333333333
Denmark,1970,74.375
Dominican Republic,1970,48.3336783274684
Algeria,1970,18.5645788373206
East Asia & Pacific (excluding high income),1970,37.7253974998917
Early-demographic dividend,1970,34.903651386218
East Asia & Pacific,1970,45.806196643656
Europe & Central Asia (excluding high income),1970,49.4435592135804
Europe & Central Asia,1970,45.2525671954902
Ecuador,1970,17.5372056061263
"Egypt, Arab Rep.",1970,2.85599477623186
Euro area,1970,54.2839287988791
Eritrea,1970,
Spain,1970,64.2662771619513
Estonia,1970,
Ethiopia,1970,
European Union,1970,51.4335550390981
Finland,1970,8.94382612692472
Fiji,1970,12.096332785988
France,1970,60.2931626310418
Faroe Islands,1970,69.1489971346705
"Micronesia, Fed. Sts.",1970,
Gabon,1970,7.03372530756394
United Kingdom,1970,77.9109659818956
Georgia,1970,
Ghana,1970,51.4195306319768
Gibraltar,1970,
Guinea,1970,56.3436024743611
"Gambia, The",1970,52.7667984189723
Guinea-Bissau,1970,17.7692034139403
Equatorial Guinea,1970,4.73618538324421
Greece,1970,71.0240496508922
Grenada,1970,64.7058823529412
Greenland,1970,0.687737781679836
Guatemala,1970,25.709219858156
Guam,1970,31.4814814814815
Guyana,1970,6.96965075491841
High income,1970,38.4974685757612
"Hong Kong SAR, China",1970,12.7450980392157
Honduras,1970,27.1695415139869
Heavily indebted poor countries (HIPC),1970,32.2728256221059
Croatia,1970,
Haiti,1970,61.8650217706821
Hungary,1970,76.4058679706601
IBRD only,1970,35.9313837262275
IDA & IBRD total,1970,35.2367213045746
IDA total,1970,33.5659094142393
IDA blend,1970,36.8531455933835
Indonesia,1970,18.3283902360936
IDA only,1970,32.6667808154526
Isle of Man,1970,55.4385964912281
India,1970,59.8858465150226
Not classified,1970,
Ireland,1970,69.5935549426622
"Iran, Islamic Rep.",1970,36.6536506299271
Iraq,1970,20.561538285662
Iceland,1970,19.9600997506234
Israel,1970,24.2606284658041
Italy,1970,68.6137839583829
Jamaica,1970,46.814404432133
Jordan,1970,12.5113327289211
Japan,1970,18.2601581674393
Kazakhstan,1970,
Kenya,1970,44.1038754963629
Kyrgyz Republic,1970,
Cambodia,1970,19.3689100385225
Kiribati,1970,46.9135802469136
St. Kitts and Nevis,1970,42.8571428571429
"Korea, Rep.",1970,24.0928882438316
Kuwait,1970,7.57575757575758
Latin America & Caribbean (excluding high income),1970,29.9345778467146
Lao PDR,1970,6.39948006932409
Lebanon,1970,61.0948191593353
Liberia,1970,11.781146179402
Libya,1970,7.40250292690135
St. Lucia,1970,31.1475409836066
Latin America & Caribbean,1970,29.8485904874527
Least developed countries: UN classification,1970,32.6480459987546
Low income,1970,33.1682498046402
Liechtenstein,1970,56.25
Sri Lanka,1970,37.2029979269654
Lower middle income,1970,37.7356133729384
Low & middle income,1970,35.0940400581394
Lesotho,1970,79.9407114624506
Late-demographic dividend,1970,36.0636064767491
Lithuania,1970,
Luxembourg,1970,
Latvia,1970,
"Macao SAR, China",1970,
St. Martin (French part),1970,
Morocco,1970,57.5906259801945
Monaco,1970,
Moldova,1970,
Madagascar,1970,60.8212676686041
Maldives,1970,16.6666666666667
"Middle East, North Africa, Afghanistan & Pakistan",1970,28.9505098273591
Mexico,1970,50.2250572288382
Marshall Islands,1970,
Middle income,1970,35.4563953887632
North Macedonia,1970,
Mali,1970,26.0434850310198
Malta,1970,43.75
Myanmar,1970,16.5269149554733
"Middle East, North Africa, Afghanistan & Pakistan (excluding high income)",1970,27.5945680429995
Montenegro,1970,
Mongolia,1970,90.9140996548735
Northern Mariana Islands,1970,
Mozambique,1970,43.9850962638928
Mauritania,1970,38.3554865625303
Mauritius,1970,55.1724137931034
Malawi,1970,39.3190496393721
Malaysia,1970,11.8247146553036
North America,1970,27.7244402139765
Namibia,1970,46.9470053079717
New Caledonia,1970,14.3873085339168
Niger,1970,24.6309307649799
Nigeria,1970,60.5553542606805
Nicaragua,1970,29.7905933189297
Netherlands,1970,65.2043838862559
Norway,1970,2.61195255774222
Nepal,1970,25.8881118881119
Nauru,1970,20.0
New Zealand,1970,49.7056701226691
OECD members,1970,39.849987172782
Oman,1970,3.36672051696284
Other small states,1970,27.236564735352
Pakistan,1970,46.5247509339975
Panama,1970,22.652676889965
Peru,1970,14.0171875
Philippines,1970,27.861597264132
Palau,1970,
Papua New Guinea,1970,1.37790928763856
Poland,1970,63.8055437657122
Pre-demographic dividend,1970,34.3110405187877
Puerto Rico (US),1970,62.2322435174746
"Korea, Dem. People's Rep.",1970,18.5366663898347
Portugal,1970,42.9398907103825
Paraguay,1970,28.3262018625724
West Bank and Gaza,1970,80.3986710963455
Pacific island small states,1970,8.46166083359847
Post-demographic dividend,1970,39.3032805616783
French Polynesia,1970,11.5765300546448
Qatar,1970,4.39276485788114
Romania,1970,64.8172267083442
Russian Federation,1970,
Rwanda,1970,56.9112282124037
South Asia,1970,57.8562632203577
Saudi Arabia,1970,40.2011452814127
Sudan,1970,
Senegal,1970,46.0395782475458
Singapore,1970,17.910447761194
Solomon Islands,1970,1.96498749553412
Sierra Leone,1970,36.9077306733167
El Salvador,1970,56.9832134292566
San Marino,1970,16.6666666666667
"Somalia, Fed. Rep.",1970,70.0577039563873
Serbia,1970,
Sub-Saharan Africa (excluding high income),1970,37.2194926092802
South Sudan,1970,
Sub-Saharan Africa,1970,37.2188908093866
Small states,1970,12.2525836349029
Sao Tome and Principe,1970,37.5
Suriname,1970,0.299051241246443
Slovak Republic,1970,
Slovenia,1970,
Sweden,1970,9.21344028092523
Eswatini,1970,86.8604651162791
Sint Maarten (Dutch part),1970,
Seychelles,1970,10.8695652173913
Syrian Arab Republic,1970,73.2343018826858
Turks and Caicos Islands,1970,1.05263157894737
Chad,1970,38.015873015873
East Asia & Pacific (IDA & IBRD countries),1970,37.8715926276248
Europe & Central Asia (IDA & IBRD countries),1970,55.3150683034571
Togo,1970,56.5361279646994
Thailand,1970,27.8885865841962
Tajikistan,1970,
Turkmenistan,1970,
Latin America & the Caribbean (IDA & IBRD countries),1970,29.7589734265531
Timor-Leste,1970,16.3416274377942
"Middle East, North Africa, Afghanistan & Pakistan (IDA & IBRD)",1970,27.562972924351
Tonga,1970,44.4444444444444
South Asia (IDA & IBRD),1970,57.8562632203577
Sub-Saharan Africa (IDA & IBRD countries),1970,37.2188908093866
Trinidad and Tobago,1970,19.1033138401559
Tunisia,1970,58.2711122554068
Turkiye,1970,49.6056546652287
Tuvalu,1970,66.6666666666667
Tanzania,1970,31.609844208625
Uganda,1970,49.9474500775737
Ukraine,1970,
Upper middle income,1970,34.42570701404
Uruguay,1970,88.452748257342
United States,1970,47.9675858394403
Uzbekistan,1970,
St. Vincent and the Grenadines,1970,28.2051282051282
"Venezuela, RB",1970,22.5984921489711
British Virgin Islands,1970,53.3333333333333
Virgin Islands (U.S.),1970,42.8571428571429
Viet Nam,1970,19.7148913945129
Vanuatu,1970,9.84413453650533
World,1970,36.2411662026976
Samoa,1970,22.4381625441696
Kosovo,1970,
"Yemen, Rep.",1970,44.3547928859594
South Africa,1970,78.6957274398437
Zambia,1970,26.7342848303044
Zimbabwe,1970,27.6936923872302
Aruba,1971,11.1111111111111
Africa Eastern and Southern,1971,40.6269085684933
Afghanistan,1971,58.3168514174448
Africa Western and Central,1971,33.2124096619938
Angola,1971,36.241276971204
Albania,1971,43.7956204379562
Andorra,1971,53.1914893617021
Arab World,1971,28.2475532134847
United Arab Emirates,1971,2.98507462686567
Argentina,1971,46.5463753658617
Armenia,1971,
American Samoa,1971,9.65
Antigua and Barbuda,1971,22.7272727272727
Australia,1971,65.0242982830663
Austria,1971,40.2435773145904
Azerbaijan,1971,
Burundi,1971,73.9485981308411
Belgium,1971,
Benin,1971,15.5695725434551
Burkina Faso,1971,32.9678362573099
Bangladesh,1971,74.4795267726819
Bulgaria,1971,54.3161890987978
Bahrain,1971,14.4927536231884
"Bahamas, The",1971,0.999000999000999
Bosnia and Herzegovina,1971,
Belarus,1971,
Belize,1971,3.63875493204735
Bermuda,1971,5.55555555555556
Bolivia,1971,28.3707190990492
Brazil,1971,23.191044897549
Barbados,1971,44.1860465116279
Brunei Darussalam,1971,3.60531309297913
Bhutan,1971,8.17584487297477
Botswana,1971,45.8789899952358
Central African Republic,1971,7.76910976275322
Canada,1971,7.0294314149989
Central Europe and the Baltics,1971,64.1685769705519
Switzerland,1971,42.1321594818863
Channel Islands,1971,44.9494949494949
Chile,1971,20.6447066165276
China,1971,40.3962399808271
Cote d'Ivoire,1971,51.2895786163522
Cameroon,1971,16.9829282223774
"Congo, Dem. Rep.",1971,11.2039875609272
"Congo, Rep.",1971,30.893411420205
Colombia,1971,40.6074808472285
Comoros,1971,51.0478237506717
Cabo Verde,1971,16.1290322580645
Costa Rica,1971,36.9565217391304
Caribbean small states,1971,4.34905238464967
Cuba,1971,47.2346368715084
Curacao,1971,
Cayman Islands,1971,11.25
Cyprus,1971,42.8571428571429
Czechia,1971,
Germany,1971,54.283504711712
Djibouti,1971,56.1259706643658
Dominica,1971,25.3333333333333
Denmark,1971,73.775
Dominican Republic,1971,48.5199751604223
Algeria,1971,19.0755498081235
East Asia & Pacific (excluding high income),1971,37.9965681946305
Early-demographic dividend,1971,34.9321976769998
East Asia & Pacific,1971,46.2255687009278
Europe & Central Asia (excluding high income),1971,49.5765529528374
Europe & Central Asia,1971,44.8894917918806
Ecuador,1971,17.7539372922988
"Egypt, Arab Rep.",1971,2.865035913406
Euro area,1971,53.497165966119
Eritrea,1971,
Spain,1971,65.3967745808156
Estonia,1971,
Ethiopia,1971,
European Union,1971,50.8632991637499
Finland,1971,8.87652253849437
Fiji,1971,12.096332785988
France,1971,60.5306614713795
Faroe Islands,1971,69.1489971346705
"Micronesia, Fed. Sts.",1971,
Gabon,1971,7.11134396708969
United Kingdom,1971,77.8861654197495
Georgia,1971,
Ghana,1971,51.4195306319768
Gibraltar,1971,
Guinea,1971,56.3985430571382
"Gambia, The",1971,53.0632411067194
Guinea-Bissau,1971,17.7692034139403
Equatorial Guinea,1971,4.70053475935829
Greece,1971,71.0240496508922
Grenada,1971,64.7058823529412
Greenland,1971,0.687737781679836
Guatemala,1971,25.8212019410228
Guam,1971,31.4814814814815
Guyana,1971,6.96965075491841
High income,1971,38.5447088706498
"Hong Kong SAR, China",1971,11.7647058823529
Honduras,1971,27.2142282598981
Heavily indebted poor countries (HIPC),1971,32.400830541485
Croatia,1971,
Haiti,1971,62.0464441219158
Hungary,1971,76.1920640213404
IBRD only,1971,36.1880472201161
IDA & IBRD total,1971,35.4259427993457
IDA total,1971,33.592918458011
IDA blend,1971,36.8612637335703
Indonesia,1971,18.5436113426475
IDA only,1971,32.6989569207753
Isle of Man,1971,55.4385964912281
India,1971,59.8068068303741
Not classified,1971,
Ireland,1971,70.0246770213384
"Iran, Islamic Rep.",1971,36.9323902846337
Iraq,1971,20.5752566476896
Iceland,1971,19.860349127182
Israel,1971,24.3530499075786
Italy,1971,60.0081602121655
Jamaica,1971,46.814404432133
Jordan,1971,12.5226654578422
Japan,1971,17.8429233706027
Kazakhstan,1971,
Kenya,1971,44.1183726323927
Kyrgyz Republic,1971,
Cambodia,1971,13.8794470881487
Kiribati,1971,46.9135802469136
St. Kitts and Nevis,1971,42.8571428571429
"Korea, Rep.",1971,23.833713456355
Kuwait,1971,7.57575757575758
Latin America & Caribbean (excluding high income),1971,30.235516020341
Lao PDR,1971,6.421143847487
Lebanon,1971,61.58357771261
Liberia,1971,11.781146179402
Libya,1971,7.52185230230628
St. Lucia,1971,32.7868852459016
Latin America & Caribbean,1971,30.1430770457896
Least developed countries: UN classification,1971,32.6763094842389
Low income,1971,33.2083271259945
Liechtenstein,1971,56.25
Sri Lanka,1971,37.2986764471376
Lower middle income,1971,37.7712716059051
Low & middle income,1971,35.2852557727278
Lesotho,1971,77.8656126482213
Late-demographic dividend,1971,36.5014372593684
Lithuania,1971,
Luxembourg,1971,
Latvia,1971,
"Macao SAR, China",1971,
St. Martin (French part),1971,
Morocco,1971,58.1014473271497
Monaco,1971,
Moldova,1971,
Madagascar,1971,60.8556591120129
Maldives,1971,20.0
"Middle East, North Africa, Afghanistan & Pakistan",1971,29.0960505574186
Mexico,1971,49.8665089122663
Marshall Islands,1971,
Middle income,1971,35.6760491964153
North Macedonia,1971,
Mali,1971,26.0434850310198
Malta,1971,43.75
Myanmar,1971,16.5330354683723
"Middle East, North Africa, Afghanistan & Pakistan (excluding high income)",1971,27.77257380236
Montenegro,1971,
Mongolia,1971,90.9134534257383
Northern Mariana Islands,1971,
Mozambique,1971,43.9850962638928
Mauritania,1971,38.3166779858349
Mauritius,1971,55.1724137931034
Malawi,1971,40.9100551548579
Malaysia,1971,12.0492466900015
North America,1971,27.5886413849373
Namibia,1971,46.949434585626
New Caledonia,1971,14.3873085339168
Niger,1971,24.6546143522539
Nigeria,1971,60.717854123434
Nicaragua,1971,29.9567890975569
Netherlands,1971,63.281990521327
Norway,1971,2.54898095519707
Nepal,1971,25.8881118881119
Nauru,1971,20.0
New Zealand,1971,49.6980745129315
OECD members,1971,39.9385560510586
Oman,1971,3.36672051696284
Other small states,1971,27.1704137523484
Pakistan,1971,46.0318078040681
Panama,1971,23.0427764326069
Peru,1971,14.02421875
Philippines,1971,27.7576611010528
Palau,1971,
Papua New Guinea,1971,1.43090579870159
Poland,1971,63.6912729765908
Pre-demographic dividend,1971,34.4076879138349
Puerto Rico (US),1971,59.7519729425028
"Korea, Dem. People's Rep.",1971,18.6653932397641
Portugal,1971,43.0054644808743
Paraguay,1971,28.5325950163604
West Bank and Gaza,1971,80.3986710963455
Pacific island small states,1971,8.4696150174992
Post-demographic dividend,1971,39.3505671171415
French Polynesia,1971,11.5023224043716
Qatar,1971,4.39276485788114
Romania,1971,64.8389337501085
Russian Federation,1971,
Rwanda,1971,58.694770976895
South Asia,1971,57.7877311504777
Saudi Arabia,1971,40.2230088989575
Sudan,1971,
Senegal,1971,46.4654858983016
Singapore,1971,14.9253731343284
Solomon Islands,1971,1.96498749553412
Sierra Leone,1971,36.9770019395955
El Salvador,1971,58.8009592326139
San Marino,1971,16.6666666666667
"Somalia, Fed. Rep.",1971,70.0656741161093
Serbia,1971,
Sub-Saharan Africa (excluding high income),1971,37.2972295643093
South Sudan,1971,
Sub-Saharan Africa,1971,37.2966259889994
Small states,1971,12.2460438080331
Sao Tome and Principe,1971,38.5416666666667
Suriname,1971,0.32397217801698
Slovak Republic,1971,
Slovenia,1971,
Sweden,1971,9.22571504815268
Eswatini,1971,86.8604651162791
Sint Maarten (Dutch part),1971,
Seychelles,1971,10.8695652173913
Syrian Arab Republic,1971,73.2288605941887
Turks and Caicos Islands,1971,1.05263157894737
Chad,1971,38.015873015873
East Asia & Pacific (IDA & IBRD countries),1971,38.1438483970258
Europe & Central Asia (IDA & IBRD countries),1971,55.366996932749
Togo,1971,52.9509100937672
Thailand,1971,28.1841492297755
Tajikistan,1971,
Turkmenistan,1971,
Latin America & the Caribbean (IDA & IBRD countries),1971,30.0538980655874
Timor-Leste,1971,16.3416274377942
"Middle East, North Africa, Afghanistan & Pakistan (IDA & IBRD)",1971,27.741085192728
Tonga,1971,44.4444444444444
South Asia (IDA & IBRD),1971,57.7877311504777
Sub-Saharan Africa (IDA & IBRD countries),1971,37.2966259889994
Trinidad and Tobago,1971,19.6881091617934
Tunisia,1971,58.3032955715757
Turkiye,1971,49.7823629536271
Tuvalu,1971,66.6666666666667
Tanzania,1971,32.7387672160759
Uganda,1971,50.1976878034132
Ukraine,1971,
Upper middle income,1971,34.7285657196638
Uruguay,1971,88.2242029482345
United States,1971,47.7139216679623
Uzbekistan,1971,
St. Vincent and the Grenadines,1971,28.2051282051282
"Venezuela, RB",1971,22.7039283487331
British Virgin Islands,1971,53.3333333333333
Virgin Islands (U.S.),1971,42.8571428571429
Viet Nam,1971,19.7302528495499
Vanuatu,1971,9.84413453650533
World,1971,36.383854770931
Samoa,1971,22.6148409893993
Kosovo,1971,
"Yemen, Rep.",1971,44.3699452620414
South Africa,1971,78.5053046352702
Zambia,1971,26.975073649094
Zimbabwe,1971,28.0010756107018
Aruba,1972,11.1111111111111
Africa Eastern and Southern,1972,40.6490914462887
Afghanistan,1972,58.3352498351808
Africa Western and Central,1972,33.2379273714487
Angola,1972,36.2236303842143
Albania,1972,42.8467153284672
Andorra,1972,53.1914893617021
Arab World,1972,28.3761639830924
United Arab Emirates,1972,2.98507462686567
Argentina,1972,46.5463753658617
Armenia,1972,
American Samoa,1972,9.65
Antigua and Barbuda,1972,20.4545454545455
Australia,1972,65.0605938325762
Austria,1972,40.0763451284537
Azerbaijan,1972,
Burundi,1972,74.2211838006231
Belgium,1972,
Benin,1972,15.8452908832919
Burkina Faso,1972,32.9678362573099
Bangladesh,1972,76.7534762234002
Bulgaria,1972,54.4336979119588
Bahrain,1972,14.4927536231884
"Bahamas, The",1972,0.999000999000999
Bosnia and Herzegovina,1972,
Belarus,1972,
Belize,1972,3.63875493204735
Bermuda,1972,5.55555555555556
Bolivia,1972,28.8655035539555
Brazil,1972,23.6105162153302
Barbados,1972,44.1860465116279
Brunei Darussalam,1972,3.41555977229602
Bhutan,1972,8.24005307878347
Botswana,1972,45.8807545039084
Central African Republic,1972,7.78516164242833
Canada,1972,7.03244292902084
Central Europe and the Baltics,1972,63.9990233712681
Switzerland,1972,42.0663833232139
Channel Islands,1972,44.9494949494949
Chile,1972,20.9809396233114
China,1972,40.8883444731446
Cote d'Ivoire,1972,51.2893081761006
Cameroon,1972,17.1246641704216
"Congo, Dem. Rep.",1972,11.2260426545511
"Congo, Rep.",1972,30.8958828696925
Colombia,1972,40.6200991437584
Comoros,1972,51.0478237506717
Cabo Verde,1972,16.1290322580645
Costa Rica,1972,36.9565217391304
Caribbean small states,1972,4.35156193593914
Cuba,1972,51.9646182495345
Curacao,1972,
Cayman Islands,1972,11.25
Cyprus,1972,42.6406926406926
Czechia,1972,
Germany,1972,54.2749119239252
Djibouti,1972,56.1259706643658
Dominica,1972,25.3333333333333
Denmark,1972,73.9
Dominican Republic,1972,49.0581660111778
Algeria,1972,19.0600149470555
East Asia & Pacific (excluding high income),1972,38.3841435803049
Early-demographic dividend,1972,35.085615521384
East Asia & Pacific,1972,46.5022560023019
Europe & Central Asia (excluding high income),1972,50.1863167007515
Europe & Central Asia,1972,44.8434051867287
Ecuador,1972,17.9706689784713
"Egypt, Arab Rep.",1972,2.86804962579738
Euro area,1972,53.3136304292447
Eritrea,1972,
Spain,1972,65.1646724558806
Estonia,1972,
Ethiopia,1972,
European Union,1972,50.690946893779
Finland,1972,8.58104336977576
Fiji,1972,12.5889436234264
France,1972,60.3302718248446
Faroe Islands,1972,69.1489971346705
"Micronesia, Fed. Sts.",1972,
Gabon,1972,7.169557961734
United Kingdom,1972,77.5265572686314
Georgia,1972,
Ghana,1972,51.4195306319768
Gibraltar,1972,
Guinea,1972,56.4188914211297
"Gambia, The",1972,53.5573122529644
Guinea-Bissau,1972,17.7692034139403
Equatorial Guinea,1972,4.62923351158645
Greece,1972,71.0628394103957
Grenada,1972,58.8235294117647
Greenland,1972,0.687737781679836
Guatemala,1972,26.1291526689063
Guam,1972,31.4814814814815
Guyana,1972,6.98490163184383
High income,1972,38.4826931210922
"Hong Kong SAR, China",1972,11.7647058823529
Honduras,1972,27.5270354812763
Heavily indebted poor countries (HIPC),1972,32.4540870344024
Croatia,1972,
Haiti,1972,57.4746008708273
Hungary,1972,76.0920306768923
IBRD only,1972,36.4494797548513
IDA & IBRD total,1972,35.6367342210071
IDA total,1972,33.6819071576218
IDA blend,1972,36.9555762419249
Indonesia,1972,18.7494202266542
IDA only,1972,32.7864894461306
Isle of Man,1972,56.140350877193
India,1972,59.8501945721599
Not classified,1972,
Ireland,1972,70.0740310640151
"Iran, Islamic Rep.",1972,37.3290110267934
Iraq,1972,20.9433660287628
Iceland,1972,19.7605985037406
Israel,1972,24.3530499075786
Italy,1972,59.5287477474414
Jamaica,1972,46.814404432133
Jordan,1972,12.5679963735267
Japan,1972,17.6513911620295
Kazakhstan,1972,
Kenya,1972,44.1328699441262
Kyrgyz Republic,1972,
Cambodia,1972,13.8794470881487
Kiribati,1972,46.9135802469136
St. Kitts and Nevis,1972,42.8571428571429
"Korea, Rep.",1972,23.533070702882
Kuwait,1972,7.57575757575758
Latin America & Caribbean (excluding high income),1972,30.530121619809
Lao PDR,1972,6.55112651646447
Lebanon,1972,62.0723362658847
Liberia,1972,11.781146179402
Libya,1972,7.63722336519772
St. Lucia,1972,32.7868852459016
Latin America & Caribbean,1972,30.4303358094049
Least developed countries: UN classification,1972,32.7155687402426
Low income,1972,33.2980783906922
Liechtenstein,1972,56.25
Sri Lanka,1972,37.3943549673098
Lower middle income,1972,37.874652261607
Low & middle income,1972,35.5066290466042
Lesotho,1972,77.7009222661397
Late-demographic dividend,1972,36.8852717130234
Lithuania,1972,
Luxembourg,1972,
Latvia,1972,
"Macao SAR, China",1972,
St. Martin (French part),1972,
Morocco,1972,58.6324326746427
Monaco,1972,
Moldova,1972,
Madagascar,1972,60.9072462771262
Maldives,1972,20.0
"Middle East, North Africa, Afghanistan & Pakistan",1972,29.2634895939564
Mexico,1972,49.9755652151547
Marshall Islands,1972,
Middle income,1972,35.9221883743493
North Macedonia,1972,
Mali,1972,26.0434850310198
Malta,1972,43.75
Myanmar,1972,16.5330354683723
"Middle East, North Africa, Afghanistan & Pakistan (excluding high income)",1972,27.9777969601941
Montenegro,1972,
Mongolia,1972,90.9134534257383
Northern Mariana Islands,1972,
Mozambique,1972,44.0092576108243
Mauritania,1972,38.3166779858349
Mauritius,1972,55.6650246305419
Malawi,1972,41.4403903266865
Malaysia,1972,12.4182924973368
North America,1972,27.4619462030729
Namibia,1972,46.949434585626
New Caledonia,1972,14.4420131291028
Niger,1972,24.6127733480698
Nigeria,1972,60.8792560141419
Nicaragua,1972,29.9983380422137
Netherlands,1972,62.8465639810427
Norway,1972,2.49148514417759
Nepal,1972,26.7272727272727
Nauru,1972,20.0
New Zealand,1972,51.2164368994721
OECD members,1972,39.896332645533
Oman,1972,3.37318255250404
Other small states,1972,27.2233345387512
Pakistan,1972,46.0577521793275
Panama,1972,23.4463276836158
Peru,1972,14.50390625
Philippines,1972,28.2639307986321
Palau,1972,
Papua New Guinea,1972,1.45298767831118
Poland,1972,63.2439844591727
Pre-demographic dividend,1972,34.4443227577121
Puerto Rico (US),1972,58.0608793686584
"Korea, Dem. People's Rep.",1972,18.6487833236442
Portugal,1972,43.0710382513661
Paraguay,1972,28.7389881701485
West Bank and Gaza,1972,80.3986710963455
Pacific island small states,1972,8.62869869551384
Post-demographic dividend,1972,39.2908265652655
French Polynesia,1972,11.428087431694
Qatar,1972,4.39276485788114
Romania,1972,64.8736650169315
Russian Federation,1972,
Rwanda,1972,61.1268747466559
South Asia,1972,57.9528040492322
Saudi Arabia,1972,40.2462680665584
Sudan,1972,
Senegal,1972,46.4654858983016
Singapore,1972,16.4179104477612
Solomon Islands,1972,1.96498749553412
Sierra Leone,1972,37.0462732058742
El Salvador,1972,58.6954436450839
San Marino,1972,16.6666666666667
"Somalia, Fed. Rep.",1972,70.0736442758313
Serbia,1972,
Sub-Saharan Africa (excluding high income),1972,37.3209108497601
South Sudan,1972,
Sub-Saharan Africa,1972,37.3203067335988
Small states,1972,12.2794695898123
Sao Tome and Principe,1972,38.5416666666667
Suriname,1972,0.330202412209614
Slovak Republic,1972,
Slovenia,1972,
Sweden,1972,9.16679616546092
Eswatini,1972,87.9651162790698
Sint Maarten (Dutch part),1972,
Seychelles,1972,10.8695652173913
Syrian Arab Republic,1972,77.0540864076613
Turks and Caicos Islands,1972,1.05263157894737
Chad,1972,38.015873015873
East Asia & Pacific (IDA & IBRD countries),1972,38.5345031721758
Europe & Central Asia (IDA & IBRD countries),1972,55.623178170589
Togo,1972,52.9509100937672
Thailand,1972,29.8107224647184
Tajikistan,1972,
Turkmenistan,1972,
Latin America & the Caribbean (IDA & IBRD countries),1972,30.3182869828457
Timor-Leste,1972,16.4761264290518
"Middle East, North Africa, Afghanistan & Pakistan (IDA & IBRD)",1972,27.9464311449975
Tonga,1972,45.8333333333333
South Asia (IDA & IBRD),1972,57.9528040492322
Sub-Saharan Africa (IDA & IBRD countries),1972,37.3203067335988
Trinidad and Tobago,1972,19.6881091617934
Tunisia,1972,58.9340885684861
Turkiye,1972,50.4476176864207
Tuvalu,1972,66.6666666666667
Tanzania,1972,32.7387672160759
Uganda,1972,50.5480206195886
Ukraine,1972,
Upper middle income,1972,35.0392619300006
Uruguay,1972,87.9899440063993
United States,1972,47.4602574964843
Uzbekistan,1972,
St. Vincent and the Grenadines,1972,28.2051282051282
"Venezuela, RB",1972,22.7481435292784
British Virgin Islands,1972,53.3333333333333
Virgin Islands (U.S.),1972,42.8571428571429
Viet Nam,1972,19.807060124735
Vanuatu,1972,9.84413453650533
World,1972,36.5097098524865
Samoa,1972,22.6148409893993
Kosovo,1972,
"Yemen, Rep.",1972,44.3907797791541
South Africa,1972,78.3190035364235
Zambia,1972,27.0288812063654
Zimbabwe,1972,28.360024557322
Aruba,1973,11.1111111111111
Africa Eastern and Southern,1973,40.6708343897772
Afghanistan,1973,58.3370896769544
Africa Western and Central,1973,33.2558090460704
Angola,1973,36.2051816796342
Albania,1973,41.8248175182482
Andorra,1973,51.063829787234
Arab World,1973,28.3628253563666
United Arab Emirates,1973,2.99915516755843
Argentina,1973,46.5463753658617
Armenia,1973,
American Samoa,1973,9.65
Antigua and Barbuda,1973,20.4545454545455
Australia,1973,64.8109290186533
Austria,1973,39.0475036354823
Azerbaijan,1973,
Burundi,1973,77.8816199376947
Belgium,1973,
Benin,1973,16.0137903511884
Burkina Faso,1973,32.9678362573099
Bangladesh,1973,76.7381117000845
Bulgaria,1973,54.0721323330019
Bahrain,1973,14.4927536231884
"Bahamas, The",1973,0.999000999000999
Bosnia and Herzegovina,1973,
Belarus,1973,
Belize,1973,3.68259535291539
Bermuda,1973,5.55555555555556
Bolivia,1973,28.9005815563556
Brazil,1973,24.0299875331114
Barbados,1973,44.1860465116279
Brunei Darussalam,1973,3.41555977229602
Bhutan,1973,8.24005307878347
Botswana,1973,45.8807545039084
Central African Republic,1973,7.80121352210344
Canada,1973,7.03545444304279
Central Europe and the Baltics,1973,63.8159054840416
Switzerland,1973,41.8361667678608
Channel Islands,1973,44.4444444444444
Chile,1973,21.3010334457697
China,1973,41.4858999281016
Cote d'Ivoire,1973,51.912606918239
Cameroon,1973,17.2621691946437
"Congo, Dem. Rep.",1973,11.2480977481749
"Congo, Rep.",1973,30.9071244509517
Colombia,1973,40.6345200540784
Comoros,1973,51.0478237506717
Cabo Verde,1973,16.1290322580645
Costa Rica,1973,40.1096748922836
Caribbean small states,1973,4.3866956539917
Cuba,1973,54.4785847299814
Curacao,1973,
Cayman Islands,1973,11.25
Cyprus,1973,42.6623376623377
Czechia,1973,
Germany,1973,54.1259702689543
Djibouti,1973,56.1259706643658
Dominica,1973,25.3333333333333
Denmark,1973,74.65
Dominican Republic,1973,49.7826536948872
Algeria,1973,18.6015266149958
East Asia & Pacific (excluding high income),1973,38.8019491839005
Early-demographic dividend,1973,35.1740903623735
East Asia & Pacific,1973,46.6940592122121
Europe & Central Asia (excluding high income),1973,50.1022546202778
Europe & Central Asia,1973,44.6932172883697
Ecuador,1973,18.1874006646438
"Egypt, Arab Rep.",1973,2.86804962579738
Euro area,1973,53.0794245955929
Eritrea,1973,
Spain,1973,64.5884189043179
Estonia,1973,
Ethiopia,1973,
European Union,1973,50.5042900267373
Finland,1973,8.47729735053679
Fiji,1973,12.8626163108922
France,1973,60.228221541887
Faroe Islands,1973,69.1489971346705
"Micronesia, Fed. Sts.",1973,
Gabon,1973,7.24717662125975
United Kingdom,1973,77.2785516471707
Georgia,1973,
Ghana,1973,51.4195306319768
Gibraltar,1973,
Guinea,1973,56.4218215855445
"Gambia, The",1973,54.0513833992095
Guinea-Bissau,1973,17.947012802276
Equatorial Guinea,1973,4.59358288770053
Greece,1973,70.9309542280838
Grenada,1973,58.8235294117647
Greenland,1973,0.687737781679836
Guatemala,1973,26.5304217991788
Guam,1973,31.4814814814815
Guyana,1973,6.99506888312745
High income,1973,38.3547855025114
"Hong Kong SAR, China",1973,11.7647058823529
Honduras,1973,27.6164089730986
Heavily indebted poor countries (HIPC),1973,32.4820388784047
Croatia,1973,
Haiti,1973,57.4383164005805
Hungary,1973,75.9697677003446
IBRD only,1973,36.6961515797959
IDA & IBRD total,1973,35.8333991036223
IDA total,1973,33.7582975412835
IDA blend,1973,37.278776579057
Indonesia,1973,18.9083417146453
IDA only,1973,32.7953720890834
Isle of Man,1973,56.8421052631579
India,1973,60.1209475344664
Not classified,1973,
Ireland,1973,70.2859631296269
"Iran, Islamic Rep.",1973,37.7471205088534
Iraq,1973,20.9662299654755
Iceland,1973,19.6608478802993
Israel,1973,24.815157116451
Italy,1973,59.4403454489817
Jamaica,1973,46.814404432133
Jordan,1973,12.5793291024479
Japan,1973,17.5177304964539
Kazakhstan,1973,
Kenya,1973,44.1473672558597
Kyrgyz Republic,1973,
Cambodia,1973,13.8794470881487
Kiribati,1973,46.9135802469136
St. Kitts and Nevis,1973,42.8571428571429
"Korea, Rep.",1973,23.5434376943811
Kuwait,1973,7.57575757575758
Latin America & Caribbean (excluding high income),1973,30.7781557408841
Lao PDR,1973,6.63778162911612
Lebanon,1973,63.049853372434
Liberia,1973,11.781146179402
Libya,1973,7.75486774952544
St. Lucia,1973,32.7868852459016
Latin America & Caribbean,1973,30.6809876657055
Least developed countries: UN classification,1973,32.7023789691906
Low income,1973,33.3345181353306
Liechtenstein,1973,56.25
Sri Lanka,1973,37.4900334874821
Lower middle income,1973,38.0136293273345
Low & middle income,1973,35.7088972308634
Lesotho,1973,77.7009222661397
Late-demographic dividend,1973,37.3196980602194
Lithuania,1973,
Luxembourg,1973,
Latvia,1973,
"Macao SAR, China",1973,
St. Martin (French part),1973,
Morocco,1973,59.2090522070356
Monaco,1973,
Moldova,1973,
Madagascar,1973,60.9416377205351
Maldives,1973,23.3333333333333
"Middle East, North Africa, Afghanistan & Pakistan",1973,29.3777540962611
Mexico,1973,50.1041693459194
Marshall Islands,1973,
Middle income,1973,36.15565925821
North Macedonia,1973,
Mali,1973,26.0434850310198
Malta,1973,43.75
Myanmar,1973,15.7939835358203
"Middle East, North Africa, Afghanistan & Pakistan (excluding high income)",1973,28.1149095315907
Montenegro,1973,
Mongolia,1973,90.9134534257383
Northern Mariana Islands,1973,
Mozambique,1973,44.0753834024263
Mauritania,1973,38.3040651984088
Mauritius,1973,55.6650246305419
Malawi,1973,41.9707254985151
Malaysia,1973,12.6644042002739
North America,1973,27.3407683831327
Namibia,1973,46.949434585626
New Caledonia,1973,14.4420131291028
Niger,1973,24.3262019420542
Nigeria,1973,61.0406579048497
Nicaragua,1973,30.0814359315273
Netherlands,1973,62.4407582938389
Norway,1973,2.4750577696006
Nepal,1973,27.6433566433566
Nauru,1973,20.0
New Zealand,1973,51.2006760092666
OECD members,1973,39.7766875187563
Oman,1973,3.37641357027464
Other small states,1973,27.2065762897237
Pakistan,1973,47.2187629721876
Panama,1973,23.7153618509551
Peru,1973,14.682036015625
Philippines,1973,28.8233913422526
Palau,1973,
Papua New Guinea,1973,1.4949432495694
Poland,1973,63.0970648731594
Pre-demographic dividend,1973,34.475142143244
Puerto Rico (US),1973,55.467869222097
"Korea, Dem. People's Rep.",1973,19.1097084959721
Portugal,1973,43.1256830601093
Paraguay,1973,28.9428643342562
West Bank and Gaza,1973,80.5647840531561
Pacific island small states,1973,8.70824053452116
Post-demographic dividend,1973,39.1397511766622
French Polynesia,1973,11.3538797814208
Qatar,1973,4.39276485788114
Romania,1973,64.7043500911696
Russian Federation,1973,
Rwanda,1973,61.0052695581678
South Asia,1973,58.2331896046981
Saudi Arabia,1973,40.2709227842154
Sudan,1973,
Senegal,1973,46.7251856853477
Singapore,1973,16.4179104477612
Solomon Islands,1973,1.96498749553412
Sierra Leone,1973,37.1155444721529
El Salvador,1973,58.7865707434053
San Marino,1973,16.6666666666667
"Somalia, Fed. Rep.",1973,70.0816144355533
Serbia,1973,
Sub-Saharan Africa (excluding high income),1973,37.3409199298675
South Sudan,1973,
Sub-Saharan Africa,1973,37.3403153567234
Small states,1973,12.3015596716838
Sao Tome and Principe,1973,38.5416666666667
Suriname,1973,0.348893114787517
Slovak Republic,1973,
Slovenia,1973,
Sweden,1973,9.12751691033307
Eswatini,1973,87.9651162790698
Sint Maarten (Dutch part),1973,
Seychelles,1973,10.8695652173913
Syrian Arab Republic,1973,78.7789748612471
Turks and Caicos Islands,1973,1.05263157894737
Chad,1973,38.0238095238095
East Asia & Pacific (IDA & IBRD countries),1973,38.9519799619659
Europe & Central Asia (IDA & IBRD countries),1973,55.4909332613256
Togo,1973,52.9509100937672
Thailand,1973,31.474485701423
Tajikistan,1973,
Turkmenistan,1973,
Latin America & the Caribbean (IDA & IBRD countries),1973,30.5581664137991
Timor-Leste,1973,16.8123739071957
"Middle East, North Africa, Afghanistan & Pakistan (IDA & IBRD)",1973,28.0835262393612
Tonga,1973,45.8333333333333
South Asia (IDA & IBRD),1973,58.2331896046981
Sub-Saharan Africa (IDA & IBRD countries),1973,37.3403153567234
Trinidad and Tobago,1973,21.4424951267057
Tunisia,1973,59.5005149330587
Turkiye,1973,50.3969439860712
Tuvalu,1973,66.6666666666667
Tanzania,1973,32.7387672160759
Uganda,1973,50.9484009809319
Ukraine,1973,
Upper middle income,1973,35.3154652229841
Uruguay,1973,87.7613986972917
United States,1973,47.217511595203
Uzbekistan,1973,
St. Vincent and the Grenadines,1973,25.6410256410256
"Venezuela, RB",1973,22.8773879031801
British Virgin Islands,1973,53.3333333333333
Virgin Islands (U.S.),1973,42.8571428571429
Viet Nam,1973,19.9145903099942
Vanuatu,1973,9.84413453650533
World,1973,36.6006930578431
Samoa,1973,22.6148409893993
Kosovo,1973,
"Yemen, Rep.",1973,44.4002500142053
South Africa,1973,78.1244590261234
Zambia,1973,27.0974858418865
Zimbabwe,1973,28.6003722373013
Aruba,1974,11.1111111111111
Africa Eastern and Southern,1974,40.6897868343469
Afghanistan,1974,58.3387761985803
Africa Western and Central,1974,33.2081597978373
Angola,1974,36.1875350926446
Albania,1974,40.9489051094891
Andorra,1974,51.063829787234
Arab World,1974,28.423170278328
United Arab Emirates,1974,3.0132357082512
Argentina,1974,46.5463753658617
Armenia,1974,
American Samoa,1974,9.65
Antigua and Barbuda,1974,20.4545454545455
Australia,1974,65.1311456204522
Austria,1974,38.8669413475521
Azerbaijan,1974,
Burundi,1974,79.0498442367601
Belgium,1974,
Benin,1974,16.2532369634622
Burkina Faso,1974,32.9678362573099
Bangladesh,1974,76.7381117000845
Bulgaria,1974,54.5783241435415
Bahrain,1974,14.4927536231884
"Bahamas, The",1974,0.999000999000999
Bosnia and Herzegovina,1974,
Belarus,1974,
Belize,1974,3.68259535291539
Bermuda,1974,5.55555555555556
Bolivia,1974,29.3944429059356
Brazil,1974,24.4494588508927
Barbados,1974,44.1860465116279
Brunei Darussalam,1974,3.41555977229602
Bhutan,1974,8.38987222567044
Botswana,1974,45.8807545039084
Central African Republic,1974,7.81726540177855
Canada,1974,7.03846595706473
Central Europe and the Baltics,1974,63.7602919034765
Switzerland,1974,41.6793159279498
Channel Islands,1974,44.4444444444444
Chile,1974,21.8551454409494
China,1974,42.1910366681756
Cote d'Ivoire,1974,52.4069213836478
Cameroon,1974,17.5160246239766
"Congo, Dem. Rep.",1974,11.2701528417988
"Congo, Rep.",1974,30.9110541727672
Colombia,1974,40.6480396575034
Comoros,1974,51.0478237506717
Cabo Verde,1974,16.1290322580645
Costa Rica,1974,40.1096748922836
Caribbean small states,1974,4.39146380144169
Cuba,1974,52.4301675977654
Curacao,1974,
Cayman Islands,1974,11.25
Cyprus,1974,31.0606060606061
Czechia,1974,
Germany,1974,53.9082863116891
Djibouti,1974,56.1259706643658
Dominica,1974,25.3333333333333
Denmark,1974,73.3
Dominican Republic,1974,50.1966466570068
Algeria,1974,18.614962170514
East Asia & Pacific (excluding high income),1974,39.3151248292278
Early-demographic dividend,1974,35.2165722979253
East Asia & Pacific,1974,47.1284667702198
Europe & Central Asia (excluding high income),1974,49.4962548461162
Europe & Central Asia,1974,44.5084754425457
Ecuador,1974,18.6678225689929
"Egypt, Arab Rep.",1974,2.85599477623186
Euro area,1974,52.9535204932552
Eritrea,1974,
Spain,1974,64.1880940470235
Estonia,1974,
Ethiopia,1974,
European Union,1974,50.3787027361912
Finland,1974,8.55379362421616
Fiji,1974,13.136288998358
France,1974,60.1948232674645
Faroe Islands,1974,69.1489971346705
"Micronesia, Fed. Sts.",1974,
Gabon,1974,7.30539061590406
United Kingdom,1974,77.0388128797586
Georgia,1974,
Ghana,1974,51.4195306319768
Gibraltar,1974,
Guinea,1974,56.4060312550871
"Gambia, The",1974,56.7193675889328
Guinea-Bissau,1974,18.1248221906117
Equatorial Guinea,1974,4.5222816399287
Greece,1974,70.9154383242824
Grenada,1974,58.8235294117647
Greenland,1974,0.687737781679836
Guatemala,1974,26.8290406868234
Guam,1974,31.4814814814815
Guyana,1974,6.99506888312745
High income,1974,38.3575961891794
"Hong Kong SAR, China",1974,11.7647058823529
Honduras,1974,27.670033068192
Heavily indebted poor countries (HIPC),1974,32.50070061342
Croatia,1974,
Haiti,1974,57.4383164005805
Hungary,1974,75.3806824497055
IBRD only,1974,36.9609370146859
IDA & IBRD total,1974,36.0144652383647
IDA total,1974,33.7379591078563
IDA blend,1974,37.2571975835693
Indonesia,1974,19.0592951969838
IDA only,1974,32.7753493749511
Isle of Man,1974,57.5438596491228
India,1974,60.2995435878635
Not classified,1974,
Ireland,1974,70.3846712149804
"Iran, Islamic Rep.",1974,37.4272452663376
Iraq,1974,21.2177332693143
Iceland,1974,19.5511221945137
Israel,1974,25.184842883549
Italy,1974,59.5083472170276
Jamaica,1974,46.814404432133
Jordan,1974,12.6246600181324
Japan,1974,17.3949809056192
Kazakhstan,1974,
Kenya,1974,44.1618643918895
Kyrgyz Republic,1974,
Cambodia,1974,14.1627011103558
Kiribati,1974,46.9135802469136
St. Kitts and Nevis,1974,42.8571428571429
"Korea, Rep.",1974,23.5123367198839
Kuwait,1974,7.57575757575758
Latin America & Caribbean (excluding high income),1974,31.0272479441799
Lao PDR,1974,6.73743500866551
Lebanon,1974,62.5610948191593
Liberia,1974,11.781146179402
Libya,1974,7.87023881241688
St. Lucia,1974,32.6229508196721
Latin America & Caribbean,1974,30.9341749736157
Least developed countries: UN classification,1974,32.6772306786243
Low income,1974,33.2816647548887
Liechtenstein,1974,56.25
Sri Lanka,1974,37.5857120076543
Lower middle income,1974,38.0960776354676
Low & middle income,1974,35.8853025328668
Lesotho,1974,77.7009222661397
Late-demographic dividend,1974,37.7837101261844
Lithuania,1974,
Luxembourg,1974,
Latvia,1974,
"Macao SAR, China",1974,
St. Martin (French part),1974,
Morocco,1974,59.6683844947345
Monaco,1974,
Moldova,1974,
Madagascar,1974,61.0018227465007
Maldives,1974,23.3333333333333
"Middle East, North Africa, Afghanistan & Pakistan",1974,29.3406849685438
Mexico,1974,50.1818462409013
Marshall Islands,1974,
Middle income,1974,36.3751841904851
North Macedonia,1974,
Mali,1974,26.0844622558782
Malta,1974,43.75
Myanmar,1974,15.8108149462925
"Middle East, North Africa, Afghanistan & Pakistan (excluding high income)",1974,28.0602857838195
Montenegro,1974,
Mongolia,1974,90.9134534257383
Northern Mariana Islands,1974,
Mozambique,1974,44.0753834024263
Mauritania,1974,38.2749587658873
Mauritius,1974,55.6650246305419
Malawi,1974,42.0025456088248
Malaysia,1974,12.8487901384873
North America,1974,27.2150663264146
Namibia,1974,46.949434585626
New Caledonia,1974,14.4420131291028
Niger,1974,23.5099076340096
Nigeria,1974,61.2031577676032
Nicaragua,1974,30.164533820841
Netherlands,1974,62.1771327014218
Norway,1974,2.4668440823121
Nepal,1974,27.9300699300699
Nauru,1974,20.0
New Zealand,1974,51.1849151190612
OECD members,1974,39.7696855158234
Oman,1974,3.37964458804523
Other small states,1974,26.5794649708495
Pakistan,1974,46.362598588626
Panama,1974,24.0112994350282
Peru,1974,14.860165703125
Philippines,1974,29.7193064824441
Palau,1974,
Papua New Guinea,1974,1.5545643245153
Poland,1974,62.8717881746058
Pre-demographic dividend,1974,34.4704387373002
Puerto Rico (US),1974,55.6933483652762
"Korea, Dem. People's Rep.",1974,19.1454198156299
Portugal,1974,43.1803278688525
Paraguay,1974,29.441228290964
West Bank and Gaza,1974,80.7308970099668
Pacific island small states,1974,8.80369074132994
Post-demographic dividend,1974,39.1243527961773
French Polynesia,1974,11.2796448087432
Qatar,1974,4.47889750215332
Romania,1974,64.8128852999913
Russian Federation,1974,
Rwanda,1974,64.2075395216863
South Asia,1974,58.4074994346104
Saudi Arabia,1974,40.3034856188567
Sudan,1974,
Senegal,1974,46.9848854723939
Singapore,1974,13.4328358208955
Solomon Islands,1974,1.96498749553412
Sierra Leone,1974,37.1848157384317
El Salvador,1974,59.0215827338129
San Marino,1974,16.6666666666667
"Somalia, Fed. Rep.",1974,70.0895845952753
Serbia,1974,
Sub-Saharan Africa (excluding high income),1974,37.3300392928001
South Sudan,1974,
Sub-Saharan Africa,1974,37.3294349561544
Small states,1974,12.1063821719902
Sao Tome and Principe,1974,38.5416666666667
Suriname,1974,0.355123348980151
Slovak Republic,1974,
Slovenia,1974,
Sweden,1974,9.16925111890641
Eswatini,1974,86.1627906976744
Sint Maarten (Dutch part),1974,
Seychelles,1974,10.8695652173913
Syrian Arab Republic,1974,78.9911851126347
Turks and Caicos Islands,1974,1.05263157894737
Chad,1974,38.0438234360114
East Asia & Pacific (IDA & IBRD countries),1974,39.4687936176849
Europe & Central Asia (IDA & IBRD countries),1974,55.1648214693725
Togo,1974,52.9509100937672
Thailand,1974,33.0462526179804
Tajikistan,1974,
Turkmenistan,1974,
Latin America & the Caribbean (IDA & IBRD countries),1974,30.823909210063
Timor-Leste,1974,16.8123739071957
"Middle East, North Africa, Afghanistan & Pakistan (IDA & IBRD)",1974,28.0287704141624
Tonga,1974,47.2222222222222
South Asia (IDA & IBRD),1974,58.4074994346104
Sub-Saharan Africa (IDA & IBRD countries),1974,37.3294349561544
Trinidad and Tobago,1974,21.6374269005848
Tunisia,1974,59.8094747682801
Turkiye,1974,49.8005535127269
Tuvalu,1974,66.6666666666667
Tanzania,1974,32.7387672160759
Uganda,1974,51.3688003603423
Ukraine,1974,
Upper middle income,1974,35.5969769006409
Uruguay,1974,87.5385670209119
United States,1974,46.9658127123604
Uzbekistan,1974,
St. Vincent and the Grenadines,1974,25.6410256410256
"Venezuela, RB",1974,22.9510798707556
British Virgin Islands,1974,53.3333333333333
Virgin Islands (U.S.),1974,42.8571428571429
Viet Nam,1974,19.9913975851793
Vanuatu,1974,9.84413453650533
World,1974,36.7185913945252
Samoa,1974,22.6148409893993
Kosovo,1974,
"Yemen, Rep.",1974,44.4097202492566
South Africa,1974,77.94640133873
Zambia,1974,27.17550679993
Zimbabwe,1974,28.9287142303218
Aruba,1975,11.1111111111111
Africa Eastern and Southern,1975,40.7438659904345
Afghanistan,1975,58.3387761985803
Africa Western and Central,1975,33.2900283889283
Angola,1975,36.1698885056549
Albania,1975,39.4160583941606
Andorra,1975,51.063829787234
Arab World,1975,28.3886366061731
United Arab Emirates,1975,3.02731624894396
Argentina,1975,46.5463753658617
Armenia,1975,
American Samoa,1975,9.65
Antigua and Barbuda,1975,20.4545454545455
Australia,1975,65.0257084466892
Austria,1975,38.6512360639845
Azerbaijan,1975,
Burundi,1975,80.2180685358256
Belgium,1975,
Benin,1975,16.6088151826889
Burkina Faso,1975,33.0043859649123
Bangladesh,1975,76.853345624952
Bulgaria,1975,53.828075567206
Bahrain,1975,14.4927536231884
"Bahamas, The",1975,0.999000999000999
Bosnia and Herzegovina,1975,
Belarus,1975,
Belize,1975,3.72643577378343
Bermuda,1975,5.55555555555556
Bolivia,1975,29.8901504661682
Brazil,1975,24.8690498125181
Barbados,1975,44.1860465116279
Brunei Darussalam,1975,3.41555977229602
Bhutan,1975,8.38987222567044
Botswana,1975,45.8807545039084
Central African Republic,1975,7.87034896786414
Canada,1975,7.04147747108668
Central Europe and the Baltics,1975,63.6097283073125
Switzerland,1975,41.5857113944546
Channel Islands,1975,44.4444444444444
Chile,1975,22.25862504909
China,1975,42.6820759992544
Cote d'Ivoire,1975,52.8345094339623
Cameroon,1975,17.7593027437541
"Congo, Dem. Rep.",1975,11.2701528417988
"Congo, Rep.",1975,30.9169516837482
Colombia,1975,40.6624605678233
Comoros,1975,51.0478237506717
Cabo Verde,1975,16.1290322580645
Costa Rica,1975,41.5589502546024
Caribbean small states,1975,4.38766365590321
Cuba,1975,54.096834264432
Curacao,1975,
Cayman Islands,1975,11.25
Cyprus,1975,19.512987012987
Czechia,1975,
Germany,1975,53.8252226964168
Djibouti,1975,56.1259706643658
Dominica,1975,25.3333333333333
Denmark,1975,73.425
Dominican Republic,1975,50.8176361001863
Algeria,1975,18.3701831434162
East Asia & Pacific (excluding high income),1975,39.6854973951059
Early-demographic dividend,1975,35.2509639373365
East Asia & Pacific,1975,47.3541288888918
Europe & Central Asia (excluding high income),1975,48.9843544157685
Europe & Central Asia,1975,44.3250082836686
Ecuador,1975,19.4516688339835
"Egypt, Arab Rep.",1975,2.83791250188357
Euro area,1975,52.7572576696641
Eritrea,1975,
Spain,1975,63.8892780657687
Estonia,1975,
Ethiopia,1975,
European Union,1975,50.2322056684434
Finland,1975,8.58137167996323
Fiji,1975,13.4099616858238
France,1975,60.0371091938028
Faroe Islands,1975,69.1489971346705
"Micronesia, Fed. Sts.",1975,
Gabon,1975,7.37912834245353
United Kingdom,1975,76.8114743934196
Georgia,1975,
Ghana,1975,51.8590137997715
Gibraltar,1975,
Guinea,1975,56.4106299853492
"Gambia, The",1975,56.1264822134387
Guinea-Bissau,1975,18.1248221906117
Equatorial Guinea,1975,4.48663101604278
Greece,1975,70.7370054305663
Grenada,1975,58.8235294117647
Greenland,1975,0.687737781679836
Guatemala,1975,26.9503546099291
Guam,1975,31.4814814814815
Guyana,1975,7.000254000508
High income,1975,38.3411549083913
"Hong Kong SAR, China",1975,9.9009900990099
Honduras,1975,28.018589686299
Heavily indebted poor countries (HIPC),1975,32.6016905921048
Croatia,1975,
Haiti,1975,57.4383164005805
Hungary,1975,75.2473046571079
IBRD only,1975,37.1623514770461
IDA & IBRD total,1975,36.1797807547433
IDA total,1975,33.8164188190556
IDA blend,1975,37.5014725923239
Indonesia,1975,19.2796506345325
IDA only,1975,32.8084379204899
Isle of Man,1975,58.2456140350877
India,1975,60.4381152903111
Not classified,1975,
Ireland,1975,70.191609812745
"Iran, Islamic Rep.",1975,37.107983987819
Iraq,1975,21.2291652376706
Iceland,1975,19.4513715710723
Israel,1975,24.9537892791128
Italy,1975,59.5593485430621
Jamaica,1975,46.814404432133
Jordan,1975,12.6359927470535
Japan,1975,17.2523874488404
Kazakhstan,1975,
Kenya,1975,44.9309484485364
Kyrgyz Republic,1975,
Cambodia,1975,14.1627011103558
Kiribati,1975,46.9135802469136
St. Kitts and Nevis,1975,42.8571428571429
"Korea, Rep.",1975,23.5538046858802
Kuwait,1975,7.57575757575758
Latin America & Caribbean (excluding high income),1975,31.2946413452807
Lao PDR,1975,6.79376083188908
Lebanon,1975,62.0723362658847
Liberia,1975,11.781146179402
Libya,1975,7.9878831967446
St. Lucia,1975,32.7868852459016
Latin America & Caribbean,1975,31.2019489688764
Least developed countries: UN classification,1975,32.7246365398219
Low income,1975,33.3058758471923
Liechtenstein,1975,56.25
Sri Lanka,1975,37.6176048477117
Lower middle income,1975,38.2444810556395
Low & middle income,1975,36.0538325184383
Lesotho,1975,78.2608695652174
Late-demographic dividend,1975,38.1519307202806
Lithuania,1975,
Luxembourg,1975,
Latvia,1975,
"Macao SAR, China",1975,
St. Martin (French part),1975,
Morocco,1975,60.3114496975129
Monaco,1975,
Moldova,1975,
Madagascar,1975,61.4901812429068
Maldives,1975,23.3333333333333
"Middle East, North Africa, Afghanistan & Pakistan",1975,29.2916705535625
Mexico,1975,50.1818462409013
Marshall Islands,1975,
Middle income,1975,36.5708494505101
North Macedonia,1975,
Mali,1975,26.1254394807366
Malta,1975,40.625
Myanmar,1975,15.8322367414389
"Middle East, North Africa, Afghanistan & Pakistan (excluding high income)",1975,27.9947253664182
Montenegro,1975,
Mongolia,1975,90.9134534257383
Northern Mariana Islands,1975,
Mozambique,1975,44.1008163991963
Mauritania,1975,38.2710779082177
Mauritius,1975,55.6650246305419
Malawi,1975,41.4722104369962
Malaysia,1975,13.2525947344392
North America,1975,27.2165560141342
Namibia,1975,46.949434585626
New Caledonia,1975,14.4420131291028
Niger,1975,23.5099076340096
Nigeria,1975,61.3645596583111
Nicaragua,1975,30.164533820841
Netherlands,1975,61.821682464455
Norway,1975,2.4586303950236
Nepal,1975,28.034965034965
Nauru,1975,20.0
New Zealand,1975,52.9546921879154
OECD members,1975,39.7478208745811
Oman,1975,3.38287560581583
Other small states,1975,25.3371495100417
Pakistan,1975,46.7452781237028
Panama,1975,24.2937853107345
Peru,1975,15.03829546875
Philippines,1975,30.8280511117819
Palau,1975,
Papua New Guinea,1975,1.60314445965641
Poland,1975,62.7640471448627
Pre-demographic dividend,1975,34.5560683756529
Puerto Rico (US),1975,55.5806087936866
"Korea, Dem. People's Rep.",1975,19.2824516236193
Portugal,1975,43.2349726775956
Paraguay,1975,29.9496602063932
West Bank and Gaza,1975,80.7308970099668
Pacific island small states,1975,8.9945911549475
Post-demographic dividend,1975,39.1032332420116
French Polynesia,1975,11.2054371584699
Qatar,1975,4.47889750215332
Romania,1975,64.8866892419901
Russian Federation,1975,
Rwanda,1975,65.342521280908
South Asia,1975,58.5397961260311
Saudi Arabia,1975,40.3239536863455
Sudan,1975,
Senegal,1975,46.9848854723939
Singapore,1975,11.9402985074627
Solomon Islands,1975,1.96498749553412
Sierra Leone,1975,37.2540870047104
El Salvador,1975,59.2565947242206
San Marino,1975,16.6666666666667
"Somalia, Fed. Rep.",1975,70.0975547549973
Serbia,1975,
Sub-Saharan Africa (excluding high income),1975,37.3966830770175
South Sudan,1975,
Sub-Saharan Africa,1975,37.3960772062469
Small states,1975,11.7107379011551
Sao Tome and Principe,1975,38.5416666666667
Suriname,1975,0.361353583172785
Slovak Republic,1975,
Slovenia,1975,
Sweden,1975,9.14715653789699
Eswatini,1975,76.3372093023256
Sint Maarten (Dutch part),1975,
Seychelles,1975,10.8695652173913
Syrian Arab Republic,1975,76.7602568288171
Turks and Caicos Islands,1975,1.05263157894737
Chad,1975,38.1194409148666
East Asia & Pacific (IDA & IBRD countries),1975,39.8409439690711
Europe & Central Asia (IDA & IBRD countries),1975,54.8137839353592
Togo,1975,52.9509100937672
Thailand,1975,33.7058858071209
Tajikistan,1975,
Turkmenistan,1975,
Latin America & the Caribbean (IDA & IBRD countries),1975,31.0844807496438
Timor-Leste,1975,17.1486213853396
"Middle East, North Africa, Afghanistan & Pakistan (IDA & IBRD)",1975,27.963170768798
Tonga,1975,47.2222222222222
South Asia (IDA & IBRD),1975,58.5397961260311
Sub-Saharan Africa (IDA & IBRD countries),1975,37.3960772062469
Trinidad and Tobago,1975,20.6627680311891
Tunisia,1975,60.2471678681771
Turkiye,1975,49.3250003248314
Tuvalu,1975,66.6666666666667
Tanzania,1975,32.7387672160759
Uganda,1975,52.0844802562434
Ukraine,1975,
Upper middle income,1975,35.8140141159587
Uruguay,1975,87.3100217118044
United States,1975,46.9658127123604
Uzbekistan,1975,
St. Vincent and the Grenadines,1975,25.6410256410256
"Venezuela, RB",1975,23.0123008899722
British Virgin Islands,1975,53.3333333333333
Virgin Islands (U.S.),1975,42.8571428571429
Viet Nam,1975,20.0067590402163
Vanuatu,1975,10.3363412633306
World,1975,36.8247784412715
Samoa,1975,22.9681978798587
Kosovo,1975,
"Yemen, Rep.",1975,44.4343428603898
South Africa,1975,77.7394917112498
Zambia,1975,27.2225884125425
Zimbabwe,1975,29.1672322605661
Aruba,1976,11.1111111111111
Africa Eastern and Southern,1976,40.7397354265057
Afghanistan,1976,58.3383162381369
Africa Western and Central,1976,33.3736542343502
Angola,1976,35.9910162829871
Albania,1976,39.2335766423358
Andorra,1976,48.936170212766
Arab World,1976,28.4650913081862
United Arab Emirates,1976,3.04139678963672
Argentina,1976,46.5463753658617
Armenia,1976,
American Samoa,1976,9.65
Antigua and Barbuda,1976,20.4545454545455
Australia,1976,65.1812608203273
Austria,1976,38.5785264178381
Azerbaijan,1976,
Burundi,1976,81.5809968847352
Belgium,1976,
Benin,1976,16.8438275984392
Burkina Faso,1976,33.0226608187134
Bangladesh,1976,76.807252055005
Bulgaria,1976,56.0245864593691
Bahrain,1976,14.4927536231884
"Bahamas, The",1976,1.0989010989011
Bosnia and Herzegovina,1976,
Belarus,1976,
Belize,1976,3.72643577378343
Bermuda,1976,5.55555555555556
Bolivia,1976,29.9233822579156
Brazil,1976,25.4578171698488
Barbados,1976,44.1860465116279
Brunei Darussalam,1976,3.2258064516129
Bhutan,1976,8.51828863728785
Botswana,1976,45.8807545039084
Central African Republic,1976,7.88821470994253
Canada,1976,7.04459940728943
Central Europe and the Baltics,1976,63.901737632425
Switzerland,1976,41.555353167375
Channel Islands,1976,44.4444444444444
Chile,1976,23.132830866728
China,1976,43.309811019093
Cote d'Ivoire,1976,53.1435125786163
Cameroon,1976,18.0025808635316
"Congo, Dem. Rep.",1976,11.2922079354227
"Congo, Rep.",1976,30.930972181552
Colombia,1976,40.6759801712483
Comoros,1976,51.0478237506717
Cabo Verde,1976,16.1290322580645
Costa Rica,1976,43.1844888366628
Caribbean small states,1976,3.59153876819441
Cuba,1976,55.8379888268156
Curacao,1976,
Cayman Islands,1976,11.25
Cyprus,1976,19.2532467532468
Czechia,1976,
Germany,1976,53.7278377681666
Djibouti,1976,56.1259706643658
Dominica,1976,25.3333333333333
Denmark,1976,73.325
Dominican Republic,1976,51.9561167460153
Algeria,1976,18.4827059208814
East Asia & Pacific (excluding high income),1976,39.1814074744828
Early-demographic dividend,1976,35.2866913834685
East Asia & Pacific,1976,47.0888994692058
Europe & Central Asia (excluding high income),1976,48.9040563090473
Europe & Central Asia,1976,44.2095304564061
Ecuador,1976,20.0657419448057
"Egypt, Arab Rep.",1976,2.74247827615651
Euro area,1976,52.5519185067533
Eritrea,1976,
Spain,1976,63.0862541785936
Estonia,1976,
Ethiopia,1976,
European Union,1976,50.0819053450673
Finland,1976,8.57513378640139
Fiji,1976,14.2309797482211
France,1976,59.4136747379163
Faroe Islands,1976,69.1489971346705
"Micronesia, Fed. Sts.",1976,
Gabon,1976,7.51496099662359
United Kingdom,1976,76.7494729880544
Georgia,1976,
Ghana,1976,51.8590137997715
Gibraltar,1976,
Guinea,1976,56.4545010581149
"Gambia, The",1976,56.0276679841897
Guinea-Bissau,1976,18.1248221906117
Equatorial Guinea,1976,4.41532976827094
Greece,1976,70.7137315748642
Grenada,1976,58.8235294117647
Greenland,1976,0.687737781679836
Guatemala,1976,27.3422918999627
Guam,1976,31.4814814814815
Guyana,1976,5.37795580391161
High income,1976,38.3829396844228
"Hong Kong SAR, China",1976,9.9009900990099
Honduras,1976,28.3313969076772
Heavily indebted poor countries (HIPC),1976,32.6393413913612
Croatia,1976,
Haiti,1976,57.510885341074
Hungary,1976,75.1195108393552
IBRD only,1976,37.1278638605211
IDA & IBRD total,1976,36.1667967807507
IDA total,1976,33.8551632322985
IDA blend,1976,37.5517190063414
Indonesia,1976,19.2708001898905
IDA only,1976,32.844036166054
Isle of Man,1976,59.1228070175439
India,1976,60.4229800315486
Not classified,1976,
Ireland,1976,70.4311220786761
"Iran, Islamic Rep.",1976,36.8071416292149
Iraq,1976,21.2291652376706
Iceland,1976,19.3516209476309
Israel,1976,24.4916820702403
Italy,1976,59.6001496038897
Jamaica,1976,46.814404432133
Jordan,1976,12.6586582048957
Japan,1976,17.1159618008186
Kazakhstan,1976,
Kenya,1976,44.9414906701339
Kyrgyz Republic,1976,
Cambodia,1976,14.4459551325629
Kiribati,1976,46.9135802469136
St. Kitts and Nevis,1976,42.8571428571429
"Korea, Rep.",1976,23.533070702882
Kuwait,1976,7.57575757575758
Latin America & Caribbean (excluding high income),1976,31.6166942762339
Lao PDR,1976,6.84575389948007
Lebanon,1976,61.58357771261
Liberia,1976,11.781146179402
Libya,1976,8.10325425963604
St. Lucia,1976,32.7868852459016
Latin America & Caribbean,1976,31.5233198172527
Least developed countries: UN classification,1976,32.7543257915975
Low income,1976,33.368471420541
Liechtenstein,1976,56.25
Sri Lanka,1976,38.2076223887737
Lower middle income,1976,38.2739996048023
Low & middle income,1976,36.0343753042733
Lesotho,1976,77.7009222661397
Late-demographic dividend,1976,38.0321862537128
Lithuania,1976,
Luxembourg,1976,
Latvia,1976,
"Macao SAR, China",1976,
St. Martin (French part),1976,
Morocco,1976,60.8335200537755
Monaco,1976,
Moldova,1976,
Madagascar,1976,61.498779103759
Maldives,1976,23.3333333333333
"Middle East, North Africa, Afghanistan & Pakistan",1976,29.293860391135
Mexico,1976,50.1818462409013
Marshall Islands,1976,
Middle income,1976,36.5359554576275
North Macedonia,1976,
Mali,1976,26.2885288356731
Malta,1976,40.625
Myanmar,1976,15.8551886648101
"Middle East, North Africa, Afghanistan & Pakistan (excluding high income)",1976,27.9917155472557
Montenegro,1976,
Mongolia,1976,81.1353603811995
Northern Mariana Islands,1976,
Mozambique,1976,44.1008163991963
Mauritania,1976,38.2739885514699
Mauritius,1976,56.1576354679803
Malawi,1976,41.4934238438693
Malaysia,1976,13.5127682240146
North America,1976,27.2181003237367
Namibia,1976,46.9518638632803
New Caledonia,1976,14.4967177242888
Niger,1976,23.5099076340096
Nigeria,1976,61.525961549019
Nicaragua,1976,30.164533820841
Netherlands,1976,61.6084123222749
Norway,1976,2.45315460349794
Nepal,1976,28.1468531468531
Nauru,1976,20.0
New Zealand,1976,54.5117921841176
OECD members,1976,39.7888498774923
Oman,1976,3.38610662358643
Other small states,1976,25.5779390881749
Pakistan,1976,46.3262764632628
Panama,1976,24.5762711864407
Peru,1976,15.21642515625
Philippines,1976,32.4445785961029
Palau,1976,
Papua New Guinea,1976,1.64510003091463
Poland,1976,62.6824251526331
Pre-demographic dividend,1976,34.5992092360077
Puerto Rico (US),1976,55.5806087936866
"Korea, Dem. People's Rep.",1976,19.3239764139191
Portugal,1976,43.2896174863388
Paraguay,1976,30.4580921218223
West Bank and Gaza,1976,81.2292358803987
Pacific island small states,1976,9.28094177537385
Post-demographic dividend,1976,39.1432787325362
French Polynesia,1976,11.1312295081967
Qatar,1976,4.47889750215332
Romania,1976,64.9257619171659
Russian Federation,1976,
Rwanda,1976,66.4369679773004
South Asia,1976,58.5421798502008
Saudi Arabia,1976,40.3546557875787
Sudan,1976,
Senegal,1976,46.979691476653
Singapore,1976,11.9402985074627
Solomon Islands,1976,1.96498749553412
Sierra Leone,1976,37.3233582709892
El Salvador,1976,58.996138996139
San Marino,1976,16.6666666666667
"Somalia, Fed. Rep.",1976,70.1055249147193
Serbia,1976,
Sub-Saharan Africa (excluding high income),1976,37.4319679049546
South Sudan,1976,
Sub-Saharan Africa,1976,37.43136122829
Small states,1976,11.3551172111958
Sao Tome and Principe,1976,38.5416666666667
Suriname,1976,0.36758381736542
Slovak Republic,1976,
Slovenia,1976,
Sweden,1976,9.16925111890641
Eswatini,1976,79.7093023255814
Sint Maarten (Dutch part),1976,
Seychelles,1976,10.8695652173913
Syrian Arab Republic,1976,77.3370334095114
Turks and Caicos Islands,1976,1.05263157894737
Chad,1976,38.1988564167725
East Asia & Pacific (IDA & IBRD countries),1976,39.3326970948602
Europe & Central Asia (IDA & IBRD countries),1976,54.9266421563536
Togo,1976,52.9509100937672
Thailand,1976,34.3479026796375
Tajikistan,1976,
Turkmenistan,1976,
Latin America & the Caribbean (IDA & IBRD countries),1976,31.3984905628281
Timor-Leste,1976,17.350369872226
"Middle East, North Africa, Afghanistan & Pakistan (IDA & IBRD)",1976,27.9598609685092
Tonga,1976,45.8333333333333
South Asia (IDA & IBRD),1976,58.5421798502008
Sub-Saharan Africa (IDA & IBRD countries),1976,37.43136122829
Trinidad and Tobago,1976,20.6627680311891
Tunisia,1976,60.6848609680741
Turkiye,1976,49.2483401114821
Tuvalu,1976,66.6666666666667
Tanzania,1976,32.7387672160759
Uganda,1976,52.740103097943
Ukraine,1976,
Upper middle income,1976,35.7499894838752
Uruguay,1976,87.0757627699691
United States,1976,46.9658127123604
Uzbekistan,1976,
St. Vincent and the Grenadines,1976,25.6410256410256
"Venezuela, RB",1976,23.2073011734029
British Virgin Islands,1976,53.3333333333333
Virgin Islands (U.S.),1976,42.8571428571429
Viet Nam,1976,20.6519401517712
Vanuatu,1976,10.3363412633306
World,1976,36.8259627368667
Samoa,1976,24.3816254416961
Kosovo,1976,
"Yemen, Rep.",1976,44.4343428603898
South Africa,1976,77.5449472009497
Zambia,1976,27.2602537026325
Zimbabwe,1976,29.3744779630348
Aruba,1977,11.1111111111111
Africa Eastern and Southern,1977,40.7690137220674
Afghanistan,1977,58.3383162381369
Africa Western and Central,1977,33.3875604978233
Angola,1977,35.9733696959974
Albania,1977,40.4744525547445
Andorra,1977,48.936170212766
Arab World,1977,28.4833371916702
United Arab Emirates,1977,3.05547733032948
Argentina,1977,46.5463753658617
Armenia,1977,
American Samoa,1977,9.65
Antigua and Barbuda,1977,20.4545454545455
Australia,1977,63.9795373781289
Austria,1977,38.5070285991275
Azerbaijan,1977,
Burundi,1977,83.4501557632399
Belgium,1977,
Benin,1977,17.1386661936857
Burkina Faso,1977,33.0226608187134
Bangladesh,1977,76.7534762234002
Bulgaria,1977,56.0968995751604
Bahrain,1977,14.4927536231884
"Bahamas, The",1977,1.0989010989011
Bosnia and Herzegovina,1977,
Belarus,1977,
Belize,1977,3.77027619465147
Bermuda,1977,5.55555555555556
Bolivia,1977,30.4190898181482
Brazil,1977,26.0465845271795
Barbados,1977,44.1860465116279
Brunei Darussalam,1977,2.84629981024668
Bhutan,1977,8.56109410782698
Botswana,1977,45.8807545039084
Central African Republic,1977,7.90635333397541
Canada,1977,7.00288547658325
Central Europe and the Baltics,1977,63.8262662434551
Switzerland,1977,41.5249949402955
Channel Islands,1977,44.4444444444444
Chile,1977,22.9983376640145
China,1977,43.9375460495833
Cote d'Ivoire,1977,53.8837012578616
Cameroon,1977,18.2860527596201
"Congo, Dem. Rep.",1977,11.305440991597
"Congo, Rep.",1977,30.928093704246
Colombia,1977,40.8427219468229
Comoros,1977,51.0478237506717
Cabo Verde,1977,16.1290322580645
Costa Rica,1977,44.7904426165296
Caribbean small states,1977,3.4745720340855
Cuba,1977,56.219739292365
Curacao,1977,
Cayman Islands,1977,11.25
Cyprus,1977,19.0584415584416
Czechia,1977,
Germany,1977,53.5874889009824
Djibouti,1977,56.1259706643658
Dominica,1977,25.3333333333333
Denmark,1977,73.175
Dominican Republic,1977,52.5771061891948
Algeria,1977,18.4033521711018
East Asia & Pacific (excluding high income),1977,39.6595899430835
Early-demographic dividend,1977,35.3630618380952
East Asia & Pacific,1977,47.0181216561264
Europe & Central Asia (excluding high income),1977,49.1048015758503
Europe & Central Asia,1977,44.1881181479236
Ecuador,1977,21.0771564802774
"Egypt, Arab Rep.",1977,2.64704405042945
Euro area,1977,52.508638259928
Eritrea,1977,
Spain,1977,63.2381791247948
Estonia,1977,
Ethiopia,1977,
European Union,1977,50.0285595992671
Finland,1977,8.52818542959388
Fiji,1977,14.7783251231527
France,1977,59.207718712311
Faroe Islands,1977,69.1489971346705
"Micronesia, Fed. Sts.",1977,
Gabon,1977,7.6042224550782
United Kingdom,1977,76.4270656801554
Georgia,1977,
Ghana,1977,51.8590137997715
Gibraltar,1977,
Guinea,1977,56.4335422432036
"Gambia, The",1977,56.7193675889328
Guinea-Bissau,1977,18.1603840682788
Equatorial Guinea,1977,4.37967914438503
Greece,1977,70.6904577191621
Grenada,1977,58.8235294117647
Greenland,1977,0.687737781679836
Guatemala,1977,27.9301978350131
Guam,1977,31.4814814814815
Guyana,1977,5.12078028956058
High income,1977,38.1025404117148
"Hong Kong SAR, China",1977,9.0
Honduras,1977,29.0016980963446
Heavily indebted poor countries (HIPC),1977,32.7112972930829
Croatia,1977,
Haiti,1977,57.510885341074
Hungary,1977,74.7999110715874
IBRD only,1977,37.4152899957869
IDA & IBRD total,1977,36.3797107244081
IDA total,1977,33.8888546372632
IDA blend,1977,37.6904820358706
Indonesia,1977,19.3831132111925
IDA only,1977,32.8489870974575
Isle of Man,1977,59.8245614035088
India,1977,60.4034723646992
Not classified,1977,
Ireland,1977,70.8491798519379
"Iran, Islamic Rep.",1977,36.649352881947
Iraq,1977,21.2291652376706
Iceland,1977,19.2618453865337
Israel,1977,24.5378927911275
Italy,1977,59.5049471286253
Jamaica,1977,46.814404432133
Jordan,1977,12.6699909338169
Japan,1977,17.0305676855895
Kazakhstan,1977,
Kenya,1977,44.9450047439997
Kyrgyz Republic,1977,
Cambodia,1977,14.4459551325629
Kiribati,1977,46.9135802469136
St. Kitts and Nevis,1977,42.8571428571429
"Korea, Rep.",1977,23.5019697283848
Kuwait,1977,7.57575757575758
Latin America & Caribbean (excluding high income),1977,31.9848424871167
Lao PDR,1977,6.88908145580589
Lebanon,1977,61.0948191593353
Liberia,1977,11.8330564784053
Libya,1977,8.22089864396376
St. Lucia,1977,32.7868852459016
Latin America & Caribbean,1977,31.8638519456955
Least developed countries: UN classification,1977,32.7585039979129
Low income,1977,33.3809113801409
Liechtenstein,1977,56.25
Sri Lanka,1977,38.7976399298358
Lower middle income,1977,38.3587342883244
Low & middle income,1977,36.2547301303325
Lesotho,1977,75.4940711462451
Late-demographic dividend,1977,38.5332712200286
Lithuania,1977,
Luxembourg,1977,
Latvia,1977,
"Macao SAR, China",1977,
St. Martin (French part),1977,
Morocco,1977,61.6177459108223
Monaco,1977,
Moldova,1977,
Madagascar,1977,61.7825085118822
Maldives,1977,23.3333333333333
"Middle East, North Africa, Afghanistan & Pakistan",1977,29.3053234398
Mexico,1977,50.2075670670542
Marshall Islands,1977,
Middle income,1977,36.7954287122391
North Macedonia,1977,
Mali,1977,26.2868897466788
Malta,1977,43.75
Myanmar,1977,15.8460078954616
"Middle East, North Africa, Afghanistan & Pakistan (excluding high income)",1977,28.0003576022767
Montenegro,1977,
Mongolia,1977,81.4087153053843
Northern Mariana Islands,1977,
Mozambique,1977,44.1008163991963
Mauritania,1977,38.2749587658873
Mauritius,1977,56.1576354679803
Malawi,1977,41.525243954179
Malaysia,1977,13.9118551209862
North America,1977,27.2070109780054
Namibia,1977,46.9518638632803
New Caledonia,1977,14.4967177242888
Niger,1977,23.5099076340096
Nigeria,1977,61.3942049035432
Nicaragua,1977,30.9955127139771
Netherlands,1977,61.1907582938389
Norway,1977,2.46136829078643
Nepal,1977,28.2517482517483
Nauru,1977,20.0
New Zealand,1977,54.2182218677604
OECD members,1977,39.5189798985905
Oman,1977,3.38933764135703
Other small states,1977,25.6493821498187
Pakistan,1977,46.5870174346202
Panama,1977,24.8722087705139
Peru,1977,15.394554921875
Philippines,1977,33.8397558439816
Palau,1977,
Papua New Guinea,1977,1.6738064744071
Poland,1977,62.5518299650658
Pre-demographic dividend,1977,34.6188131575721
Puerto Rico (US),1977,55.3551296505073
"Korea, Dem. People's Rep.",1977,19.3638402126069
Portugal,1977,43.344262295082
Paraguay,1977,30.941354140448
West Bank and Gaza,1977,81.5614617940199
Pacific island small states,1977,9.50365892459434
Post-demographic dividend,1977,38.8206942225075
French Polynesia,1977,11.0569945355191
Qatar,1977,4.47889750215332
Romania,1977,64.9474689589303
Russian Federation,1977,
Rwanda,1977,67.4908796108634
South Asia,1977,58.5389022294674
Saudi Arabia,1977,40.3797756885877
Sudan,1977,
Senegal,1977,45.9356983327274
Singapore,1977,11.9402985074627
Solomon Islands,1977,2.00071454090747
Sierra Leone,1977,37.3926295372679
El Salvador,1977,59.1843629343629
San Marino,1977,16.6666666666667
"Somalia, Fed. Rep.",1977,70.1134950744413
Serbia,1977,
Sub-Saharan Africa (excluding high income),1977,37.4543425744607
South Sudan,1977,
Sub-Saharan Africa,1977,37.4537353867658
Small states,1977,11.3312516988285
Sao Tome and Principe,1977,38.5416666666667
Suriname,1977,0.380044285750688
Slovak Republic,1977,
Slovenia,1977,
Sweden,1977,9.13733672411503
Eswatini,1977,80.9883720930233
Sint Maarten (Dutch part),1977,
Seychelles,1977,10.8695652173913
Syrian Arab Republic,1977,76.3956904995103
Turks and Caicos Islands,1977,1.05263157894737
Chad,1977,38.1988564167725
East Asia & Pacific (IDA & IBRD countries),1977,39.8142189525306
Europe & Central Asia (IDA & IBRD countries),1977,55.0187289256313
Togo,1977,52.9509100937672
Thailand,1977,35.1641253498796
Tajikistan,1977,
Turkmenistan,1977,
Latin America & the Caribbean (IDA & IBRD countries),1977,31.7392552655824
Timor-Leste,1977,17.6193678547411
"Middle East, North Africa, Afghanistan & Pakistan (IDA & IBRD)",1977,27.9683094076849
Tonga,1977,45.8333333333333
South Asia (IDA & IBRD),1977,58.5389022294674
Sub-Saharan Africa (IDA & IBRD countries),1977,37.4537353867658
Trinidad and Tobago,1977,20.6627680311891
Tunisia,1977,60.9745108135942
Turkiye,1977,49.4120551433806
Tuvalu,1977,66.6666666666667
Tanzania,1977,32.7387672160759
Uganda,1977,52.740103097943
Ukraine,1977,
Upper middle income,1977,36.0884817734185
Uruguay,1977,86.8529310935893
United States,1977,46.9847013198005
Uzbekistan,1977,
St. Vincent and the Grenadines,1977,28.2051282051282
"Venezuela, RB",1977,23.4499178051131
British Virgin Islands,1977,53.3333333333333
Virgin Islands (U.S.),1977,42.8571428571429
Viet Nam,1977,20.9284463424376
Vanuatu,1977,10.4183757178015
World,1977,36.8775360538646
Samoa,1977,25.0883392226148
Kosovo,1977,
"Yemen, Rep.",1977,44.4343428603898
South Africa,1977,77.5358794483509
Zambia,1977,27.2723604030186
Zimbabwe,1977,29.6713147214683
Aruba,1978,11.1111111111111
Africa Eastern and Southern,1978,40.8625464110459
Afghanistan,1978,58.3383162381369
Africa Western and Central,1978,33.445067313156
Angola,1978,35.9549209914173
Albania,1978,40.6569343065693
Andorra,1978,48.936170212766
Arab World,1978,28.533357613709
United Arab Emirates,1978,3.06955787102225
Argentina,1978,46.5463753658617
Armenia,1978,
American Samoa,1978,9.65
Antigua and Barbuda,1978,20.4545454545455
Australia,1978,64.5770146961196
Austria,1978,38.5458070770722
Azerbaijan,1978,
Burundi,1978,82.5545171339564
Belgium,1978,
Benin,1978,17.3262681802057
Burkina Faso,1978,33.0226608187134
Bangladesh,1978,76.7227471767688
Bulgaria,1978,56.1420952725301
Bahrain,1978,14.4927536231884
"Bahamas, The",1978,1.0989010989011
Bosnia and Herzegovina,1978,
Belarus,1978,
Belize,1978,4.07715914072775
Bermuda,1978,5.55555555555556
Bolivia,1978,30.4523216098957
Brazil,1978,26.6353518845102
Barbados,1978,44.1860465116279
Brunei Darussalam,1978,2.84629981024668
Bhutan,1978,8.56109410782698
Botswana,1978,45.8807545039084
Central African Republic,1978,7.92434749109121
Canada,1978,6.96105889294514
Central Europe and the Baltics,1978,63.7318068987968
Switzerland,1978,41.6135397692775
Channel Islands,1978,43.9393939393939
Chile,1978,22.8638444613009
China,1978,44.5738023593321
Cote d'Ivoire,1978,54.2558616352201
Cameroon,1978,18.34317023122
"Congo, Dem. Rep.",1978,11.3142630290466
"Congo, Rep.",1978,30.7993674963397
Colombia,1978,40.794051374493
Comoros,1978,53.7345513164965
Cabo Verde,1978,16.1290322580645
Costa Rica,1978,46.2201331766549
Caribbean small states,1978,3.36513130967796
Cuba,1978,55.3817504655494
Curacao,1978,
Cayman Islands,1978,11.25
Cyprus,1978,18.8636363636364
Czechia,1978,
Germany,1978,53.4442757712027
Djibouti,1978,56.1259706643658
Dominica,1978,25.3333333333333
Denmark,1978,73.025
Dominican Republic,1978,53.0945973918443
Algeria,1978,18.4079706433112
East Asia & Pacific (excluding high income),1978,40.0966862708439
Early-demographic dividend,1978,35.4564697252198
East Asia & Pacific,1978,47.4989012192966
Europe & Central Asia (excluding high income),1978,49.1311493921182
Europe & Central Asia,1978,44.1803910277211
Ecuador,1978,21.6912295910996
"Egypt, Arab Rep.",1978,2.5516098247024
Euro area,1978,52.5199536637116
Eritrea,1978,
Spain,1978,63.0152343202611
Estonia,1978,
Ethiopia,1978,
European Union,1978,50.0157040846822
Finland,1978,8.48714665616074
Fiji,1978,15.3256704980843
France,1978,59.302347156508
Faroe Islands,1978,69.1489971346705
"Micronesia, Fed. Sts.",1978,
Gabon,1978,7.68960298055653
United Kingdom,1978,76.3774645558633
Georgia,1978,
Ghana,1978,52.2984969675661
Gibraltar,1978,
Guinea,1978,56.4190664170601
"Gambia, The",1978,57.4110671936759
Guinea-Bissau,1978,18.1603840682788
Equatorial Guinea,1978,4.30837789661319
Greece,1978,71.1792086889061
Grenada,1978,55.8823529411765
Greenland,1978,0.687737781679836
Guatemala,1978,28.0421799178798
Guam,1978,31.4814814814815
Guyana,1978,4.86360477520955
High income,1978,38.1625388487118
"Hong Kong SAR, China",1978,8.0
Honduras,1978,29.1089462865314
Heavily indebted poor countries (HIPC),1978,32.8036757248671
Croatia,1978,
Haiti,1978,57.8737300435414
Hungary,1978,74.4470379015227
IBRD only,1978,37.6894015630233
IDA & IBRD total,1978,36.6040011803039
IDA total,1978,33.9933114677854
IDA blend,1978,37.8507280382119
Indonesia,1978,19.5392988954332
IDA only,1978,32.9381837925786
Isle of Man,1978,60.5263157894737
India,1978,60.7401477873933
Not classified,1978,
Ireland,1978,70.91450137901
"Iran, Islamic Rep.",1978,36.1422186203001
Iraq,1978,21.4669501794819
Iceland,1978,19.1620947630923
Israel,1978,24.630314232902
Italy,1978,59.8041549080276
Jamaica,1978,46.814404432133
Jordan,1978,12.7153218495014
Japan,1978,16.943231441048
Kazakhstan,1978,
Kenya,1978,44.7310872544541
Kyrgyz Republic,1978,
Cambodia,1978,14.72920915477
Kiribati,1978,46.9135802469136
St. Kitts and Nevis,1978,42.8571428571429
"Korea, Rep.",1978,23.4605017623886
Kuwait,1978,7.57575757575758
Latin America & Caribbean (excluding high income),1978,32.3130595807399
Lao PDR,1978,6.92374350086655
Lebanon,1978,60.5083088954057
Liberia,1978,11.8330564784053
Libya,1978,8.33911135865056
St. Lucia,1978,32.7868852459016
Latin America & Caribbean,1978,32.165729588197
Least developed countries: UN classification,1978,32.8409775735998
Low income,1978,33.4051523917902
Liechtenstein,1978,56.25
Sri Lanka,1978,39.3717110508691
Lower middle income,1978,38.5343361888519
Low & middle income,1978,36.4854207502904
Lesotho,1978,75.5270092226614
Late-demographic dividend,1978,39.0002397815244
Lithuania,1978,
Luxembourg,1978,
Latvia,1978,
"Macao SAR, China",1978,
St. Martin (French part),1978,
Morocco,1978,62.5543356486668
Monaco,1978,
Moldova,1978,
Madagascar,1978,61.9045981359838
Maldives,1978,23.3333333333333
"Middle East, North Africa, Afghanistan & Pakistan",1978,29.3239805396961
Mexico,1978,50.5146737313203
Marshall Islands,1978,
Middle income,1978,37.064962077739
North Macedonia,1978,
Mali,1978,26.2868897466788
Malta,1978,43.75
Myanmar,1978,15.8628393059338
"Middle East, North Africa, Afghanistan & Pakistan (excluding high income)",1978,28.0181383821477
Montenegro,1978,
Mongolia,1978,81.3712340155434
Northern Mariana Islands,1978,
Mozambique,1978,44.1008163991963
Mauritania,1978,38.2710779082177
Mauritius,1978,56.1576354679803
Malawi,1978,42.0873992363174
Malaysia,1978,14.3965910820271
North America,1978,27.0667044642741
Namibia,1978,46.9530785021074
New Caledonia,1978,14.4967177242888
Niger,1978,23.5099076340096
Nigeria,1978,61.5127858844714
Nicaragua,1978,31.0370616586339
Netherlands,1978,60.7316350710901
Norway,1978,2.46410618654927
Nepal,1978,28.3566433566434
Nauru,1978,20.0
New Zealand,1978,55.0601952071703
OECD members,1978,39.5956380727998
Oman,1978,3.39579967689822
Other small states,1978,25.6590842939926
Pakistan,1978,47.2408156911582
Panama,1978,24.8856604788808
Peru,1978,15.5726846875
Philippines,1978,34.007445417044
Palau,1978,
Papua New Guinea,1978,1.72901117343108
Poland,1978,62.395115739985
Pre-demographic dividend,1978,34.7008056142061
Puerto Rico (US),1978,55.8060879368658
"Korea, Dem. People's Rep.",1978,19.3887550867868
Portugal,1978,43.3989071038251
Paraguay,1978,31.4497860558772
West Bank and Gaza,1978,81.8936877076412
Pacific island small states,1978,9.67865097041044
Post-demographic dividend,1978,38.8910291820454
French Polynesia,1978,10.9827868852459
Qatar,1978,4.47889750215332
Romania,1978,64.9691760006946
Russian Federation,1978,
Rwanda,1978,68.0989055533036
South Asia,1978,58.8511700957035
Saudi Arabia,1978,40.4039652228926
Sudan,1978,
Senegal,1978,45.9305043369864
Singapore,1978,11.9402985074627
Solomon Islands,1978,2.03644158628081
Sierra Leone,1978,37.5311720698254
El Salvador,1978,60.9169884169884
San Marino,1978,16.6666666666667
"Somalia, Fed. Rep.",1978,70.1214652341633
Serbia,1978,
Sub-Saharan Africa (excluding high income),1978,37.5316965038262
South Sudan,1978,
Sub-Saharan Africa,1978,37.5310875493927
Small states,1978,11.2870441972289
Sao Tome and Principe,1978,38.5416666666667
Suriname,1978,0.386274519943322
Slovak Republic,1978,
Slovenia,1978,
Sweden,1978,9.15206644478797
Eswatini,1978,80.9883720930233
Sint Maarten (Dutch part),1978,
Seychelles,1978,10.8695652173913
Syrian Arab Republic,1978,76.2270105560997
Turks and Caicos Islands,1978,1.05263157894737
Chad,1978,38.2385641677255
East Asia & Pacific (IDA & IBRD countries),1978,40.2544555554145
Europe & Central Asia (IDA & IBRD countries),1978,55.0069584363251
Togo,1978,54.7894833609119
Thailand,1978,35.9686038090391
Tajikistan,1978,
Turkmenistan,1978,
Latin America & the Caribbean (IDA & IBRD countries),1978,32.0473837100697
Timor-Leste,1978,18.2246133154001
"Middle East, North Africa, Afghanistan & Pakistan (IDA & IBRD)",1978,27.9859020398508
Tonga,1978,45.8333333333333
South Asia (IDA & IBRD),1978,58.8511700957035
Sub-Saharan Africa (IDA & IBRD countries),1978,37.5310875493927
Trinidad and Tobago,1978,20.6627680311891
Tunisia,1978,60.2278578784758
Turkiye,1978,49.4328443537804
Tuvalu,1978,66.6666666666667
Tanzania,1978,33.8676902235268
Uganda,1978,53.100445423152
Ukraine,1978,
Upper middle income,1978,36.4004921585344
Uruguay,1978,86.6243857844818
United States,1978,46.7479932219379
Uzbekistan,1978,
St. Vincent and the Grenadines,1978,28.2051282051282
"Venezuela, RB",1978,23.5134062694859
British Virgin Islands,1978,53.3333333333333
Virgin Islands (U.S.),1978,42.8571428571429
Viet Nam,1978,21.0021813266153
Vanuatu,1978,10.4183757178015
World,1978,37.0506947379307
Samoa,1978,25.0883392226148
Kosovo,1978,
"Yemen, Rep.",1978,44.4381309544103
South Africa,1978,77.543298518659
Zambia,1978,27.1122829201361
Zimbabwe,1978,29.8586167765284
Aruba,1979,11.1111111111111
Africa Eastern and Southern,1979,40.8330501898624
Afghanistan,1979,58.3367830366588
Africa Western and Central,1979,33.5418764329886
Angola,1979,35.9292532285233
Albania,1979,40.7664233576642
Andorra,1979,48.936170212766
Arab World,1979,28.5484883463542
United Arab Emirates,1979,3.08363841171501
Argentina,1979,46.5463753658617
Armenia,1979,
American Samoa,1979,9.65
Antigua and Barbuda,1979,20.4545454545455
Australia,1979,64.2044700154902
Austria,1979,38.0865244789142
Azerbaijan,1979,
Burundi,1979,81.7757009345794
Belgium,1979,
Benin,1979,17.5
Burkina Faso,1979,33.0226608187134
Bangladesh,1979,76.6920181301375
Bulgaria,1979,56.0968995751604
Bahrain,1979,14.4927536231884
"Bahamas, The",1979,1.0989010989011
Bosnia and Herzegovina,1979,
Belarus,1979,
Belize,1979,4.12099956159579
Bermuda,1979,5.55555555555556
Bolivia,1979,30.947106064802
Brazil,1979,27.2241192418409
Barbados,1979,44.1860465116279
Brunei Darussalam,1979,2.84629981024668
Bhutan,1979,8.66810778417482
Botswana,1979,45.8842835212535
Central African Republic,1979,7.94464669812835
Canada,1979,6.91923230930703
Central Europe and the Baltics,1979,63.582842724979
Switzerland,1979,41.9626317175542
Channel Islands,1979,43.9393939393939
Chile,1979,22.7293512585874
China,1979,45.0603147551461
Cote d'Ivoire,1979,54.3718333333333
Cameroon,1979,18.8529965517971
"Congo, Dem. Rep.",1979,11.3142630290466
"Congo, Rep.",1979,30.800439238653
Colombia,1979,40.808472284813
Comoros,1979,53.7345513164965
Cabo Verde,1979,16.1290322580645
Costa Rica,1979,47.8456717587152
Caribbean small states,1979,3.24866630954914
Cuba,1979,54.5810055865922
Curacao,1979,
Cayman Islands,1979,11.25
Cyprus,1979,18.6688311688312
Czechia,1979,
Germany,1979,53.258098702489
Djibouti,1979,56.1259706643658
Dominica,1979,25.3333333333333
Denmark,1979,73.0
Dominican Republic,1979,53.6120885944939
Algeria,1979,18.3983138377825
East Asia & Pacific (excluding high income),1979,40.383598296879
Early-demographic dividend,1979,35.5820578815781
East Asia & Pacific,1979,47.5647364839586
Europe & Central Asia (excluding high income),1979,50.1976086220092
Europe & Central Asia,1979,44.2549344423951
Ecuador,1979,22.3594856234648
"Egypt, Arab Rep.",1979,2.45818474056959
Euro area,1979,52.3804576287379
Eritrea,1979,
Spain,1979,62.7677463266205
Estonia,1979,
Ethiopia,1979,
European Union,1979,49.883550326708
Finland,1979,8.42936406316688
Fiji,1979,15.5993431855501
France,1979,59.0667037758605
Faroe Islands,1979,69.1489971346705
"Micronesia, Fed. Sts.",1979,
Gabon,1979,7.6973648465091
United Kingdom,1979,76.2699954532303
Georgia,1979,
Ghana,1979,52.2984969675661
Gibraltar,1979,
Guinea,1979,56.5054777795865
"Gambia, The",1979,56.3241106719368
Guinea-Bissau,1979,18.1959459459459
Equatorial Guinea,1979,4.27272727272727
Greece,1979,71.2257564003103
Grenada,1979,55.8823529411765
Greenland,1979,0.687737781679836
Guatemala,1979,28.1448301605076
Guam,1979,33.3333333333333
Guyana,1979,4.60642926085852
High income,1979,38.053247270369
"Hong Kong SAR, China",1979,8.0
Honduras,1979,29.1089462865314
Heavily indebted poor countries (HIPC),1979,32.8469959955619
Croatia,1979,
Haiti,1979,57.8737300435414
Hungary,1979,73.9657473309609
IBRD only,1979,37.9396354070958
IDA & IBRD total,1979,36.7859316301168
IDA total,1979,34.0109532628652
IDA blend,1979,37.9805201968953
Indonesia,1979,19.7914339495576
IDA only,1979,32.9251488509715
Isle of Man,1979,61.2280701754386
India,1979,60.73611171839
Not classified,1979,
Ireland,1979,71.0727246334737
"Iran, Islamic Rep.",1979,36.7813551413345
Iraq,1979,21.581269863045
Iceland,1979,19.0623441396509
Israel,1979,24.630314232902
Italy,1979,59.8687565876713
Jamaica,1979,45.8910433979686
Jordan,1979,12.7493200362647
Japan,1979,16.8558951965066
Kazakhstan,1979,
Kenya,1979,44.7455843904839
Kyrgyz Republic,1979,
Cambodia,1979,14.72920915477
Kiribati,1979,46.9135802469136
St. Kitts and Nevis,1979,42.8571428571429
"Korea, Rep.",1979,23.3464648558988
Kuwait,1979,7.57575757575758
Latin America & Caribbean (excluding high income),1979,32.6337849321328
Lao PDR,1979,6.95407279029463
Lebanon,1979,59.9217986314761
Liberia,1979,11.8330564784053
Libya,1979,8.45391409118292
St. Lucia,1979,33.1147540983607
Latin America & Caribbean,1979,32.460489022056
Least developed countries: UN classification,1979,32.8383566516574
Low income,1979,33.4209693296955
Liechtenstein,1979,56.25
Sri Lanka,1979,37.6176048477117
Lower middle income,1979,38.5851341612161
Low & middle income,1979,36.6729992606871
Lesotho,1979,76.0540184453228
Late-demographic dividend,1979,39.3426883348155
Lithuania,1979,
Luxembourg,1979,
Latvia,1979,
"Macao SAR, China",1979,
St. Martin (French part),1979,
Morocco,1979,62.7470311449698
Monaco,1979,
Moldova,1979,
Madagascar,1979,61.9389895793926
Maldives,1979,23.3333333333333
"Middle East, North Africa, Afghanistan & Pakistan",1979,29.4126808197108
Mexico,1979,50.4117904267085
Marshall Islands,1979,
Middle income,1979,37.2848569054629
North Macedonia,1979,
Mali,1979,26.2909874691646
Malta,1979,43.75
Myanmar,1979,15.8781405881813
"Middle East, North Africa, Afghanistan & Pakistan (excluding high income)",1979,28.1241277236132
Montenegro,1979,
Mongolia,1979,80.5931741367763
Northern Mariana Islands,1979,
Mozambique,1979,44.1008163991963
Mauritania,1979,38.2739885514699
Mauritius,1979,56.1576354679803
Malawi,1979,42.1086126431905
Malaysia,1979,14.7286866534774
North America,1979,27.0460143570585
Namibia,1979,46.9530785021074
New Caledonia,1979,14.4967177242888
Niger,1979,23.6504302518355
Nigeria,1979,61.850961274526
Nicaragua,1979,31.0786106032907
Netherlands,1979,60.3317535545024
Norway,1979,2.61195255774222
Nepal,1979,28.4615384615385
Nauru,1979,20.0
New Zealand,1979,54.8516957198739
OECD members,1979,39.5066993699695
Oman,1979,3.39579967689822
Other small states,1979,25.4174127027528
Pakistan,1979,47.1370381901204
Panama,1979,24.9125638956147
Peru,1979,15.750814375
Philippines,1979,34.8593084482007
Palau,1979,
Papua New Guinea,1979,1.75109305304067
Poland,1979,62.1894283195664
Pre-demographic dividend,1979,34.7311032668718
Puerto Rico (US),1979,54.7914317925592
"Korea, Dem. People's Rep.",1979,19.4086869861307
Portugal,1979,43.4535519125683
Paraguay,1979,31.9330480745029
West Bank and Gaza,1979,81.8936877076412
Pacific island small states,1979,9.8456888323258
Post-demographic dividend,1979,38.7654034822983
French Polynesia,1979,10.9085519125683
Qatar,1979,4.56503014642549
Romania,1979,64.9778588174004
Russian Federation,1979,
Rwanda,1979,68.7880016214025
South Asia,1979,58.8195857504545
Saudi Arabia,1979,40.4286199405496
Sudan,1979,
Senegal,1979,45.9253103412455
Singapore,1979,11.9402985074627
Solomon Islands,1979,2.10789567702751
Sierra Leone,1979,37.6697146023829
El Salvador,1979,63.0791505791506
San Marino,1979,16.6666666666667
"Somalia, Fed. Rep.",1979,70.1294353938853
Serbia,1979,
Sub-Saharan Africa (excluding high income),1979,37.5589292138091
South Sudan,1979,
Sub-Saharan Africa,1979,37.5583196373894
Small states,1979,11.155220842007
Sao Tome and Principe,1979,38.5416666666667
Suriname,1979,0.398734988328591
Slovak Republic,1979,
Slovenia,1979,
Sweden,1979,9.11033223621464
Eswatini,1979,77.9069767441861
Sint Maarten (Dutch part),1979,
Seychelles,1979,10.8695652173913
Syrian Arab Republic,1979,75.960387419741
Turks and Caicos Islands,1979,1.05263157894737
Chad,1979,38.2385641677255
East Asia & Pacific (IDA & IBRD countries),1979,40.5434016105496
Europe & Central Asia (IDA & IBRD countries),1979,55.5497857078565
Togo,1979,55.7087699944843
Thailand,1979,36.6067059445282
Tajikistan,1979,
Turkmenistan,1979,
Latin America & the Caribbean (IDA & IBRD countries),1979,32.348799407636
Timor-Leste,1979,18.560860793544
"Middle East, North Africa, Afghanistan & Pakistan (IDA & IBRD)",1979,28.0919547998565
Tonga,1979,45.8333333333333
South Asia (IDA & IBRD),1979,58.8195857504545
Sub-Saharan Africa (IDA & IBRD countries),1979,37.5583196373894
Trinidad and Tobago,1979,20.6627680311891
Tunisia,1979,59.8159114315139
Turkiye,1979,50.5333731793199
Tuvalu,1979,66.6666666666667
Tanzania,1979,33.8676902235268
Uganda,1979,53.100445423152
Ukraine,1979,
Upper middle income,1979,36.6968547645926
Uruguay,1979,86.3958404753742
United States,1979,46.7479932219379
Uzbekistan,1979,
St. Vincent and the Grenadines,1979,30.7692307692308
"Venezuela, RB",1979,23.6948018819795
British Virgin Islands,1979,53.3333333333333
Virgin Islands (U.S.),1979,42.8571428571429
Viet Nam,1979,21.0451934007189
Vanuatu,1979,10.5004101722724
World,1979,37.1382126040632
Samoa,1979,25.9717314487633
Kosovo,1979,
"Yemen, Rep.",1979,44.4400250014205
South Africa,1979,77.5342307660602
Zambia,1979,26.6078370707166
Zimbabwe,1979,30.1003125242342
Aruba,1980,11.1111111111111
Africa Eastern and Southern,1980,40.8413326524021
Afghanistan,1980,58.3367830366588
Africa Western and Central,1980,33.6625496087678
Angola,1980,35.906793935991
Albania,1980,40.8029197080292
Andorra,1980,48.936170212766
Arab World,1980,28.6445239964964
United Arab Emirates,1980,3.13996057448606
Argentina,1980,46.5463753658617
Armenia,1980,
American Samoa,1980,9.65
Antigua and Barbuda,1980,20.4545454545455
Australia,1980,64.5168764562696
Austria,1980,38.0634997576345
Azerbaijan,1980,
Burundi,1980,81.3084112149533
Belgium,1980,
Benin,1980,17.7749201844626
Burkina Faso,1980,33.0409356725146
Bangladesh,1980,76.7227471767688
Bulgaria,1980,55.8709210883124
Bahrain,1980,14.4927536231884
"Bahamas, The",1980,1.0989010989011
Bosnia and Herzegovina,1980,
Belarus,1980,
Belize,1980,4.20868040333187
Bermuda,1980,5.55555555555556
Bolivia,1980,30.9812609618758
Brazil,1980,27.819252608834
Barbados,1980,44.1860465116279
Brunei Darussalam,1980,2.84629981024668
Bhutan,1980,8.83932966633136
Botswana,1980,45.8842835212535
Central African Republic,1980,7.96365372885165
Canada,1980,6.87740572566892
Central Europe and the Baltics,1980,63.4575471058236
Switzerland,1980,41.8267279655724
Channel Islands,1980,43.9393939393939
Chile,1980,22.6621046572306
China,1980,45.5467206348361
Cote d'Ivoire,1980,54.4679182389937
Cameroon,1980,18.891074866197
"Congo, Dem. Rep.",1980,11.3363181226704
"Congo, Rep.",1980,30.8109077598829
Colombia,1980,40.8219918882379
Comoros,1980,53.7345513164965
Cabo Verde,1980,16.1290322580645
Costa Rica,1980,49.2753623188406
Caribbean small states,1980,3.12061339990973
Cuba,1980,55.2793296089385
Curacao,1980,
Cayman Islands,1980,11.25
Cyprus,1980,18.5606060606061
Czechia,1980,
Germany,1980,53.0432790078194
Djibouti,1980,56.1259706643658
Dominica,1980,25.3333333333333
Denmark,1980,72.625
Dominican Republic,1980,54.2330780376734
Algeria,1980,18.4025124488819
East Asia & Pacific (excluding high income),1980,40.733998338381
Early-demographic dividend,1980,35.6002841629776
East Asia & Pacific,1980,47.8965839381784
Europe & Central Asia (excluding high income),1980,49.8061553517433
Europe & Central Asia,1980,44.111160893564
Ecuador,1980,23.3997977170929
"Egypt, Arab Rep.",1980,2.45617559897534
Euro area,1980,52.2335500256766
Eritrea,1980,
Spain,1980,62.5422948325225
Estonia,1980,
Ethiopia,1980,
European Union,1980,49.7556296837574
Finland,1980,8.32594635411537
Fiji,1980,15.8730158730159
France,1980,58.858892290565
Faroe Islands,1980,69.1489971346705
"Micronesia, Fed. Sts.",1980,
Gabon,1980,7.70512671246168
United Kingdom,1980,76.3402637126441
Georgia,1980,
Ghana,1980,52.2984969675661
Gibraltar,1980,
Guinea,1980,56.5079684193391
"Gambia, The",1980,55.6324110671937
Guinea-Bissau,1980,18.3026315789474
Equatorial Guinea,1980,4.20142602495544
Greece,1980,71.2179984484096
Grenada,1980,47.0588235294118
Greenland,1980,0.687737781679836
Guatemala,1980,28.4621127286301
Guam,1980,33.3333333333333
Guyana,1980,4.34925374650749
High income,1980,38.1001305335953
"Hong Kong SAR, China",1980,9.0
Honduras,1980,29.1089462865314
Heavily indebted poor countries (HIPC),1980,32.9057295161995
Croatia,1980,
Haiti,1980,58.055152394775
Hungary,1980,73.707040373707
IBRD only,1980,38.1295540110836
IDA & IBRD total,1980,36.9546440101432
IDA total,1980,34.128663867366
IDA blend,1980,38.2970075069856
Indonesia,1980,20.0194400989197
IDA only,1980,32.9884876241119
Isle of Man,1980,62.1052631578947
India,1980,60.632519280638
Not classified,1980,
Ireland,1980,71.5851357236174
"Iran, Islamic Rep.",1980,35.4337041675876
Iraq,1980,21.581269863045
Iceland,1980,18.9526184538653
Israel,1980,24.630314232902
Italy,1980,59.7123525211655
Jamaica,1980,45.8910433979686
Jordan,1980,12.771985494107
Japan,1980,16.7949767949768
Kazakhstan,1980,
Kenya,1980,44.7600817022174
Kyrgyz Republic,1980,
Cambodia,1980,15.0124631769771
Kiribati,1980,46.9135802469136
St. Kitts and Nevis,1980,57.6923076923077
"Korea, Rep.",1980,23.2946298984035
Kuwait,1980,7.57575757575758
Latin America & Caribbean (excluding high income),1980,32.9636773248807
Lao PDR,1980,6.95840554592721
Lebanon,1980,58.7487781036168
Liberia,1980,11.8330564784053
Libya,1980,8.5704218147925
St. Lucia,1980,33.6065573770492
Latin America & Caribbean,1980,32.7657268609346
Least developed countries: UN classification,1980,32.8957021058591
Low income,1980,33.5117363386667
Liechtenstein,1980,56.25
Sri Lanka,1980,37.4581406474247
Lower middle income,1980,38.7014199558479
Low & middle income,1980,36.8502764613462
Lesotho,1980,75.6258234519104
Late-demographic dividend,1980,39.7639147136358
Lithuania,1980,
Luxembourg,1980,
Latvia,1980,
"Macao SAR, China",1980,
St. Martin (French part),1980,
Morocco,1980,64.8218686981851
Monaco,1980,
Moldova,1980,
Madagascar,1980,61.9733810228015
Maldives,1980,23.3333333333333
"Middle East, North Africa, Afghanistan & Pakistan",1980,29.4080956002448
Mexico,1980,50.5054142339052
Marshall Islands,1980,
Middle income,1980,37.4784106851382
North Macedonia,1980,
Mali,1980,26.2909874691646
Malta,1980,40.625
Myanmar,1980,15.8903816139793
"Middle East, North Africa, Afghanistan & Pakistan (excluding high income)",1980,28.1126049835851
Montenegro,1980,
Mongolia,1980,80.5117492657425
Northern Mariana Islands,1980,
Mozambique,1980,44.1008163991963
Mauritania,1980,38.2885417677307
Mauritius,1980,56.1576354679803
Malawi,1980,40.6236741620704
Malaysia,1980,14.9657586364328
North America,1980,27.0253242498429
Namibia,1980,46.9542931409345
New Caledonia,1980,14.4967177242888
Niger,1980,24.2519933685956
Nigeria,1980,62.080437432063
Nicaragua,1980,31.1201595479475
Netherlands,1980,60.3436018957346
Norway,1980,2.56267043401124
Nepal,1980,28.5664335664336
Nauru,1980,20.0
New Zealand,1980,55.4137708404542
OECD members,1980,39.5524413681343
Oman,1980,3.39579967689822
Other small states,1980,25.1924993605405
Pakistan,1980,48.5367372353674
Panama,1980,24.9529190207156
Peru,1980,15.928944140625
Philippines,1980,35.6340342757487
Palau,1980,
Papua New Guinea,1980,1.75992580488451
Poland,1980,62.0555682523099
Pre-demographic dividend,1980,34.7950849071008
Puerto Rico (US),1980,53.5512965050733
"Korea, Dem. People's Rep.",1980,20.2408437837389
Portugal,1980,43.4863387978142
Paraguay,1980,32.441479989932
West Bank and Gaza,1980,82.0598006644518
Pacific island small states,1980,9.94909322303532
Post-demographic dividend,1980,38.8238160806843
French Polynesia,1980,10.8343442622951
Qatar,1980,4.73729543496985
Romania,1980,64.9648345923418
Russian Federation,1980,
Rwanda,1980,69.5176327523308
South Asia,1980,58.7328777837801
Saudi Arabia,1980,40.4532746582065
Sudan,1980,
Senegal,1980,45.9201163455046
Singapore,1980,11.9402985074627
Solomon Islands,1980,2.10789567702751
Sierra Leone,1980,37.7389858686617
El Salvador,1980,63.3156370656371
San Marino,1980,16.6666666666667
"Somalia, Fed. Rep.",1980,70.1374055536073
Serbia,1980,
Sub-Saharan Africa (excluding high income),1980,37.6176917636908
South Sudan,1980,
Sub-Saharan Africa,1980,37.6170808451534
Small states,1980,11.0174279389965
Sao Tome and Principe,1980,38.5416666666667
Suriname,1980,0.429886159291762
Slovak Republic,1980,
Slovenia,1980,
Sweden,1980,9.09314756209621
Eswatini,1980,75.0581395348837
Sint Maarten (Dutch part),1980,
Seychelles,1980,10.8695652173913
Syrian Arab Republic,1980,76.5153988464468
Turks and Caicos Islands,1980,1.05263157894737
Chad,1980,38.2385641677255
East Asia & Pacific (IDA & IBRD countries),1980,40.890130215449
Europe & Central Asia (IDA & IBRD countries),1980,55.2859882710536
Togo,1980,55.8006986578415
Thailand,1980,37.0686449137779
Tajikistan,1980,
Turkmenistan,1980,
Latin America & the Caribbean (IDA & IBRD countries),1980,32.6527391185448
Timor-Leste,1980,18.7626092804304
"Middle East, North Africa, Afghanistan & Pakistan (IDA & IBRD)",1980,28.0803257718146
Tonga,1980,47.2222222222222
South Asia (IDA & IBRD),1980,58.7328777837801
Sub-Saharan Africa (IDA & IBRD countries),1980,37.6170808451534
Trinidad and Tobago,1980,19.6881091617934
Tunisia,1980,58.322605561277
Turkiye,1980,50.1266842508738
Tuvalu,1980,66.6666666666667
Tanzania,1980,33.8676902235268
Uganda,1980,53.4507782393274
Ukraine,1980,
Upper middle income,1980,36.9253501234006
Uruguay,1980,86.1672951662667
United States,1980,46.7479932219379
Uzbekistan,1980,
St. Vincent and the Grenadines,1980,30.7692307692308
"Venezuela, RB",1980,23.8308485913497
British Virgin Islands,1980,53.3333333333333
Virgin Islands (U.S.),1980,45.7142857142857
Viet Nam,1980,21.0697717287782
Vanuatu,1980,10.5004101722724
World,1980,37.271538310393
Samoa,1980,26.1484098939929
Kosovo,1980,
"Yemen, Rep.",1980,44.4400250014205
South Africa,1980,77.5334064249149
Zambia,1980,26.6966195402144
Zimbabwe,1980,30.3501243375986
Aruba,1981,11.1111111111111
Africa Eastern and Southern,1981,40.9836008130434
Afghanistan,1981,58.3429158425709
Africa Western and Central,1981,33.6529756416804
Angola,1981,35.8771155851448
Albania,1981,40.7299270072993
Andorra,1981,48.936170212766
Arab World,1981,28.2728954018683
United Arab Emirates,1981,3.19628273725711
Argentina,1981,46.5463753658617
Armenia,1981,
American Samoa,1981,9.65
Antigua and Barbuda,1981,20.4545454545455
Australia,1981,64.5073740936959
Austria,1981,38.2380029083859
Azerbaijan,1981,
Burundi,1981,80.8021806853583
Belgium,1981,
Benin,1981,18.0454061724016
Burkina Faso,1981,33.0592105263158
Bangladesh,1981,76.6766536068218
Bulgaria,1981,55.8528428093645
Bahrain,1981,14.4927536231884
"Bahamas, The",1981,1.0989010989011
Bosnia and Herzegovina,1981,
Belarus,1981,
Belize,1981,4.25252082419991
Bermuda,1981,5.55555555555556
Bolivia,1981,31.4769685221084
Brazil,1981,28.0461681666017
Barbados,1981,44.1860465116279
Brunei Darussalam,1981,2.84629981024668
Bhutan,1981,8.83932966633136
Botswana,1981,45.8842835212535
Central African Republic,1981,7.93765449934187
Canada,1981,6.83613682981265
Central Europe and the Baltics,1981,63.2671333224809
Switzerland,1981,41.7162158846064
Channel Islands,1981,43.9393939393939
Chile,1981,22.5276114545171
China,1981,46.1117886720102
Cote d'Ivoire,1981,54.8984150943396
Cameroon,1981,18.9545387235303
"Congo, Dem. Rep.",1981,11.3583732162943
"Congo, Rep.",1981,30.8226939970717
Colombia,1981,40.8364127985579
Comoros,1981,53.7345513164965
Cabo Verde,1981,16.1290322580645
Costa Rica,1981,50.9009009009009
Caribbean small states,1981,2.99182683980164
Cuba,1981,55.2886405959032
Curacao,1981,
Cayman Islands,1981,11.25
Cyprus,1981,19.0367965367965
Czechia,1981,
Germany,1981,52.8771517772749
Djibouti,1981,56.1259706643658
Dominica,1981,25.3333333333333
Denmark,1981,72.425
Dominican Republic,1981,54.3365762782033
Algeria,1981,16.4463795376489
East Asia & Pacific (excluding high income),1981,41.1284811043467
Early-demographic dividend,1981,35.5190351629111
East Asia & Pacific,1981,48.1737010714386
Europe & Central Asia (excluding high income),1981,49.846304405104
Europe & Central Asia,1981,44.0317529076053
Ecuador,1981,24.4148244473342
"Egypt, Arab Rep.",1981,2.47928072730926
Euro area,1981,52.1785828025478
Eritrea,1981,
Spain,1981,62.4794778360629
Estonia,1981,
Ethiopia,1981,
European Union,1981,49.6681739439668
Finland,1981,8.2625824879346
Fiji,1981,16.4203612479475
France,1981,58.7939512014101
Faroe Islands,1981,69.1489971346705
"Micronesia, Fed. Sts.",1981,
Gabon,1981,7.71288857841425
United Kingdom,1981,75.7243830860166
Georgia,1981,
Ghana,1981,52.2984969675661
Gibraltar,1981,
Guinea,1981,56.5005209181182
"Gambia, The",1981,57.8063241106719
Guinea-Bissau,1981,18.5515647226174
Equatorial Guinea,1981,4.16577540106952
Greece,1981,71.4197051978278
Grenada,1981,47.0588235294118
Greenland,1981,0.687737781679836
Guatemala,1981,28.6207540126913
Guam,1981,37.037037037037
Guyana,1981,4.09207823215646
High income,1981,38.0893972911191
"Hong Kong SAR, China",1981,9.0
Honduras,1981,29.171507730807
Heavily indebted poor countries (HIPC),1981,33.0189483276523
Croatia,1981,
Haiti,1981,58.055152394775
Hungary,1981,73.4260289210234
IBRD only,1981,38.2420974466129
IDA & IBRD total,1981,37.0455224809059
IDA total,1981,34.1674321678389
IDA blend,1981,38.1967568981105
Indonesia,1981,20.2260801956314
IDA only,1981,33.0652820739395
Isle of Man,1981,62.8070175438596
India,1981,60.6759070224237
Not classified,1981,
Ireland,1981,71.2599796777471
"Iran, Islamic Rep.",1981,35.7818217539723
Iraq,1981,21.581269863045
Iceland,1981,18.9526184538653
Israel,1981,24.8613678373383
Italy,1981,59.6749515487403
Jamaica,1981,45.8910433979686
Jordan,1981,12.6654578422484
Japan,1981,16.7057860262009
Kazakhstan,1981,
Kenya,1981,44.7745790139509
Kyrgyz Republic,1981,
Cambodia,1981,15.0124631769771
Kiribati,1981,46.9135802469136
St. Kitts and Nevis,1981,57.6923076923077
"Korea, Rep.",1981,23.2738959154053
Kuwait,1981,7.63187429854097
Latin America & Caribbean (excluding high income),1981,33.1385446785079
Lao PDR,1981,6.97140381282496
Lebanon,1981,58.455522971652
Liberia,1981,11.8330564784053
Libya,1981,8.63009650249497
St. Lucia,1981,34.0983606557377
Latin America & Caribbean,1981,32.9254350163844
Least developed countries: UN classification,1981,32.9632239453199
Low income,1981,33.5125318196983
Liechtenstein,1981,56.25
Sri Lanka,1981,37.4581406474247
Lower middle income,1981,38.7975686838205
Low & middle income,1981,36.946328954362
Lesotho,1981,75.8234519104084
Late-demographic dividend,1981,40.0752037033274
Lithuania,1981,
Luxembourg,1981,
Latvia,1981,
"Macao SAR, China",1981,
St. Martin (French part),1981,
Morocco,1981,65.1803719471208
Monaco,1981,
Moldova,1981,
Madagascar,1981,62.0335660487671
Maldives,1981,23.3333333333333
"Middle East, North Africa, Afghanistan & Pakistan",1981,29.0494681935975
Mexico,1981,50.520846729597
Marshall Islands,1981,
Middle income,1981,37.5923854397069
North Macedonia,1981,
Mali,1981,26.2934461026561
Malta,1981,40.625
Myanmar,1981,15.9454662300701
"Middle East, North Africa, Afghanistan & Pakistan (excluding high income)",1981,27.6558276754362
Montenegro,1981,
Mongolia,1981,80.4678056845497
Northern Mariana Islands,1981,
Mozambique,1981,44.1643988911213
Mauritania,1981,38.3079460560784
Mauritius,1981,56.1576354679803
Malawi,1981,41.6843445057276
Malaysia,1981,15.3547100897885
North America,1981,27.0049100107235
Namibia,1981,46.9542931409345
New Caledonia,1981,14.4967177242888
Niger,1981,23.9046340885766
Nigeria,1981,62.1990184129912
Nicaragua,1981,31.8015622403191
Netherlands,1981,60.1451421800948
Norway,1981,2.56267043401124
Nepal,1981,28.6923076923077
Nauru,1981,20.0
New Zealand,1981,57.679161444685
OECD members,1981,39.5447885315638
Oman,1981,3.39579967689822
Other small states,1981,25.1942633867539
Pakistan,1981,47.3536737235367
Panama,1981,25.3161151466236
Peru,1981,16.10707390625
Philippines,1981,35.7849548915048
Palau,1981,
Papua New Guinea,1981,1.77317493265027
Poland,1981,61.7388749224591
Pre-demographic dividend,1981,34.8687789941662
Puerto Rico (US),1981,52.6493799323563
"Korea, Dem. People's Rep.",1981,20.3396727846524
Portugal,1981,43.5191256830601
Paraguay,1981,32.9650138434432
West Bank and Gaza,1981,82.7242524916943
Pacific island small states,1981,10.2036271078587
Post-demographic dividend,1981,38.8165600099432
French Polynesia,1981,10.7601092896175
Qatar,1981,4.82342807924203
Romania,1981,64.8953720586958
Russian Federation,1981,
Rwanda,1981,71.3417105796514
South Asia,1981,58.7748909222718
Saudi Arabia,1981,40.4769990091595
Sudan,1981,
Senegal,1981,45.9149223497637
Singapore,1981,10.4477611940298
Solomon Islands,1981,2.10789567702751
Sierra Leone,1981,37.8082571349404
El Salvador,1981,61.1389961389961
San Marino,1981,16.6666666666667
"Somalia, Fed. Rep.",1981,70.1453757133293
Serbia,1981,
Sub-Saharan Africa (excluding high income),1981,37.6917638099157
South Sudan,1981,
Sub-Saharan Africa,1981,37.6911511995969
Small states,1981,10.9666753039393
Sao Tome and Principe,1981,38.5416666666667
Suriname,1981,0.454807096062299
Slovak Republic,1981,
Slovenia,1981,
Sweden,1981,9.02195391217699
Eswatini,1981,74.6511627906977
Sint Maarten (Dutch part),1981,
Seychelles,1981,10.8695652173913
Syrian Arab Republic,1981,76.803787136794
Turks and Caicos Islands,1981,1.05263157894737
Chad,1981,38.2385641677255
East Asia & Pacific (IDA & IBRD countries),1981,41.2868653678836
Europe & Central Asia (IDA & IBRD countries),1981,55.2285205879706
Togo,1981,55.8006986578415
Thailand,1981,37.8574644248273
Tajikistan,1981,
Turkmenistan,1981,
Latin America & the Caribbean (IDA & IBRD countries),1981,32.8138242495703
Timor-Leste,1981,18.9643577673167
"Middle East, North Africa, Afghanistan & Pakistan (IDA & IBRD)",1981,27.6228775781406
Tonga,1981,47.2222222222222
South Asia (IDA & IBRD),1981,58.7748909222718
Sub-Saharan Africa (IDA & IBRD countries),1981,37.6911511995969
Trinidad and Tobago,1981,18.5185185185185
Tunisia,1981,58.7538619979403
Turkiye,1981,50.1708613229734
Tuvalu,1981,66.6666666666667
Tanzania,1981,34.9966132309776
Uganda,1981,53.8511586006706
Ukraine,1981,
Upper middle income,1981,37.0473860370454
Uruguay,1981,86.0073134498914
United States,1981,46.7479932219379
Uzbekistan,1981,
St. Vincent and the Grenadines,1981,30.7692307692308
"Venezuela, RB",1981,23.8535230429114
British Virgin Islands,1981,53.3333333333333
Virgin Islands (U.S.),1981,45.7142857142857
Viet Nam,1981,21.1250729669114
Vanuatu,1981,10.746513535685
World,1981,37.3315993782314
Samoa,1981,27.208480565371
Kosovo,1981,
"Yemen, Rep.",1981,44.443813095441
South Africa,1981,77.5243386723161
Zambia,1981,26.8405547559155
Zimbabwe,1981,30.7641320925423
Aruba,1982,11.1111111111111
Africa Eastern and Southern,1982,41.0278390021967
Afghanistan,1982,58.3444490440489
Africa Western and Central,1982,33.7319649604567
Angola,1982,35.8586668805647
Albania,1982,40.6569343065693
Andorra,1982,48.936170212766
Arab World,1982,28.299039527793
United Arab Emirates,1982,3.19628273725711
Argentina,1982,46.5467407707851
Armenia,1982,
American Samoa,1982,9.65
Antigua and Barbuda,1982,20.4545454545455
Australia,1982,63.8834723975893
Austria,1982,38.0841008240427
Azerbaijan,1982,
Burundi,1982,80.2180685358256
Belgium,1982,
Benin,1982,18.4045760908123
Burkina Faso,1982,33.0592105263158
Bangladesh,1982,76.6536068218484
Bulgaria,1982,55.8799602277863
Bahrain,1982,14.4927536231884
"Bahamas, The",1982,1.0989010989011
Bosnia and Herzegovina,1982,
Belarus,1982,
Belize,1982,4.25252082419991
Bermuda,1982,5.55555555555556
Bolivia,1982,31.5111234191821
Brazil,1982,28.2731086102889
Barbados,1982,44.1860465116279
Brunei Darussalam,1982,2.65654648956357
Bhutan,1982,8.94634334267919
Botswana,1982,45.8878125385986
Central African Republic,1982,7.96598606696844
Canada,1982,6.82743690041592
Central Europe and the Baltics,1982,63.2408600691854
Switzerland,1982,41.5935506116946
Channel Islands,1982,43.9393939393939
Chile,1982,22.3258716504468
China,1982,47.1353021063563
Cote d'Ivoire,1982,55.3093993710692
Cameroon,1982,19.0603118190857
"Congo, Dem. Rep.",1982,11.3671952537439
"Congo, Rep.",1982,30.8963396778917
Colombia,1982,40.8499324019829
Comoros,1982,53.7345513164965
Cabo Verde,1982,16.1290322580645
Costa Rica,1982,52.4676850763807
Caribbean small states,1982,2.84773393743033
Cuba,1982,56.6387337057728
Curacao,1982,
Cayman Islands,1982,11.25
Cyprus,1982,19.6969696969697
Czechia,1982,
Germany,1982,52.6909747085613
Djibouti,1982,56.1259706643658
Dominica,1982,25.3333333333333
Denmark,1982,72.175
Dominican Republic,1982,54.4400745187332
Algeria,1982,16.4195084266125
East Asia & Pacific (excluding high income),1982,41.7982458003412
Early-demographic dividend,1982,35.6259842286495
East Asia & Pacific,1982,48.3901536788865
Europe & Central Asia (excluding high income),1982,48.0596715305572
Europe & Central Asia,1982,43.7227494601231
Ecuador,1982,25.1408755960121
"Egypt, Arab Rep.",1982,2.45641669596665
Euro area,1982,52.1058917197452
Eritrea,1982,
Spain,1982,62.4494454010331
Estonia,1982,
Ethiopia,1982,
European Union,1982,49.6040043061361
Finland,1982,8.16737253356972
Fiji,1982,16.967706622879
France,1982,58.7178773541145
Faroe Islands,1982,69.1489971346705
"Micronesia, Fed. Sts.",1982,
Gabon,1982,7.72065044436683
United Kingdom,1982,75.5631794320671
Georgia,1982,
Ghana,1982,53.1423046497319
Gibraltar,1982,
Guinea,1982,56.490456617288
"Gambia, The",1982,59.8814229249012
Guinea-Bissau,1982,19.0138691322902
Equatorial Guinea,1982,4.09447415329768
Greece,1982,71.4197051978278
Grenada,1982,47.0588235294118
Greenland,1982,0.687737781679836
Guatemala,1982,28.9660321015304
Guam,1982,37.037037037037
Guyana,1982,3.83490271780544
High income,1982,38.0163744417318
"Hong Kong SAR, China",1982,9.09090909090909
Honduras,1982,29.2161944767182
Heavily indebted poor countries (HIPC),1982,33.0798897973119
Croatia,1982,
Haiti,1982,58.055152394775
Hungary,1982,73.2228279007676
IBRD only,1982,38.5010782381312
IDA & IBRD total,1982,37.273927029539
IDA total,1982,34.3222924831559
IDA blend,1982,38.7491054344911
Indonesia,1982,20.4440273906059
IDA only,1982,33.111416558132
Isle of Man,1982,63.6842105263158
India,1982,60.8003524833596
Not classified,1982,
Ireland,1982,71.0582087385687
"Iran, Islamic Rep.",1982,36.1422186203001
Iraq,1982,21.6064201934289
Iceland,1982,18.9526184538653
Israel,1982,24.9537892791128
Italy,1982,59.6239502227058
Jamaica,1982,44.9676823638042
Jordan,1982,12.7391205802357
Japan,1982,16.6411796832332
Kazakhstan,1982,
Kenya,1982,44.7890761499807
Kyrgyz Republic,1982,
Cambodia,1982,15.1824155903014
Kiribati,1982,46.9135802469136
St. Kitts and Nevis,1982,53.8461538461538
"Korea, Rep.",1982,23.2531619324072
Kuwait,1982,7.63187429854097
Latin America & Caribbean (excluding high income),1982,33.2911924603015
Lao PDR,1982,7.00606585788562
Lebanon,1982,58.455522971652
Liberia,1982,11.874584717608
Libya,1982,8.69090785091558
St. Lucia,1982,34.4262295081967
Latin America & Caribbean,1982,33.0620354514124
Least developed countries: UN classification,1982,33.0014728123075
Low income,1982,33.5553952954833
Liechtenstein,1982,56.25
Sri Lanka,1982,36.6129803859034
Lower middle income,1982,38.9912749399499
Low & middle income,1982,37.1843485201788
Lesotho,1982,75.4940711462451
Late-demographic dividend,1982,40.559703948634
Lithuania,1982,
Luxembourg,1982,
Latvia,1982,
"Macao SAR, China",1982,
St. Martin (French part),1982,
Morocco,1982,65.3753080887296
Monaco,1982,
Moldova,1982,
Madagascar,1982,62.0765553530282
Maldives,1982,26.6666666666667
"Middle East, North Africa, Afghanistan & Pakistan",1982,29.2758626141759
Mexico,1982,50.5748604645181
Marshall Islands,1982,
Middle income,1982,37.8671229165345
North Macedonia,1982,
Mali,1982,26.2934461026561
Malta,1982,40.625
Myanmar,1982,15.976068794565
"Middle East, North Africa, Afghanistan & Pakistan (excluding high income)",1982,27.9345329565265
Montenegro,1982,
Mongolia,1982,80.4716830593608
Northern Mariana Islands,1982,
Mozambique,1982,44.2661308782014
Mauritania,1982,38.3273503444261
Mauritius,1982,56.1576354679803
Malawi,1982,42.7450148493848
Malaysia,1982,15.5464617257647
North America,1982,27.1791483002884
Namibia,1982,46.9542931409345
New Caledonia,1982,14.8796498905908
Niger,1982,23.9677903213073
Nigeria,1982,62.3186973659651
Nicaragua,1982,31.8181818181818
Netherlands,1982,60.053317535545
Norway,1982,2.57909780858823
Nepal,1982,28.7174825174825
Nauru,1982,20.0
New Zealand,1982,55.523907181649
OECD members,1982,39.4342549197934
Oman,1982,3.39579967689822
Other small states,1982,25.2476251797102
Pakistan,1982,49.954597343296
Panama,1982,25.7465698143664
Peru,1982,16.28520359375
Philippines,1982,36.0197202937921
Palau,1982,
Papua New Guinea,1982,1.75550942896259
Poland,1982,61.6768422083646
Pre-demographic dividend,1982,34.9196988283933
Puerto Rico (US),1982,52.6493799323563
"Korea, Dem. People's Rep.",1982,20.4169088946101
Portugal,1982,43.551912568306
Paraguay,1982,33.256984646363
West Bank and Gaza,1982,83.0564784053156
Pacific island small states,1982,10.4263442570792
Post-demographic dividend,1982,38.7393767145046
French Polynesia,1982,10.6859016393443
Qatar,1982,4.90956072351421
Romania,1982,64.9604931839889
Russian Federation,1982,
Rwanda,1982,71.9497365220916
South Asia,1982,58.8713125649379
Saudi Arabia,1982,40.5025840935205
Sudan,1982,
Senegal,1982,45.9097283540227
Singapore,1982,8.95522388059701
Solomon Islands,1982,2.21507681314755
Sierra Leone,1982,38.0160709337767
El Salvador,1982,59.4932432432432
San Marino,1982,16.6666666666667
"Somalia, Fed. Rep.",1982,70.1533458730513
Serbia,1982,
Sub-Saharan Africa (excluding high income),1982,37.7515617059463
South Sudan,1982,
Sub-Saharan Africa,1982,37.7509973813319
Small states,1982,10.9211541502337
Sao Tome and Principe,1982,34.375
Suriname,1982,0.467267564447567
Slovak Republic,1982,
Slovenia,1982,
Sweden,1982,8.98512961049463
Eswatini,1982,74.7674418604651
Sint Maarten (Dutch part),1982,
Seychelles,1982,13.0434782608696
Syrian Arab Republic,1982,76.7929045597998
Turks and Caicos Islands,1982,1.05263157894737
Chad,1982,38.2385641677255
East Asia & Pacific (IDA & IBRD countries),1982,41.9611442921488
Europe & Central Asia (IDA & IBRD countries),1982,54.2418766314244
Togo,1982,55.8006986578415
Thailand,1982,38.7147918338586
Tajikistan,1982,
Turkmenistan,1982,
Latin America & the Caribbean (IDA & IBRD countries),1982,32.9440330298552
Timor-Leste,1982,19.0988567585743
"Middle East, North Africa, Afghanistan & Pakistan (IDA & IBRD)",1982,27.9015508352525
Tonga,1982,47.2222222222222
South Asia (IDA & IBRD),1982,58.8713125649379
Sub-Saharan Africa (IDA & IBRD countries),1982,37.7509973813319
Trinidad and Tobago,1982,17.1539961013645
Tunisia,1982,59.3202883625129
Turkiye,1982,48.3232202486909
Tuvalu,1982,66.6666666666667
Tanzania,1982,34.9966132309776
Uganda,1982,54.2515389620139
Ukraine,1982,
Upper middle income,1982,37.358766876692
Uruguay,1982,85.8244772026054
United States,1982,47.1013084455004
Uzbekistan,1982,
St. Vincent and the Grenadines,1982,28.2051282051282
"Venezuela, RB",1982,23.9895697522816
British Virgin Islands,1982,60.0
Virgin Islands (U.S.),1982,42.8571428571429
Viet Nam,1982,21.1496512949707
Vanuatu,1982,10.8285479901559
World,1982,37.464781140126
Samoa,1982,27.208480565371
Kosovo,1982,
"Yemen, Rep.",1982,44.443813095441
South Africa,1982,77.5152709197174
Zambia,1982,26.956241004049
Zimbabwe,1982,31.0990283055448
Aruba,1983,11.1111111111111
Africa Eastern and Southern,1983,41.0955739322451
Afghanistan,1983,58.3444490440489
Africa Western and Central,1983,33.8223075290356
Angola,1983,35.8370097056228
Albania,1983,40.5109489051095
Andorra,1983,48.936170212766
Arab World,1983,28.3532787541106
United Arab Emirates,1983,3.26668544072092
Argentina,1983,46.5471061757086
Armenia,1983,
American Samoa,1983,9.65
Antigua and Barbuda,1983,20.4545454545455
Australia,1983,62.9744998242714
Austria,1983,36.6686863790596
Azerbaijan,1983,
Burundi,1983,80.2180685358256
Belgium,1983,
Benin,1983,18.3912291592763
Burkina Faso,1983,33.077485380117
Bangladesh,1983,76.5460551586387
Bulgaria,1983,55.8347645304167
Bahrain,1983,14.4927536231884
"Bahamas, The",1983,1.0989010989011
Bosnia and Herzegovina,1983,
Belarus,1983,
Belize,1983,4.25252082419991
Bermuda,1983,5.55555555555556
Bolivia,1983,31.5452783162559
Brazil,1983,28.5000490539761
Barbados,1983,44.1860465116279
Brunei Darussalam,1983,2.65654648956357
Bhutan,1983,9.203176165914
Botswana,1983,45.8878125385986
Central African Republic,1983,7.93714083919227
Canada,1983,6.8187369710192
Central Europe and the Baltics,1983,63.228152047101
Switzerland,1983,41.4712496309644
Channel Islands,1983,43.4343434343434
Chile,1983,22.25862504909
China,1983,48.2441349559289
Cote d'Ivoire,1983,55.2955974842767
Cameroon,1983,19.1660849146411
"Congo, Dem. Rep.",1983,11.3804283099182
"Congo, Rep.",1983,30.9090775988287
Colombia,1983,40.8643533123028
Comoros,1983,53.7345513164965
Cabo Verde,1983,16.1290322580645
Costa Rica,1983,52.5264394829612
Caribbean small states,1983,2.68858561643947
Cuba,1983,57.5325884543762
Curacao,1983,
Cayman Islands,1983,11.25
Cyprus,1983,19.8051948051948
Czechia,1983,
Germany,1983,52.501933377252
Djibouti,1983,56.1259706643658
Dominica,1983,25.3333333333333
Denmark,1983,71.15
Dominican Republic,1983,54.4400745187332
Algeria,1983,16.4929841208528
East Asia & Pacific (excluding high income),1983,42.5114450314277
Early-demographic dividend,1983,35.6804449404476
East Asia & Pacific,1983,48.5673554845844
Europe & Central Asia (excluding high income),1983,47.4611997039007
Europe & Central Asia,1983,43.4210917131989
Ecuador,1983,25.6285218899003
"Egypt, Arab Rep.",1983,2.44586870259682
Euro area,1983,51.6927351839393
Eritrea,1983,
Spain,1983,61.6522836033078
Estonia,1983,
Ethiopia,1983,
European Union,1983,49.2951723144362
Finland,1983,8.04491283364523
Fiji,1983,17.5150519978106
France,1983,58.5675851192133
Faroe Islands,1983,69.1489971346705
"Micronesia, Fed. Sts.",1983,
Gabon,1983,7.7284123103194
United Kingdom,1983,75.2945066754846
Georgia,1983,
Ghana,1983,53.1071459963083
Gibraltar,1983,
Guinea,1983,56.5341364154322
"Gambia, The",1983,58.00395256917
Guinea-Bissau,1983,19.3694879089616
Equatorial Guinea,1983,4.05882352941176
Greece,1983,71.233514352211
Grenada,1983,47.0588235294118
Greenland,1983,0.687737781679836
Guatemala,1983,29.1060097051138
Guam,1983,37.037037037037
Guyana,1983,3.57772720345441
High income,1983,37.7836115048534
"Hong Kong SAR, China",1983,9.09090909090909
Honduras,1983,29.2251318259004
Heavily indebted poor countries (HIPC),1983,33.1566641482642
Croatia,1983,
Haiti,1983,58.055152394775
Hungary,1983,73.1085892300845
IBRD only,1983,38.8321613772665
IDA & IBRD total,1983,37.4986739389162
IDA total,1983,34.2912716541416
IDA blend,1983,38.3667298518281
Indonesia,1983,20.5471147126526
IDA only,1983,33.1765025709954
Isle of Man,1983,64.2105263157895
India,1983,60.696423706524
Not classified,1983,
Ireland,1983,70.7867615038467
"Iran, Islamic Rep.",1983,36.352808271323
Iraq,1983,21.6064201934289
Iceland,1983,18.9526184538653
Israel,1983,25.554528650647
Italy,1983,58.6855258236714
Jamaica,1983,44.0443213296399
Jordan,1983,12.8966455122393
Japan,1983,16.5729109776079
Kazakhstan,1983,
Kenya,1983,44.8035734617142
Kyrgyz Republic,1983,
Cambodia,1983,15.2390663947428
Kiribati,1983,46.9135802469136
St. Kitts and Nevis,1983,53.8461538461538
"Korea, Rep.",1983,23.1805929919137
Kuwait,1983,7.63187429854097
Latin America & Caribbean (excluding high income),1983,33.5759691773588
Lao PDR,1983,7.01906412478336
Lebanon,1983,58.455522971652
Liberia,1983,11.9264950166113
Libya,1983,8.75512918149062
St. Lucia,1983,34.7540983606557
Latin America & Caribbean,1983,33.3230680290107
Least developed countries: UN classification,1983,33.0729915712774
Low income,1983,33.6452198472655
Liechtenstein,1983,56.25
Sri Lanka,1983,36.8043374262478
Lower middle income,1983,38.9046131983432
Low & middle income,1983,37.4177164455212
Lesotho,1983,75.3293807641634
Late-demographic dividend,1983,41.0883819785957
Lithuania,1983,
Luxembourg,1983,
Latvia,1983,
"Macao SAR, China",1983,
St. Martin (French part),1983,
Morocco,1983,65.590410038091
Monaco,1983,
Moldova,1983,
Madagascar,1983,62.1367403789937
Maldives,1983,26.6666666666667
"Middle East, North Africa, Afghanistan & Pakistan",1983,29.1841898470592
Mexico,1983,51.966357159392
Marshall Islands,1983,
Middle income,1983,38.1274980073501
North Macedonia,1983,
Mali,1983,26.2934461026561
Malta,1983,40.625
Myanmar,1983,15.9714784098908
"Middle East, North Africa, Afghanistan & Pakistan (excluding high income)",1983,27.7969951475358
Montenegro,1983,
Mongolia,1983,80.7631323993309
Northern Mariana Islands,1983,
Mozambique,1983,44.2661308782014
Mauritania,1983,38.3467546327738
Mauritius,1983,56.1576354679803
Malawi,1983,41.7904115400933
Malaysia,1983,15.8436767615279
North America,1983,27.1748447579875
Namibia,1983,46.9603663350703
New Caledonia,1983,15.3172866520788
Niger,1983,24.4809347122444
Nigeria,1983,62.4372783468933
Nicaragua,1983,31.8264916071132
Netherlands,1983,59.5023696682464
Norway,1983,2.58731149587673
Nepal,1983,28.7426573426573
Nauru,1983,20.0
New Zealand,1983,55.4156697428886
OECD members,1983,39.260843868335
Oman,1983,3.40872374798061
Other small states,1983,25.3270063593145
Pakistan,1983,47.2304379410544
Panama,1983,26.1097659402744
Peru,1983,16.463333359375
Philippines,1983,36.153871952242
Palau,1983,
Papua New Guinea,1983,1.74888486507972
Poland,1983,61.6376636520944
Pre-demographic dividend,1983,34.9956440767234
Puerto Rico (US),1983,52.5366403607666
"Korea, Dem. People's Rep.",1983,20.5140769039116
Portugal,1983,43.5846994535519
Paraguay,1983,33.5640573873647
West Bank and Gaza,1983,83.3887043189369
Pacific island small states,1983,10.6267896913777
Post-demographic dividend,1983,38.4687770394566
French Polynesia,1983,10.6116666666667
Qatar,1983,4.99569336778639
Romania,1983,65.0386385343405
Russian Federation,1983,
Rwanda,1983,72.5577624645318
South Asia,1983,58.7832935499702
Saudi Arabia,1983,40.5965511306281
Sudan,1983,
Senegal,1983,45.9045343582818
Singapore,1983,8.95522388059701
Solomon Islands,1983,2.21507681314755
Sierra Leone,1983,38.0853422000554
El Salvador,1983,59.054054054054
San Marino,1983,16.6666666666667
"Somalia, Fed. Rep.",1983,70.1613160327733
Serbia,1983,
Sub-Saharan Africa (excluding high income),1983,37.8294523253332
South Sudan,1983,
Sub-Saharan Africa,1983,37.8288862217223
Small states,1983,10.8734532126316
Sao Tome and Principe,1983,35.4166666666667
Suriname,1983,0.467267564447567
Slovak Republic,1983,
Slovenia,1983,
Sweden,1983,8.92621072780286
Eswatini,1983,74.8837209302326
Sint Maarten (Dutch part),1983,
Seychelles,1983,13.0434782608696
Syrian Arab Republic,1983,76.1290673631516
Turks and Caicos Islands,1983,1.05263157894737
Chad,1983,38.2385641677255
East Asia & Pacific (IDA & IBRD countries),1983,42.6790367869395
Europe & Central Asia (IDA & IBRD countries),1983,53.9123029308518
Togo,1983,55.8006986578415
Thailand,1983,38.9477186869972
Tajikistan,1983,
Turkmenistan,1983,
Latin America & the Caribbean (IDA & IBRD countries),1983,33.2020301372279
Timor-Leste,1983,19.2333557498319
"Middle East, North Africa, Afghanistan & Pakistan (IDA & IBRD)",1983,27.7637319439461
Tonga,1983,45.8333333333333
South Asia (IDA & IBRD),1983,58.7832935499702
Sub-Saharan Africa (IDA & IBRD countries),1983,37.8288862217223
Trinidad and Tobago,1983,14.4249512670565
Tunisia,1983,59.9961380020597
Turkiye,1983,47.7086392162468
Tuvalu,1983,66.6666666666667
Tanzania,1983,34.9966132309776
Uganda,1983,56.5537260397378
Ukraine,1983,
Upper middle income,1983,37.7760764978336
Uruguay,1983,85.6587818535024
United States,1983,47.1013084455004
Uzbekistan,1983,
St. Vincent and the Grenadines,1983,30.7692307692308
"Venezuela, RB",1983,24.1256164616518
British Virgin Islands,1983,60.0
Virgin Islands (U.S.),1983,40.0
Viet Nam,1983,21.2049525331039
Vanuatu,1983,11.0746513535685
World,1983,37.5410405271291
Samoa,1983,27.4204946996466
Kosovo,1983,
"Yemen, Rep.",1983,44.443813095441
South Africa,1983,77.5152709197174
Zambia,1983,27.0867243304322
Zimbabwe,1983,31.6554240661755
Aruba,1984,11.1111111111111
Africa Eastern and Southern,1984,41.1419171523905
Afghanistan,1984,58.3444490440489
Africa Western and Central,1984,33.9203696640865
Angola,1984,35.8145504130906
Albania,1984,40.6204379562044
Andorra,1984,48.936170212766
Arab World,1984,28.8493549546163
United Arab Emirates,1984,3.26668544072092
Argentina,1984,46.5467407707851
Armenia,1984,
American Samoa,1984,9.65
Antigua and Barbuda,1984,20.4545454545455
Australia,1984,63.3349387553207
Austria,1984,36.7571497818711
Azerbaijan,1984,
Burundi,1984,80.2180685358256
Belgium,1984,
Benin,1984,18.5597286271728
Burkina Faso,1984,33.5556670321637
Bangladesh,1984,77.2835522777906
Bulgaria,1984,55.7895688330471
Bahrain,1984,14.4927536231884
"Bahamas, The",1984,1.0989010989011
Bosnia and Herzegovina,1984,
Belarus,1984,
Belize,1984,4.25252082419991
Bermuda,1984,5.55555555555556
Bolivia,1984,32.0474476137727
Brazil,1984,28.7269894976634
Barbados,1984,44.1860465116279
Brunei Darussalam,1984,2.46679316888046
Bhutan,1984,9.50281445968795
Botswana,1984,45.8878125385986
Central African Republic,1984,7.94535940158593
Canada,1984,6.81003704162247
Central Europe and the Baltics,1984,63.2946251729658
Switzerland,1984,41.3485006750776
Channel Islands,1984,43.4343434343434
Chile,1984,22.1913784477332
China,1984,49.4806806380316
Cote d'Ivoire,1984,56.2924528301887
Cameroon,1984,19.2718580101965
"Congo, Dem. Rep.",1984,11.402483403542
"Congo, Rep.",1984,30.9156661786237
Colombia,1984,40.8796755295178
Comoros,1984,59.1080064481462
Cabo Verde,1984,16.1290322580645
Costa Rica,1984,53.8190364277321
Caribbean small states,1984,2.69937533311682
Cuba,1984,57.1880819366853
Curacao,1984,
Cayman Islands,1984,11.25
Cyprus,1984,19.6969696969697
Czechia,1984,
Germany,1984,52.3701772978547
Djibouti,1984,56.1259706643658
Dominica,1984,25.3333333333333
Denmark,1984,71.375
Dominican Republic,1984,54.4400745187332
Algeria,1984,16.6306985649147
East Asia & Pacific (excluding high income),1984,43.2224299640638
Early-demographic dividend,1984,36.0319539874812
East Asia & Pacific,1984,49.1419852218072
Europe & Central Asia (excluding high income),1984,48.5878825138326
Europe & Central Asia,1984,43.5441658443058
Ecuador,1984,26.206473053027
"Egypt, Arab Rep.",1984,2.46949620774524
Euro area,1984,51.5920508921249
Eritrea,1984,
Spain,1984,61.3246836456832
Estonia,1984,
Ethiopia,1984,
European Union,1984,49.2352439381045
Finland,1984,7.96382021734134
Fiji,1984,18.0623973727422
France,1984,58.4618239168754
Faroe Islands,1984,69.1489971346705
"Micronesia, Fed. Sts.",1984,
Gabon,1984,7.73617417627198
United Kingdom,1984,75.2366386971438
Georgia,1984,
Ghana,1984,53.9509536784741
Gibraltar,1984,
Guinea,1984,56.5701448803516
"Gambia, The",1984,56.6205533596838
Guinea-Bissau,1984,20.3296586059744
Equatorial Guinea,1984,3.84491978609626
Greece,1984,71.4429790535299
Grenada,1984,47.0588235294118
Greenland,1984,0.687737781679836
Guatemala,1984,35.321015304218
Guam,1984,37.037037037037
Guyana,1984,3.59296723393447
High income,1984,37.9988397184628
"Hong Kong SAR, China",1984,9.09090909090909
Honduras,1984,29.2876932701761
Heavily indebted poor countries (HIPC),1984,33.2629573528598
Croatia,1984,
Haiti,1984,58.055152394775
Hungary,1984,72.919448153093
IBRD only,1984,39.1864959352482
IDA & IBRD total,1984,37.7873211009511
IDA total,1984,34.4219226492978
IDA blend,1984,38.7671141567607
Indonesia,1984,20.4529772517761
IDA only,1984,33.233372818111
Isle of Man,1984,64.9122807017544
India,1984,61.0293993992984
Not classified,1984,
Ireland,1984,71.0320801277399
"Iran, Islamic Rep.",1984,36.5554163903829
Iraq,1984,21.6064201934289
Iceland,1984,18.9526184538653
Israel,1984,26.0628465804067
Italy,1984,58.6311244092346
Jamaica,1984,44.0443213296399
Jordan,1984,11.9004986400725
Japan,1984,16.569783383603
Kazakhstan,1984,
Kenya,1984,44.6862930034789
Kyrgyz Republic,1984,
Cambodia,1984,15.2447314751869
Kiribati,1984,48.1481481481481
St. Kitts and Nevis,1984,50.0
"Korea, Rep.",1984,23.1080240514203
Kuwait,1984,7.68799102132435
Latin America & Caribbean (excluding high income),1984,33.777167029951
Lao PDR,1984,7.06239168110919
Lebanon,1984,58.455522971652
Liberia,1984,11.936877076412
Libya,1984,8.76081248508133
St. Lucia,1984,35.2459016393443
Latin America & Caribbean,1984,33.5121075441202
Least developed countries: UN classification,1984,33.1123315006568
Low income,1984,33.6797565478884
Liechtenstein,1984,56.25
Sri Lanka,1984,36.8521766863339
Lower middle income,1984,39.1312265917448
Low & middle income,1984,37.7118251294142
Lesotho,1984,75.7905138339921
Late-demographic dividend,1984,41.6365034481697
Lithuania,1984,
Luxembourg,1984,
Latvia,1984,
"Macao SAR, China",1984,
St. Martin (French part),1984,
Morocco,1984,65.8391216670401
Monaco,1984,
Moldova,1984,
Madagascar,1984,62.1797296832548
Maldives,1984,26.6666666666667
"Middle East, North Africa, Afghanistan & Pakistan",1984,29.7359672520464
Mexico,1984,51.9720157411456
Marshall Islands,1984,
Middle income,1984,38.470444219096
North Macedonia,1984,
Mali,1984,26.2934461026561
Malta,1984,40.625
Myanmar,1984,15.9469963582948
"Middle East, North Africa, Afghanistan & Pakistan (excluding high income)",1984,27.9767518786536
Montenegro,1984,
Mongolia,1984,80.5246738484463
Northern Mariana Islands,1984,
Mozambique,1984,44.3932958620514
Mauritania,1984,38.3574269913651
Mauritius,1984,56.1576354679803
Malawi,1984,42.3207467119219
Malaysia,1984,15.876183229341
North America,1984,27.1705412156867
Namibia,1984,46.9603663350703
New Caledonia,1984,15.8643326039387
Niger,1984,24.2993605431436
Nigeria,1984,62.7743557649022
Nicaragua,1984,32.2669104204753
Netherlands,1984,59.6830568720379
Norway,1984,2.61195255774222
Nepal,1984,28.7678321678322
Nauru,1984,20.0
New Zealand,1984,54.9656298659375
OECD members,1984,39.3552528127116
Oman,1984,3.421647819063
Other small states,1984,25.3314164248481
Pakistan,1984,48.645703611457
Panama,1984,26.4460586494485
Peru,1984,16.641463046875
Philippines,1984,36.2880236106919
Palau,1984,
Papua New Guinea,1984,1.7820076844941
Poland,1984,61.8335564334454
Pre-demographic dividend,1984,35.0593693854165
Puerto Rico (US),1984,52.3111612175874
"Korea, Dem. People's Rep.",1984,20.6212108628851
Portugal,1984,43.6174863387978
Paraguay,1984,33.8711301283665
West Bank and Gaza,1984,83.5548172757475
Pacific island small states,1984,10.8399618199173
Post-demographic dividend,1984,38.5430909602394
French Polynesia,1984,10.5374590163934
Qatar,1984,5.08182601205857
Romania,1984,65.0863940262221
Russian Federation,1984,
Rwanda,1984,73.2873935954601
South Asia,1984,59.1130221957496
Saudi Arabia,1984,42.9936409435779
Sudan,1984,
Senegal,1984,45.8993403625409
Singapore,1984,8.95522388059701
Solomon Islands,1984,2.28653090389425
Sierra Leone,1984,38.2931559988917
El Salvador,1984,59.2905405405405
San Marino,1984,16.6666666666667
"Somalia, Fed. Rep.",1984,70.1692861924953
Serbia,1984,
Sub-Saharan Africa (excluding high income),1984,37.8990259748159
South Sudan,1984,
Sub-Saharan Africa,1984,37.8984582821654
Small states,1984,10.9006278518748
Sao Tome and Principe,1984,30.2083333333333
Suriname,1984,0.479728032832836
Slovak Republic,1984,
Slovenia,1984,
Sweden,1984,8.8648368916656
Eswatini,1984,73.7790697674419
Sint Maarten (Dutch part),1984,
Seychelles,1984,13.0434782608696
Syrian Arab Republic,1984,76.0311241702035
Turks and Caicos Islands,1984,1.05263157894737
Chad,1984,38.2385641677255
East Asia & Pacific (IDA & IBRD countries),1984,43.3946221724242
Europe & Central Asia (IDA & IBRD countries),1984,54.5797589126837
Togo,1984,56.7199852914139
Thailand,1984,39.247196069604
Tajikistan,1984,
Turkmenistan,1984,
Latin America & the Caribbean (IDA & IBRD countries),1984,33.3942393147735
Timor-Leste,1984,19.4351042367182
"Middle East, North Africa, Afghanistan & Pakistan (IDA & IBRD)",1984,27.9434968387928
Tonga,1984,45.8333333333333
South Asia (IDA & IBRD),1984,59.1130221957496
Sub-Saharan Africa (IDA & IBRD countries),1984,37.8984582821654
Trinidad and Tobago,1984,14.4249512670565
Tunisia,1984,60.1313079299691
Turkiye,1984,48.8715356729857
Tuvalu,1984,66.6666666666667
Tanzania,1984,34.9966132309776
Uganda,1984,57.5546769430959
Ukraine,1984,
Upper middle income,1984,38.171629910034
Uruguay,1984,85.4873728716718
United States,1984,47.1013084455004
Uzbekistan,1984,
St. Vincent and the Grenadines,1984,30.7692307692308
"Venezuela, RB",1984,24.2503259452412
British Virgin Islands,1984,60.0
Virgin Islands (U.S.),1984,40.0
Viet Nam,1984,21.2295308611632
Vanuatu,1984,11.0746513535685
World,1984,37.8085600110088
Samoa,1984,27.5618374558304
Kosovo,1984,
"Yemen, Rep.",1984,44.443813095441
South Africa,1984,77.5152709197174
Zambia,1984,27.2024105785658
Zimbabwe,1984,31.8490624272974
Aruba,1985,11.1111111111111
Africa Eastern and Southern,1985,41.3513223672286
Afghanistan,1985,58.3444490440489
Africa Western and Central,1985,34.0363796156882
Angola,1985,35.7969038261009
Albania,1985,40.5839416058394
Andorra,1985,48.936170212766
Arab World,1985,29.2720755831718
United Arab Emirates,1985,3.30892706279921
Argentina,1985,46.5467407707851
Armenia,1985,
American Samoa,1985,9.65
Antigua and Barbuda,1985,20.4545454545455
Australia,1985,63.3652682139463
Austria,1985,36.8092583616093
Azerbaijan,1985,
Burundi,1985,80.2180685358256
Belgium,1985,
Benin,1985,18.8529177013125
Burkina Faso,1985,34.0155738304094
Bangladesh,1985,77.0300376430821
Bulgaria,1985,55.7624514146253
Bahrain,1985,14.4927536231884
"Bahamas, The",1985,1.0989010989011
Bosnia and Herzegovina,1985,
Belarus,1985,
Belize,1985,4.42788250767207
Bermuda,1985,5.55555555555556
Bolivia,1985,32.0197544539832
Brazil,1985,28.9536555980158
Barbados,1985,44.1860465116279
Brunei Darussalam,1985,2.46679316888046
Bhutan,1985,9.50281445968795
Botswana,1985,45.8913415559437
Central African Republic,1985,7.94438184211371
Canada,1985,6.80133711222574
Central Europe and the Baltics,1985,63.2742762568847
Switzerland,1985,41.2117118450388
Channel Islands,1985,43.4343434343434
Chile,1985,22.1537203509735
China,1985,50.7386360610337
Cote d'Ivoire,1985,57.2657672955975
Cameroon,1985,19.3776311057519
"Congo, Dem. Rep.",1985,11.4245384971659
"Congo, Rep.",1985,30.9336749633968
Colombia,1985,40.8968003605228
Comoros,1985,59.1080064481462
Cabo Verde,1985,16.1290322580645
Costa Rica,1985,52.5068546807677
Caribbean small states,1985,2.70765581335757
Cuba,1985,57.9329608938547
Curacao,1985,
Cayman Islands,1985,11.25
Cyprus,1985,17.6190476190476
Czechia,1985,
Germany,1985,52.2556067940309
Djibouti,1985,56.1259706643658
Dominica,1985,25.3333333333333
Denmark,1985,70.85
Dominican Republic,1985,54.4400745187332
Algeria,1985,16.3959962044556
East Asia & Pacific (excluding high income),1985,44.1669056764748
Early-demographic dividend,1985,36.3341590761549
East Asia & Pacific,1985,49.7627456197688
Europe & Central Asia (excluding high income),1985,49.2352859992723
Europe & Central Asia,1985,43.5619210305695
Ecuador,1985,26.8024851900014
"Egypt, Arab Rep.",1985,2.50841328042594
Euro area,1985,51.4992555673214
Eritrea,1985,
Spain,1985,61.4928720166587
Estonia,1985,
Ethiopia,1985,
European Union,1985,49.12840673945
Finland,1985,7.90702255490988
Fiji,1985,18.8834154351396
France,1985,58.3393635773263
Faroe Islands,1985,69.1489971346705
"Micronesia, Fed. Sts.",1985,
Gabon,1985,7.74393604222455
United Kingdom,1985,75.096102178316
Georgia,1985,
Ghana,1985,54.3552781928452
Gibraltar,1985,
Guinea,1985,56.6249023278528
"Gambia, The",1985,56.6205533596838
Guinea-Bissau,1985,20.6141536273115
Equatorial Guinea,1985,3.84491978609626
Greece,1985,71.2490302560124
Grenada,1985,41.1764705882353
Greenland,1985,0.688615744805385
Guatemala,1985,35.321015304218
Guam,1985,37.037037037037
Guyana,1985,3.59296723393447
High income,1985,38.133270187257
"Hong Kong SAR, China",1985,9.09090909090909
Honduras,1985,29.2966306193583
Heavily indebted poor countries (HIPC),1985,33.3892400009314
Croatia,1985,
Haiti,1985,58.055152394775
Hungary,1985,72.7525589675122
IBRD only,1985,39.5504334656007
IDA & IBRD total,1985,38.0909781450805
IDA total,1985,34.5805886243858
IDA blend,1985,39.0584837948715
Indonesia,1985,21.6820216718095
IDA only,1985,33.3557400671215
Isle of Man,1985,65.6140350877193
India,1985,60.991729421934
Not classified,1985,
Ireland,1985,70.8898243576716
"Iran, Islamic Rep.",1985,37.0650065080184
Iraq,1985,21.6407160984978
Iceland,1985,18.9526184538653
Israel,1985,26.5711645101664
Italy,1985,58.1245112372922
Jamaica,1985,44.0443213296399
Jordan,1985,12.6677243880326
Japan,1985,16.5002742731761
Kazakhstan,1985,
Kenya,1985,46.1925144955547
Kyrgyz Republic,1985,
Cambodia,1985,16.9385905279855
Kiribati,1985,48.1481481481481
St. Kitts and Nevis,1985,50.0
"Korea, Rep.",1985,23.0147211279287
Kuwait,1985,7.68799102132435
Latin America & Caribbean (excluding high income),1985,33.932483502423
Lao PDR,1985,7.0840554592721
Lebanon,1985,58.5532746823069
Liberia,1985,11.9576411960133
Libya,1985,8.76763244939018
St. Lucia,1985,35.7377049180328
Latin America & Caribbean,1985,33.6524845841869
Least developed countries: UN classification,1985,33.2283729084659
Low income,1985,33.7230104519425
Liechtenstein,1985,56.25
Sri Lanka,1985,36.9159623664487
Lower middle income,1985,39.2912047973331
Low & middle income,1985,38.0255468567743
Lesotho,1985,76.0210803689065
Late-demographic dividend,1985,42.205695597135
Lithuania,1985,
Luxembourg,1985,
Latvia,1985,
"Macao SAR, China",1985,
St. Martin (French part),1985,
Morocco,1985,65.870490701322
Monaco,1985,
Moldova,1985,
Madagascar,1985,62.2399147092203
Maldives,1985,26.6666666666667
"Middle East, North Africa, Afghanistan & Pakistan",1985,30.1457467346122
Mexico,1985,52.0772139201111
Marshall Islands,1985,
Middle income,1985,38.8350534871205
North Macedonia,1985,
Mali,1985,26.3098369925995
Malta,1985,40.625
Myanmar,1985,15.957707255868
"Middle East, North Africa, Afghanistan & Pakistan (excluding high income)",1985,27.973318896797
Montenegro,1985,
Mongolia,1985,80.5117492657425
Northern Mariana Islands,1985,
Mozambique,1985,44.4568783539764
Mauritania,1985,38.3768312797128
Mauritius,1985,56.1576354679803
Malawi,1985,42.4798472634705
Malaysia,1985,16.4837924212449
North America,1985,27.1662376733859
Namibia,1985,46.9603663350703
New Caledonia,1985,15.2078774617068
Niger,1985,24.2993605431436
Nigeria,1985,63.1136291270024
Nicaragua,1985,32.0342363303972
Netherlands,1985,59.8281990521327
Norway,1985,2.62016624503072
Nepal,1985,28.786013986014
Nauru,1985,20.0
New Zealand,1985,54.6618054764346
OECD members,1985,39.3630510164731
Oman,1985,3.4281098546042
Other small states,1985,25.3305344117414
Pakistan,1985,48.1501660440017
Panama,1985,26.8361581920904
Peru,1985,16.8195928125
Philippines,1985,36.5898648422041
Palau,1985,
Papua New Guinea,1985,1.82837963167425
Poland,1985,61.7519344412158
Pre-demographic dividend,1985,35.2386036875902
Puerto Rico (US),1985,51.9729425028185
"Korea, Dem. People's Rep.",1985,20.7374802757246
Portugal,1985,43.6502732240437
Paraguay,1985,34.1630606594513
West Bank and Gaza,1985,83.3887043189369
Pacific island small states,1985,11.1104040725422
Post-demographic dividend,1985,38.5341133578901
French Polynesia,1985,10.4632240437158
Qatar,1985,5.08182601205857
Romania,1985,65.2079534601025
Russian Federation,1985,
Rwanda,1985,73.7332792865829
South Asia,1985,59.0717837676131
Saudi Arabia,1985,45.4135247407766
Sudan,1985,
Senegal,1985,45.8941463668
Singapore,1985,7.46268656716418
Solomon Islands,1985,2.28653090389425
Sierra Leone,1985,38.9858686616791
El Salvador,1985,60.0048262548263
San Marino,1985,16.6666666666667
"Somalia, Fed. Rep.",1985,70.1772563522173
Serbia,1985,
Sub-Saharan Africa (excluding high income),1985,38.0664878146802
South Sudan,1985,
Sub-Saharan Africa,1985,38.0659162972556
Small states,1985,10.9298369560882
Sao Tome and Principe,1985,31.25
Suriname,1985,0.504648969603373
Slovak Republic,1985,
Slovenia,1985,
Sweden,1985,8.57760733854324
Eswatini,1985,74.6511627906977
Sint Maarten (Dutch part),1985,
Seychelles,1985,13.0434782608696
Syrian Arab Republic,1985,75.9114158232669
Turks and Caicos Islands,1985,1.05263157894737
Chad,1985,38.2425349428208
East Asia & Pacific (IDA & IBRD countries),1985,44.3454076328296
Europe & Central Asia (IDA & IBRD countries),1985,54.937027882212
Togo,1985,56.8119139547711
Thailand,1985,40.2767719078471
Tajikistan,1985,
Turkmenistan,1985,
Latin America & the Caribbean (IDA & IBRD countries),1985,33.5317582538463
Timor-Leste,1985,19.6368527236046
"Middle East, North Africa, Afghanistan & Pakistan (IDA & IBRD)",1985,27.9401611962195
Tonga,1985,45.8333333333333
South Asia (IDA & IBRD),1985,59.0717837676131
Sub-Saharan Africa (IDA & IBRD countries),1985,38.0659162972556
Trinidad and Tobago,1985,13.8401559454191
Tunisia,1985,59.783728115345
Turkiye,1985,49.5432870340293
Tuvalu,1985,66.6666666666667
Tanzania,1985,36.1255362384285
Uganda,1985,58.055152394775
Ukraine,1985,
Upper middle income,1985,38.6287759830121
Uruguay,1985,85.3216775225688
United States,1985,47.1013084455004
Uzbekistan,1985,
St. Vincent and the Grenadines,1985,30.7692307692308
"Venezuela, RB",1985,24.5337565897625
British Virgin Islands,1985,60.0
Virgin Islands (U.S.),1985,34.2857142857143
Viet Nam,1985,20.7379642999785
Vanuatu,1985,11.2387202625103
World,1985,38.0618536661274
Samoa,1985,27.5618374558304
Kosovo,1985,
"Yemen, Rep.",1985,44.4532833304923
South Africa,1985,77.5152709197174
Zambia,1985,27.3463457942668
Zimbabwe,1985,32.0817585627504
Aruba,1986,11.1111111111111
Africa Eastern and Southern,1986,41.4474786632898
Afghanistan,1986,58.3444490440489
Africa Western and Central,1986,34.158098737754
Angola,1986,35.7303280660945
Albania,1986,40.5474452554745
Andorra,1986,48.936170212766
Arab World,1986,29.7087930294673
United Arab Emirates,1986,3.3511686848775
Argentina,1986,46.5467407707851
Armenia,1986,
American Samoa,1986,9.65
Antigua and Barbuda,1986,20.4545454545455
Australia,1986,60.9896775705192
Austria,1986,36.6795928259816
Azerbaijan,1986,
Burundi,1986,81.0747663551402
Belgium,1986,
Benin,1986,19.3861298332742
Burkina Faso,1986,34.4937551169591
Bangladesh,1986,77.1375893062918
Bulgaria,1986,55.7353339962036
Bahrain,1986,14.4927536231884
"Bahamas, The",1986,1.0989010989011
Bosnia and Herzegovina,1986,
Belarus,1986,
Belize,1986,4.51556334940815
Bermuda,1986,5.55555555555556
Bolivia,1986,32.4960768023631
Brazil,1986,28.7838203236605
Barbados,1986,44.1860465116279
Brunei Darussalam,1986,2.46679316888046
Bhutan,1986,9.50281445968795
Botswana,1986,45.8913415559437
Central African Republic,1986,7.95085556518668
Canada,1986,6.79251359921656
Central Europe and the Baltics,1986,63.2254388582901
Switzerland,1986,41.1040945939621
Channel Islands,1986,43.4343434343434
Chile,1986,22.1053027979966
China,1986,51.389343061806
Cote d'Ivoire,1986,57.6022075471698
Cameroon,1986,19.5257134395295
"Congo, Dem. Rep.",1986,11.4465935907898
"Congo, Rep.",1986,30.9282254758419
Colombia,1986,40.9148264984227
Comoros,1986,59.1080064481462
Cabo Verde,1986,16.1290322580645
Costa Rica,1986,51.1555033294164
Caribbean small states,1986,2.72371492655176
Cuba,1986,60.0651769087523
Curacao,1986,
Cayman Islands,1986,11.25
Cyprus,1986,17.6623376623377
Czechia,1986,
Germany,1986,52.1524933405895
Djibouti,1986,56.1259706643658
Dominica,1986,25.3333333333333
Denmark,1986,70.475
Dominican Republic,1986,54.5849720554751
Algeria,1986,16.2435866215456
East Asia & Pacific (excluding high income),1986,44.7299780350901
Early-demographic dividend,1986,36.6029833542567
East Asia & Pacific,1986,49.3798689071569
Europe & Central Asia (excluding high income),1986,49.6769255862389
Europe & Central Asia,1986,43.5523752250084
Ecuador,1986,27.3804363531282
"Egypt, Arab Rep.",1986,2.57873323622482
Euro area,1986,51.3767227446078
Eritrea,1986,
Spain,1986,61.2886432804741
Estonia,1986,
Ethiopia,1986,
European Union,1986,49.0241630828146
Finland,1986,7.85777602679011
Fiji,1986,19.1570881226054
France,1986,58.2521569718898
Faroe Islands,1986,69.1489971346705
"Micronesia, Fed. Sts.",1986,
Gabon,1986,7.75169790817713
United Kingdom,1986,74.9390319513909
Georgia,1986,
Ghana,1986,54.3201195394216
Gibraltar,1986,
Guinea,1986,56.5025231971349
"Gambia, The",1986,57.3122529644269
Guinea-Bissau,1986,19.4406116642959
Equatorial Guinea,1986,3.84491978609626
Greece,1986,71.2179984484096
Grenada,1986,41.1764705882353
Greenland,1986,0.689493707930934
Guatemala,1986,35.321015304218
Guam,1986,37.037037037037
Guyana,1986,3.60312725425451
High income,1986,37.7422996385919
"Hong Kong SAR, China",1986,9.09090909090909
Honduras,1986,29.3591920636339
Heavily indebted poor countries (HIPC),1986,33.5116915253698
Croatia,1986,
Haiti,1986,58.055152394775
Hungary,1986,72.5745438362261
IBRD only,1986,39.7329090446304
IDA & IBRD total,1986,38.229934753728
IDA total,1986,34.6148701974684
IDA blend,1986,38.8573277629784
Indonesia,1986,22.7934885210066
IDA only,1986,33.4544214083543
Isle of Man,1986,66.4912280701754
India,1986,60.9419512375597
Not classified,1986,
Ireland,1986,70.3280592248512
"Iran, Islamic Rep.",1986,37.2676146270783
Iraq,1986,21.6811852664792
Iceland,1986,18.9526184538653
Israel,1986,26.7560073937153
Italy,1986,57.9443065519703
Jamaica,1986,44.0443213296399
Jordan,1986,12.7583862194016
Japan,1986,16.4107485604607
Kazakhstan,1986,
Kenya,1986,46.2403955090136
Kyrgyz Republic,1986,
Cambodia,1986,18.6381146612282
Kiribati,1986,48.1481481481481
St. Kitts and Nevis,1986,46.1538461538462
"Korea, Rep.",1986,22.9836201534315
Kuwait,1986,7.74410774410774
Latin America & Caribbean (excluding high income),1986,33.9495545070015
Lao PDR,1986,7.09705372616984
Lebanon,1986,58.6510263929619
Liberia,1986,12.0510797342193
Libya,1986,8.77217909226275
St. Lucia,1986,34.7540983606557
Latin America & Caribbean,1986,33.6627490400331
Least developed countries: UN classification,1986,33.3212450616505
Low income,1986,33.8258538556105
Liechtenstein,1986,50.0
Sri Lanka,1986,37.0913729867645
Lower middle income,1986,39.2986380977848
Low & middle income,1986,38.173145898658
Lesotho,1986,75.4611330698287
Late-demographic dividend,1986,42.405872334599
Lithuania,1986,
Luxembourg,1986,
Latvia,1986,
"Macao SAR, China",1986,
St. Martin (French part),1986,
Morocco,1986,66.0923145866009
Monaco,1986,
Moldova,1986,
Madagascar,1986,62.2829040134814
Maldives,1986,26.6666666666667
"Middle East, North Africa, Afghanistan & Pakistan",1986,30.4357776769381
Mexico,1986,52.1829265155997
Marshall Islands,1986,
Middle income,1986,38.9910731401211
North Macedonia,1986,
Mali,1986,26.312295626091
Malta,1986,40.625
Myanmar,1986,15.9668880252165
"Middle East, North Africa, Afghanistan & Pakistan (excluding high income)",1986,27.8241888140021
Montenegro,1986,
Mongolia,1986,80.4755604341719
Northern Mariana Islands,1986,
Mozambique,1986,44.5204608459015
Mauritania,1986,38.3962355680605
Mauritius,1986,56.1576354679803
Malawi,1986,43.5405176071277
Malaysia,1986,17.4095267082636
North America,1986,27.1618729987149
Namibia,1986,46.9603663350703
New Caledonia,1986,14.6061269146608
Niger,1986,24.6940869977106
Nigeria,1986,63.3420073124938
Nicaragua,1986,32.0508559082599
Netherlands,1986,59.7748815165877
Norway,1986,2.65302099418471
Nepal,1986,28.8951048951049
Nauru,1986,20.0
New Zealand,1986,54.6466142569595
OECD members,1986,38.8420980893811
Oman,1986,3.44749596122779
Other small states,1986,25.5439815835663
Pakistan,1986,46.1433686176837
Panama,1986,27.1724509012645
Peru,1986,16.9977225
Philippines,1986,36.8246302444914
Palau,1986,
Papua New Guinea,1986,1.89020889458111
Poland,1986,61.6376636520944
Pre-demographic dividend,1986,35.3310851549247
Puerto Rico (US),1986,52.1984216459977
"Korea, Dem. People's Rep.",1986,20.7399717631426
Portugal,1986,43.6830601092896
Paraguay,1986,34.5047722124339
West Bank and Gaza,1986,83.3887043189369
Pacific island small states,1986,11.2917594654788
Post-demographic dividend,1986,37.9229992644855
French Polynesia,1986,10.3890163934426
Qatar,1986,5.16795865633075
Romania,1986,65.2860988104541
Russian Federation,1986,
Rwanda,1986,74.1791649777057
South Asia,1986,59.0397822706343
Saudi Arabia,1986,47.8115449204304
Sudan,1986,
Senegal,1986,45.8837583753181
Singapore,1986,5.97014925373134
Solomon Islands,1986,2.35798499464094
Sierra Leone,1986,39.0551399279579
El Salvador,1986,60.7239382239382
San Marino,1986,16.6666666666667
"Somalia, Fed. Rep.",1986,70.1852265119393
Serbia,1986,
Sub-Saharan Africa (excluding high income),1986,38.1741277614109
South Sudan,1986,
Sub-Saharan Africa,1986,38.1735537855248
Small states,1986,11.0260380853877
Sao Tome and Principe,1986,31.25
Suriname,1986,0.523339672181275
Slovak Republic,1986,
Slovenia,1986,
Sweden,1986,8.53341817652441
Eswatini,1986,77.2674418604651
Sint Maarten (Dutch part),1986,
Seychelles,1986,13.0434782608696
Syrian Arab Republic,1986,75.7427358798564
Turks and Caicos Islands,1986,1.05263157894737
Chad,1986,38.2822426937738
East Asia & Pacific (IDA & IBRD countries),1986,44.9127509127271
Europe & Central Asia (IDA & IBRD countries),1986,55.1668986145442
Togo,1986,56.8119139547711
Thailand,1986,40.6643308735736
Tajikistan,1986,
Turkmenistan,1986,
Latin America & the Caribbean (IDA & IBRD countries),1986,33.5305079937584
Timor-Leste,1986,19.8386012104909
"Middle East, North Africa, Afghanistan & Pakistan (IDA & IBRD)",1986,27.790941881696
Tonga,1986,45.8333333333333
South Asia (IDA & IBRD),1986,59.0397822706343
Sub-Saharan Africa (IDA & IBRD countries),1986,38.1735537855248
Trinidad and Tobago,1986,13.8401559454191
Tunisia,1986,59.1786817713697
Turkiye,1986,50.001948988475
Tuvalu,1986,66.6666666666667
Tanzania,1986,36.1255362384285
Uganda,1986,59.1411841249187
Ukraine,1986,
Upper middle income,1986,38.8519883005127
Uruguay,1986,85.1045594789167
United States,1986,47.1013084455004
Uzbekistan,1986,
St. Vincent and the Grenadines,1986,33.3333333333333
"Venezuela, RB",1986,24.7718383311604
British Virgin Islands,1986,60.0
Virgin Islands (U.S.),1986,34.2857142857143
Viet Nam,1986,20.6611570247934
Vanuatu,1986,11.5668580803938
World,1986,38.0279342485568
Samoa,1986,27.7031802120141
Kosovo,1986,
"Yemen, Rep.",1986,44.4532833304923
South Africa,1986,77.817804120057
Zambia,1986,27.4741387427864
Zimbabwe,1986,32.4761380379992
Aruba,1987,11.1111111111111
Africa Eastern and Southern,1987,41.4921435460874
Afghanistan,1987,58.3306502307468
Africa Western and Central,1987,34.1754883382085
Angola,1987,35.7126814791048
Albania,1987,40.5474452554745
Andorra,1987,48.936170212766
Arab World,1987,30.1985570443306
United Arab Emirates,1987,3.3511686848775
Argentina,1987,46.5467407707851
Armenia,1987,
American Samoa,1987,9.65
Antigua and Barbuda,1987,20.4545454545455
Australia,1987,61.3123673899744
Austria,1987,36.6941347552109
Azerbaijan,1987,
Burundi,1987,81.2694704049844
Belgium,1987,
Benin,1987,19.474813763746
Burkina Faso,1987,34.9719367690059
Bangladesh,1987,77.7060766689713
Bulgaria,1987,55.7353339962036
Bahrain,1987,14.4927536231884
"Bahamas, The",1987,1.0989010989011
Bosnia and Herzegovina,1987,
Belarus,1987,
Belize,1987,4.91012713722052
Bermuda,1987,5.55555555555556
Bolivia,1987,32.5182313301948
Brazil,1987,28.6139499936589
Barbados,1987,44.1860465116279
Brunei Darussalam,1987,2.46679316888046
Bhutan,1987,9.95227190034887
Botswana,1987,45.8948705732889
Central African Republic,1987,7.9577915823943
Canada,1987,6.80657937737505
Central Europe and the Baltics,1987,63.2702064736685
Switzerland,1987,40.9824324047415
Channel Islands,1987,43.4343434343434
Chile,1987,21.7381363545886
China,1987,51.9549436795995
Cote d'Ivoire,1987,57.9163836477987
Cameroon,1987,19.4834042013074
"Congo, Dem. Rep.",1987,11.4465935907898
"Congo, Rep.",1987,30.8513382137628
Colombia,1987,40.9202343397927
Comoros,1987,60.7200429876411
Cabo Verde,1987,16.1290322580645
Costa Rica,1987,49.725812769291
Caribbean small states,1987,2.74996153967852
Cuba,1987,62.6256983240224
Curacao,1987,
Cayman Islands,1987,11.25
Cyprus,1987,17.5757575757576
Czechia,1987,
Germany,1987,51.9147595451551
Djibouti,1987,56.1259706643658
Dominica,1987,25.3333333333333
Denmark,1987,69.95
Dominican Republic,1987,54.5849720554751
Algeria,1987,16.2817939825506
East Asia & Pacific (excluding high income),1987,45.3033033746314
Early-demographic dividend,1987,37.0162130138336
East Asia & Pacific,1987,49.8495462519428
Europe & Central Asia (excluding high income),1987,50.8613226603767
Europe & Central Asia,1987,43.6872463089112
Ecuador,1987,27.8897558156336
"Egypt, Arab Rep.",1987,2.55864182028228
Euro area,1987,51.3052253600745
Eritrea,1987,
Spain,1987,61.2706230978696
Estonia,1987,
Ethiopia,1987,
European Union,1987,48.9715671661708
Finland,1987,7.90570931416002
Fiji,1987,19.9781061850027
France,1987,58.174227664904
Faroe Islands,1987,69.1489971346705
"Micronesia, Fed. Sts.",1987,
Gabon,1987,7.7594597741297
United Kingdom,1987,74.8811639730501
Georgia,1987,
Ghana,1987,54.7244440537927
Gibraltar,1987,
Guinea,1987,56.5045580335341
"Gambia, The",1987,57.8063241106719
Guinea-Bissau,1987,19.2628022759602
Equatorial Guinea,1987,3.84491978609626
Greece,1987,71.1947245927075
Grenada,1987,38.2352941176471
Greenland,1987,0.690371671056482
Guatemala,1987,35.321015304218
Guam,1987,37.037037037037
Guyana,1987,3.60312725425451
High income,1987,37.8174593491306
"Hong Kong SAR, China",1987,9.09090909090909
Honduras,1987,29.3591920636339
Heavily indebted poor countries (HIPC),1987,33.5341969444817
Croatia,1987,
Haiti,1987,58.055152394775
Hungary,1987,72.4410324877615
IBRD only,1987,39.9496481712815
IDA & IBRD total,1987,38.4124135414992
IDA total,1987,34.7149434926637
IDA blend,1987,39.1378104464922
Indonesia,1987,24.0040406939837
IDA only,1987,33.5051469250542
Isle of Man,1987,67.1929824561403
India,1987,61.0600062559069
Not classified,1987,
Ireland,1987,69.9230657570039
"Iran, Islamic Rep.",1987,37.4702227461382
Iraq,1987,21.6434597709034
Iceland,1987,18.9526184538653
Israel,1987,26.6635859519408
Italy,1987,57.8423038999014
Jamaica,1987,44.0443213296399
Jordan,1987,13.1006346328196
Japan,1987,16.3411958310477
Kazakhstan,1987,
Kenya,1987,46.3638291105879
Kyrgyz Republic,1987,
Cambodia,1987,20.9607976433265
Kiribati,1987,48.1481481481481
St. Kitts and Nevis,1987,46.1538461538462
"Korea, Rep.",1987,23.0043541364296
Kuwait,1987,7.74410774410774
Latin America & Caribbean (excluding high income),1987,33.9828155378779
Lao PDR,1987,7.10571923743501
Lebanon,1987,59.0420332355816
Liberia,1987,12.1133720930233
Libya,1987,8.77502074405811
St. Lucia,1987,34.4262295081967
Latin America & Caribbean,1987,33.6760267710235
Least developed countries: UN classification,1987,33.3615394711832
Low income,1987,33.8270376626404
Liechtenstein,1987,50.0
Sri Lanka,1987,37.2189443469941
Lower middle income,1987,39.4457211346923
Low & middle income,1987,38.3685338795742
Lesotho,1987,76.7457180500659
Late-demographic dividend,1987,42.6032718612076
Lithuania,1987,
Luxembourg,1987,
Latvia,1987,
"Macao SAR, China",1987,
St. Martin (French part),1987,
Morocco,1987,66.4709836432893
Monaco,1987,
Moldova,1987,
Madagascar,1987,62.3172954568903
Maldives,1987,26.6666666666667
"Middle East, North Africa, Afghanistan & Pakistan",1987,30.9807626326749
Mexico,1987,52.7534144396718
Marshall Islands,1987,
Middle income,1987,39.2229999324754
North Macedonia,1987,
Mali,1987,26.312295626091
Malta,1987,40.625
Myanmar,1987,15.9469963582948
"Middle East, North Africa, Afghanistan & Pakistan (excluding high income)",1987,27.9922320838776
Montenegro,1987,
Mongolia,1987,80.7069104645695
Northern Mariana Islands,1987,
Mozambique,1987,44.6476258297515
Mauritania,1987,38.4156398564083
Mauritius,1987,56.1576354679803
Malawi,1987,43.5935511243106
Malaysia,1987,18.4854664434637
North America,1987,26.923253054246
Namibia,1987,46.9603663350703
New Caledonia,1987,14.0043763676149
Niger,1987,24.4825136180627
Nigeria,1987,63.4331389922813
Nicaragua,1987,32.3167691540635
Netherlands,1987,59.6652843601896
Norway,1987,2.65575888994754
Nepal,1987,28.9132867132867
Nauru,1987,20.0
New Zealand,1987,54.2098666970491
OECD members,1987,38.8269750542747
Oman,1987,3.45718901453958
Other small states,1987,25.5669139243409
Pakistan,1987,47.5703092569531
Panama,1987,27.5087436104385
Peru,1987,17.175852265625
Philippines,1987,36.9587819029413
Palau,1987,
Papua New Guinea,1987,1.90345802234686
Poland,1987,61.6050148552026
Pre-demographic dividend,1987,35.3494601605281
Puerto Rico (US),1987,52.0856820744081
"Korea, Dem. People's Rep.",1987,20.7466157295906
Portugal,1987,43.7267759562842
Paraguay,1987,34.7941933048075
West Bank and Gaza,1987,83.3887043189369
Pacific island small states,1987,11.5192491250398
Post-demographic dividend,1987,37.8591897015628
French Polynesia,1987,10.0415573770492
Qatar,1987,5.25409130060293
Romania,1987,65.5248762698619
Russian Federation,1987,
Rwanda,1987,74.6655857316579
South Asia,1987,59.1758333276223
Saudi Arabia,1987,50.230498350925
Sudan,1987,
Senegal,1987,45.8733703838363
Singapore,1987,4.47761194029851
Solomon Islands,1987,2.3222579492676
Sierra Leone,1987,39.1244111942366
El Salvador,1987,60.4777992277992
San Marino,1987,16.6666666666667
"Somalia, Fed. Rep.",1987,70.1931966716613
Serbia,1987,
Sub-Saharan Africa (excluding high income),1987,38.2065430661108
South Sudan,1987,
Sub-Saharan Africa,1987,38.2059683498697
Small states,1987,11.0695756357474
Sao Tome and Principe,1987,31.25
Suriname,1987,0.548260608951812
Slovak Republic,1987,
Slovenia,1987,
Sweden,1987,8.48186415416911
Eswatini,1987,75.9883720930233
Sint Maarten (Dutch part),1987,
Seychelles,1987,13.0434782608696
Syrian Arab Republic,1987,75.6719991293938
Turks and Caicos Islands,1987,1.05263157894737
Chad,1987,38.2822426937738
East Asia & Pacific (IDA & IBRD countries),1987,45.490393646482
Europe & Central Asia (IDA & IBRD countries),1987,55.8516641394734
Togo,1987,57.1796286082
Thailand,1987,41.5745072324767
Tajikistan,1987,
Turkmenistan,1987,
Latin America & the Caribbean (IDA & IBRD countries),1987,33.5301346603509
Timor-Leste,1987,20.1075991930061
"Middle East, North Africa, Afghanistan & Pakistan (IDA & IBRD)",1987,27.9590856999731
Tonga,1987,45.8333333333333
South Asia (IDA & IBRD),1987,59.1758333276223
Sub-Saharan Africa (IDA & IBRD countries),1987,38.2059683498697
Trinidad and Tobago,1987,13.8401559454191
Tunisia,1987,59.2559217301751
Turkiye,1987,51.2285124020633
Tuvalu,1987,66.6666666666667
Tanzania,1987,36.1255362384285
Uganda,1987,59.1411841249187
Ukraine,1987,
Upper middle income,1987,39.1222825330583
Uruguay,1987,84.8931550679922
United States,1987,46.615336239049
Uzbekistan,1987,
St. Vincent and the Grenadines,1987,29.8974358974359
"Venezuela, RB",1987,24.8965478147497
British Virgin Islands,1987,60.0
Virgin Islands (U.S.),1987,34.2857142857143
Viet Nam,1987,20.6150726596823
Vanuatu,1987,11.7309269893355
World,1987,38.1828010593303
Samoa,1987,27.1024734982332
Kosovo,1987,
"Yemen, Rep.",1987,44.4703297535845
South Africa,1987,78.0238894063919
Zambia,1987,27.6046220691696
Zimbabwe,1987,32.2985200982293
Aruba,1988,11.1111111111111
Africa Eastern and Southern,1988,41.5641611679761
Afghanistan,1988,58.3229842233568
Africa Western and Central,1988,34.3145327876645
Angola,1988,35.6950348921152
Albania,1988,40.7664233576642
Andorra,1988,48.936170212766
Arab World,1988,30.6591810482055
United Arab Emirates,1988,3.36524922557026
Argentina,1988,46.5452791510913
Armenia,1988,
American Samoa,1988,9.65
Antigua and Barbuda,1988,20.4545454545455
Australia,1988,61.4467021595095
Austria,1988,36.9401357246728
Azerbaijan,1988,
Burundi,1988,81.4641744548287
Belgium,1988,
Benin,1988,19.5650940049663
Burkina Faso,1988,35.4501184210526
Bangladesh,1988,80.102942306215
Bulgaria,1988,55.6991774383079
Bahrain,1988,14.4927536231884
"Bahamas, The",1988,1.0989010989011
Bosnia and Herzegovina,1988,
Belarus,1988,
Belize,1988,5.04164839982464
Bermuda,1988,5.55555555555556
Bolivia,1988,32.5394627527001
Brazil,1988,28.4440796636572
Barbados,1988,44.1860465116279
Brunei Darussalam,1988,2.46679316888046
Bhutan,1988,9.84525822400103
Botswana,1988,45.8948705732889
Central African Republic,1988,7.95912228321937
Canada,1988,6.82063310947746
Central Europe and the Baltics,1988,63.2018775521278
Switzerland,1988,40.8611299368997
Channel Islands,1988,42.9292929292929
Chile,1988,21.7260319663444
China,1988,52.5523926184326
Cote d'Ivoire,1988,59.1586100628931
Cameroon,1988,19.4834042013074
"Congo, Dem. Rep.",1988,11.4465935907898
"Congo, Rep.",1988,30.8582284040996
Colombia,1988,40.813880126183
Comoros,1988,61.257388500806
Cabo Verde,1988,16.6253101736973
Costa Rica,1988,48.2373678025852
Caribbean small states,1988,2.75658592387112
Cuba,1988,63.2029795158287
Curacao,1988,
Cayman Islands,1988,11.25
Cyprus,1988,17.4675324675325
Czechia,1988,
Germany,1988,51.8345601924784
Djibouti,1988,56.1259706643658
Dominica,1988,24.0
Denmark,1988,69.675
Dominican Republic,1988,54.5849720554751
Algeria,1988,16.2977487047285
East Asia & Pacific (excluding high income),1988,45.7748337280489
Early-demographic dividend,1988,37.2542336673054
East Asia & Pacific,1988,50.1945720733073
Europe & Central Asia (excluding high income),1988,50.6630867094087
Europe & Central Asia,1988,43.5592496682535
Ecuador,1988,27.9078167894813
"Egypt, Arab Rep.",1988,2.5927972273846
Euro area,1988,50.996345512305
Eritrea,1988,
Spain,1988,61.2245715201025
Estonia,1988,
Ethiopia,1988,
European Union,1988,48.734129047258
Finland,1988,7.79145736892216
Fiji,1988,20.7991242474001
France,1988,57.2038222469617
Faroe Islands,1988,69.1489971346705
"Micronesia, Fed. Sts.",1988,
Gabon,1988,7.76722164008228
United Kingdom,1988,76.1501260695242
Georgia,1988,
Ghana,1988,55.1287685681638
Gibraltar,1988,
Guinea,1988,56.7183989907211
"Gambia, The",1988,59.0909090909091
Guinea-Bissau,1988,18.9071834992888
Equatorial Guinea,1988,3.84491978609626
Greece,1988,71.2102404965089
Grenada,1988,38.2352941176471
Greenland,1988,0.691249634182031
Guatemala,1988,39.9869354236655
Guam,1988,37.037037037037
Guyana,1988,3.60312725425451
High income,1988,37.9759843014919
"Hong Kong SAR, China",1988,9.09090909090909
Honduras,1988,29.3591920636339
Heavily indebted poor countries (HIPC),1988,33.6161427449457
Croatia,1988,
Haiti,1988,58.0188679245283
Hungary,1988,72.2933125625904
IBRD only,1988,40.098807101525
IDA & IBRD total,1988,38.5340570966815
IDA total,1988,34.7704050394526
IDA blend,1988,39.0636429576552
Indonesia,1988,24.3639495023654
IDA only,1988,33.5960661882971
Isle of Man,1988,67.8947368421053
India,1988,60.907980990115
Not classified,1988,
Ireland,1988,69.6835534910727
"Iran, Islamic Rep.",1988,37.9865664677423
Iraq,1988,21.7447470105403
Iceland,1988,18.9526184538653
Israel,1988,26.6173752310536
Italy,1988,57.2540886063038
Jamaica,1988,44.0443213296399
Jordan,1988,13.2026291931097
Japan,1988,16.2506856829402
Kazakhstan,1988,
Kenya,1988,46.7771736303897
Kyrgyz Republic,1988,
Cambodia,1988,23.5100838431906
Kiribati,1988,48.1481481481481
St. Kitts and Nevis,1988,46.1538461538462
"Korea, Rep.",1988,22.9525191789343
Kuwait,1988,7.91245791245791
Latin America & Caribbean (excluding high income),1988,33.9833466642739
Lao PDR,1988,7.14904679376083
Lebanon,1988,59.0420332355816
Liberia,1988,12.0822259136213
Libya,1988,8.77502074405811
St. Lucia,1988,34.4262295081967
Latin America & Caribbean,1988,33.6725891514062
Least developed countries: UN classification,1988,33.4514293389968
Low income,1988,33.862571479496
Liechtenstein,1988,50.0
Sri Lanka,1988,37.2667836070802
Lower middle income,1988,39.4687345788135
Low & middle income,1988,38.4956796527748
Lesotho,1988,77.1739130434783
Late-demographic dividend,1988,42.7939519588746
Lithuania,1988,
Luxembourg,1988,
Latvia,1988,
"Macao SAR, China",1988,
St. Martin (French part),1988,
Morocco,1988,66.6457539771454
Monaco,1988,
Moldova,1988,
Madagascar,1988,62.3688826220036
Maldives,1988,26.6666666666667
"Middle East, North Africa, Afghanistan & Pakistan",1988,31.3492640722757
Mexico,1988,53.0111371177242
Marshall Islands,1988,
Middle income,1988,39.3673821632217
North Macedonia,1988,
Mali,1988,26.3262278825429
Malta,1988,40.625
Myanmar,1988,15.8720200752823
"Middle East, North Africa, Afghanistan & Pakistan (excluding high income)",1988,27.9430915710163
Montenegro,1988,
Mongolia,1988,80.9298595162095
Northern Mariana Islands,1988,
Mozambique,1988,44.7112083216765
Mauritania,1988,38.435044144756
Mauritius,1988,55.6650246305419
Malawi,1988,43.6465846414934
Malaysia,1988,19.430223710242
North America,1988,26.9302049302705
Namibia,1988,46.9603663350703
New Caledonia,1988,13.4573304157549
Niger,1988,24.7098760558933
Nigeria,1988,63.6428516529969
Nicaragua,1988,32.7405683895629
Netherlands,1988,59.6978672985782
Norway,1988,2.67218626452454
Nepal,1988,28.9384615384615
Nauru,1988,20.0
New Zealand,1988,53.8908510880711
OECD members,1988,38.8444613968726
Oman,1988,3.46688206785137
Other small states,1988,25.4698924826023
Pakistan,1988,45.8527916147779
Panama,1988,27.8450363196126
Peru,1988,17.35398203125
Philippines,1988,37.0929335613911
Palau,1988,
Papua New Guinea,1988,1.95866272137084
Poland,1988,61.4450357504326
Pre-demographic dividend,1988,35.4404334860507
Puerto Rico (US),1988,52.0856820744081
"Korea, Dem. People's Rep.",1988,20.7474462253966
Portugal,1988,43.7704918032787
Paraguay,1988,35.0867757362195
West Bank and Gaza,1988,83.3887043189369
Pacific island small states,1988,11.8580973592109
Post-demographic dividend,1988,37.8791898868623
French Polynesia,1988,9.96734972677596
Qatar,1988,5.25409130060293
Romania,1988,65.5943388035079
Russian Federation,1988,
Rwanda,1988,75.1114714227807
South Asia,1988,59.1345948994858
Saudi Arabia,1988,52.6261926138187
Sudan,1988,
Senegal,1988,45.8629823923544
Singapore,1988,4.47761194029851
Solomon Islands,1988,2.39371204001429
Sierra Leone,1988,39.1382654474924
El Salvador,1988,61.1969111969112
San Marino,1988,16.6666666666667
"Somalia, Fed. Rep.",1988,70.1995727994389
Serbia,1988,
Sub-Saharan Africa (excluding high income),1988,38.3087168521084
South Sudan,1988,
Sub-Saharan Africa,1988,38.3080901507821
Small states,1988,11.0723948229202
Sao Tome and Principe,1988,32.2916666666667
Suriname,1988,0.548260608951812
Slovak Republic,1988,
Slovenia,1988,
Sweden,1988,8.43767499215029
Eswatini,1988,74.7093023255814
Sint Maarten (Dutch part),1988,
Seychelles,1988,10.8695652173913
Syrian Arab Republic,1988,74.7252149308956
Turks and Caicos Islands,1988,1.05263157894737
Chad,1988,38.3020965692503
East Asia & Pacific (IDA & IBRD countries),1988,45.9655101424844
Europe & Central Asia (IDA & IBRD countries),1988,55.7166497033144
Togo,1988,57.7312005883434
Thailand,1988,41.750670398716
Tajikistan,1988,
Turkmenistan,1988,
Latin America & the Caribbean (IDA & IBRD countries),1988,33.5236168593457
Timor-Leste,1988,20.3765971755212
"Middle East, North Africa, Afghanistan & Pakistan (IDA & IBRD)",1988,27.9099157839704
Tonga,1988,45.8333333333333
South Asia (IDA & IBRD),1988,59.1345948994858
Sub-Saharan Africa (IDA & IBRD countries),1988,38.3080901507821
Trinidad and Tobago,1988,14.0350877192982
Tunisia,1988,59.024201853759
Turkiye,1988,51.0154229954654
Tuvalu,1988,66.6666666666667
Tanzania,1988,36.1255362384285
Uganda,1988,59.1411841249187
Ukraine,1988,
Upper middle income,1988,39.3215492940496
Uruguay,1988,84.7845960461661
United States,1988,46.615336239049
Uzbekistan,1988,
St. Vincent and the Grenadines,1988,28.974358974359
"Venezuela, RB",1988,24.953233943654
British Virgin Islands,1988,60.0
Virgin Islands (U.S.),1988,31.4285714285714
Viet Nam,1988,20.6150726596823
Vanuatu,1988,12.059064807219
World,1988,38.3205228275982
Samoa,1988,27.208480565371
Kosovo,1988,
"Yemen, Rep.",1988,44.4703297535845
South Africa,1988,78.2299746927268
Zambia,1988,27.733760206621
Zimbabwe,1988,32.6701282150704
Aruba,1989,11.1111111111111
Africa Eastern and Southern,1989,41.6817584320892
Afghanistan,1989,58.3229842233568
Africa Western and Central,1989,34.3269284572475
Angola,1989,35.6765861875351
Albania,1989,40.5109489051095
Andorra,1989,48.936170212766
Arab World,1989,31.1005267186042
United Arab Emirates,1989,3.36524922557026
Argentina,1989,46.5781655942032
Armenia,1989,
American Samoa,1989,9.65
Antigua and Barbuda,1989,20.4545454545455
Australia,1989,60.8026242141026
Austria,1989,36.9680077556956
Azerbaijan,1989,
Burundi,1989,81.2694704049844
Belgium,1989,
Benin,1989,19.559772969138
Burkina Faso,1989,35.9100252192982
Bangladesh,1989,80.2258584927403
Bulgaria,1989,55.7534122751514
Bahrain,1989,14.4927536231884
"Bahamas, The",1989,1.0989010989011
Bosnia and Herzegovina,1989,
Belarus,1989,
Belize,1989,5.26085050416484
Bermuda,1989,5.55555555555556
Bolivia,1989,32.74254592449
Brazil,1989,28.2742093336556
Barbados,1989,44.1860465116279
Brunei Darussalam,1989,2.46679316888046
Bhutan,1989,9.67403634184449
Botswana,1989,45.9036931166517
Central African Republic,1989,7.97016276605991
Canada,1989,6.83468684157986
Central Europe and the Baltics,1989,62.7828945581004
Switzerland,1989,40.7401871882525
Channel Islands,1989,42.9292929292929
Chile,1989,21.7462059467515
China,1989,53.2032061353287
Cote d'Ivoire,1989,58.2686132075472
Cameroon,1989,19.4410949630852
"Congo, Dem. Rep.",1989,11.4465935907898
"Congo, Rep.",1989,30.8634026354319
Colombia,1989,40.7237494366832
Comoros,1989,61.257388500806
Cabo Verde,1989,16.6253101736973
Costa Rica,1989,46.5726596161379
Caribbean small states,1989,2.77324725381009
Cuba,1989,63.0540037243948
Curacao,1989,
Cayman Islands,1989,11.25
Cyprus,1989,17.4675324675325
Czechia,1989,
Germany,1989,51.7171254260591
Djibouti,1989,56.1259706643658
Dominica,1989,24.0
Denmark,1989,69.35
Dominican Republic,1989,54.3796998551025
Algeria,1989,16.2738166214616
East Asia & Pacific (excluding high income),1989,46.2408811703803
Early-demographic dividend,1989,37.5481958099295
East Asia & Pacific,1989,50.2891337290221
Europe & Central Asia (excluding high income),1989,51.449757223693
Europe & Central Asia,1989,43.5743313355753
Ecuador,1989,28.0053460482589
"Egypt, Arab Rep.",1989,2.58275151941333
Euro area,1989,50.9674838175463
Eritrea,1989,
Spain,1989,61.4708473490309
Estonia,1989,
Ethiopia,1989,
European Union,1989,48.6132716430016
Finland,1989,7.83282445254276
Fiji,1989,21.6201423097975
France,1989,57.0385007885704
Faroe Islands,1989,69.1489971346705
"Micronesia, Fed. Sts.",1989,
Gabon,1989,7.77498350603485
United Kingdom,1989,75.6665151076758
Georgia,1989,
Ghana,1989,55.0936099147403
Gibraltar,1989,
Guinea,1989,56.6828788865375
"Gambia, The",1989,57.1146245059289
Guinea-Bissau,1989,20.222972972973
Equatorial Guinea,1989,3.84491978609626
Greece,1989,71.4895267649341
Grenada,1989,38.2352941176471
Greenland,1989,0.69212759730758
Guatemala,1989,39.9869354236655
Guam,1989,37.037037037037
Guyana,1989,3.61328727457455
High income,1989,37.9633783947117
"Hong Kong SAR, China",1989,8.08080808080808
Honduras,1989,30.1278040933059
Heavily indebted poor countries (HIPC),1989,33.6555947580119
Croatia,1989,
Haiti,1989,57.9825834542816
Hungary,1989,72.148659174363
IBRD only,1989,40.2575795937492
IDA & IBRD total,1989,38.67148938567
IDA total,1989,34.8565838746457
IDA blend,1989,39.2972210179425
Indonesia,1989,24.5284477000613
IDA only,1989,33.6419265878581
Isle of Man,1989,68.5964912280702
India,1989,61.0458800143953
Not classified,1989,
Ireland,1989,67.8864857018435
"Iran, Islamic Rep.",1989,37.8815786242295
Iraq,1989,21.106614536891
Iceland,1989,18.9526184538653
Israel,1989,26.5711645101664
Italy,1989,57.291489578729
Jamaica,1989,44.0443213296399
Jordan,1989,13.0303717135086
Japan,1989,16.121777290181
Kazakhstan,1989,
Kenya,1989,47.4786723828935
Kyrgyz Republic,1989,
Cambodia,1989,25.1246317697711
Kiribati,1989,48.1481481481481
St. Kitts and Nevis,1989,46.1538461538462
"Korea, Rep.",1989,22.7762803234501
Kuwait,1989,7.91245791245791
Latin America & Caribbean (excluding high income),1989,33.9875426909437
Lao PDR,1989,7.157712305026
Lebanon,1989,59.0420332355816
Liberia,1989,12.0822259136213
Libya,1989,8.77786239585346
St. Lucia,1989,34.4262295081967
Latin America & Caribbean,1989,33.6731827345452
Least developed countries: UN classification,1989,33.5033878175146
Low income,1989,33.8811362225848
Liechtenstein,1989,50.0
Sri Lanka,1989,37.3146228671663
Lower middle income,1989,39.5987351299696
Low & middle income,1989,38.641628211071
Lesotho,1989,75.9222661396575
Late-demographic dividend,1989,42.9985543594509
Lithuania,1989,
Luxembourg,1989,
Latvia,1989,
"Macao SAR, China",1989,
St. Martin (French part),1989,
Morocco,1989,67.3627604750168
Monaco,1989,
Moldova,1989,
Madagascar,1989,62.4118719262648
Maldives,1989,26.6666666666667
"Middle East, North Africa, Afghanistan & Pakistan",1989,31.766574382537
Mexico,1989,53.5250392242599
Marshall Islands,1989,
Middle income,1989,39.5372975246559
North Macedonia,1989,
Mali,1989,26.3262278825429
Malta,1989,40.625
Myanmar,1989,15.9056828962267
"Middle East, North Africa, Afghanistan & Pakistan (excluding high income)",1989,27.9546838448205
Montenegro,1989,
Mongolia,1989,81.1224357984957
Northern Mariana Islands,1989,
Mozambique,1989,44.7747908136016
Mauritania,1989,38.4544484331037
Mauritius,1989,55.0466502463054
Malawi,1989,44.176919813322
Malaysia,1989,20.4586820879623
North America,1989,26.9371568062949
Namibia,1989,46.9603663350703
New Caledonia,1989,12.910284463895
Niger,1989,24.7927686113523
Nigeria,1989,63.7932738232485
Nicaragua,1989,33.180987202925
Netherlands,1989,59.4164691943128
Norway,1989,2.71325470096702
Nepal,1989,28.9566433566434
Nauru,1989,20.0
New Zealand,1989,53.5509475523148
OECD members,1989,38.7375912957408
Oman,1989,3.47980613893376
Other small states,1989,25.3408746923979
Pakistan,1989,46.5182648401827
Panama,1989,28.2485875706215
Peru,1989,17.53211171875
Philippines,1989,37.227085219841
Palau,1989,
Papua New Guinea,1989,2.00061829262907
Poland,1989,61.4025923144732
Pre-demographic dividend,1989,35.4701836310621
Puerto Rico (US),1989,50.7328072153326
"Korea, Dem. People's Rep.",1989,20.7507682086205
Portugal,1989,43.7704918032787
Paraguay,1989,35.3965844450038
West Bank and Gaza,1989,83.5548172757475
Pacific island small states,1989,11.7658288259625
Post-demographic dividend,1989,37.7108434380374
French Polynesia,1989,9.89314207650273
Qatar,1989,5.16795865633075
Romania,1989,64.3470678003052
Russian Federation,1989,
Rwanda,1989,75.1520064856101
South Asia,1989,59.2608130942736
Saudi Arabia,1989,55.0265387102326
Sudan,1989,
Senegal,1989,45.8474004051317
Singapore,1989,2.98507462686567
Solomon Islands,1989,2.42943908538764
Sierra Leone,1989,39.1382654474924
El Salvador,1989,60.9507722007722
San Marino,1989,16.6666666666667
"Somalia, Fed. Rep.",1989,70.2011668313833
Serbia,1989,
Sub-Saharan Africa (excluding high income),1989,38.3790658716755
South Sudan,1989,
Sub-Saharan Africa,1989,38.3784375636004
Small states,1989,11.0311020140171
Sao Tome and Principe,1989,31.25
Suriname,1989,0.548260608951812
Slovak Republic,1989,
Slovenia,1989,
Sweden,1989,8.39103087668597
Eswatini,1989,73.4883720930233
Sint Maarten (Dutch part),1989,
Seychelles,1989,10.8695652173913
Syrian Arab Republic,1989,73.4138644030907
Turks and Caicos Islands,1989,1.05263157894737
Chad,1989,38.3179796696315
East Asia & Pacific (IDA & IBRD countries),1989,46.4350829693139
Europe & Central Asia (IDA & IBRD countries),1989,55.941245756253
Togo,1989,57.7312005883434
Thailand,1989,41.7643719783124
Tajikistan,1989,
Turkmenistan,1989,
Latin America & the Caribbean (IDA & IBRD countries),1989,33.5256179723313
Timor-Leste,1989,20.5110961667787
"Middle East, North Africa, Afghanistan & Pakistan (IDA & IBRD)",1989,27.9214156005896
Tonga,1989,44.4444444444444
South Asia (IDA & IBRD),1989,59.2608130942736
Sub-Saharan Africa (IDA & IBRD countries),1989,38.3784375636004
Trinidad and Tobago,1989,14.0350877192982
Tunisia,1989,59.3395983522142
Turkiye,1989,51.8391954575575
Tuvalu,1989,66.6666666666667
Tanzania,1989,36.1255362384285
Uganda,1989,59.3663980781743
Ukraine,1989,
Upper middle income,1989,39.5095146473546
Uruguay,1989,84.6874642897955
United States,1989,46.615336239049
Uzbekistan,1989,
St. Vincent and the Grenadines,1989,28.0512820512821
"Venezuela, RB",1989,24.726489428037
British Virgin Islands,1989,60.0
Virgin Islands (U.S.),1989,31.4285714285714
Viet Nam,1989,20.6304341147193
Vanuatu,1989,12.2231337161608
World,1989,38.4130368556746
Samoa,1989,19.1519434628975
Kosovo,1989,
"Yemen, Rep.",1989,44.474117847605
South Africa,1989,78.5597111508627
Zambia,1989,27.9261222238663
Zimbabwe,1989,33.3802230838826
Aruba,1990,11.1111111111111
Africa Eastern and Southern,1990,41.6486419127268
Afghanistan,1990,58.3229842233568
Africa Western and Central,1990,34.6781584672632
Angola,1990,35.6589396005454
Albania,1990,40.9124087591241
Andorra,1990,48.936170212766
Arab World,1990,31.5953728795502
United Arab Emirates,1990,4.01295409743734
Argentina,1990,46.6128790619325
Armenia,1990,
American Samoa,1990,9.65
Antigua and Barbuda,1990,20.4545454545455
Australia,1990,60.4554625567864
Austria,1990,36.6444498303442
Azerbaijan,1990,
Burundi,1990,81.0747663551402
Belgium,1990,
Benin,1990,20.0540617240156
Burkina Faso,1990,36.3699316520468
Bangladesh,1990,79.7879695782438
Bulgaria,1990,55.6720600198861
Bahrain,1990,14.4927536231884
"Bahamas, The",1990,1.0989010989011
Bosnia and Herzegovina,1990,
Belarus,1990,
Belize,1990,5.52389302937308
Bermuda,1990,5.55555555555556
Bolivia,1990,32.7286993445952
Brazil,1990,28.1043390036539
Barbados,1990,44.1860465116279
Brunei Darussalam,1990,2.46679316888046
Bhutan,1990,9.71684181238362
Botswana,1990,45.914280168687
Central African Republic,1990,7.95447847442936
Canada,1990,6.84874057368227
Central Europe and the Baltics,1990,62.7530089385171
Switzerland,1990,40.6035907063298
Channel Islands,1990,42.9292929292929
Chile,1990,21.3830742994249
China,1990,53.8645647484888
Cote d'Ivoire,1990,59.9286037735849
Cameroon,1990,19.398785724863
"Congo, Dem. Rep.",1990,11.4510046095146
"Congo, Rep.",1990,30.7974729136164
Colombia,1990,40.6336187471834
Comoros,1990,61.257388500806
Cabo Verde,1990,16.8734491315136
Costa Rica,1990,43.0591461026244
Caribbean small states,1990,2.79969460585178
Cuba,1990,62.7653631284916
Curacao,1990,
Cayman Islands,1990,11.25
Cyprus,1990,17.3809523809524
Czechia,1990,
Germany,1990,51.6483831237648
Djibouti,1990,56.0396893874029
Dominica,1990,24.0
Denmark,1990,69.7
Dominican Republic,1990,54.1744297246947
Algeria,1990,16.2385482882263
East Asia & Pacific (excluding high income),1990,46.6951252805811
Early-demographic dividend,1990,37.7760548360699
East Asia & Pacific,1990,50.4657677135783
Europe & Central Asia (excluding high income),1990,51.1875337189315
Europe & Central Asia,1990,43.4029094948549
Ecuador,1990,28.3412801618263
"Egypt, Arab Rep.",1990,2.6601034707921
Euro area,1990,50.7275933725587
Eritrea,1990,
Spain,1990,61.0123338138715
Estonia,1990,
Ethiopia,1990,
European Union,1990,48.4440585838708
Finland,1990,7.85646278604025
Fiji,1990,22.4411603721949
France,1990,56.7637072084609
Faroe Islands,1990,69.1489971346705
"Micronesia, Fed. Sts.",1990,
Gabon,1990,7.78274537198743
United Kingdom,1990,75.2407721241681
Georgia,1990,
Ghana,1990,55.4979344291114
Gibraltar,1990,
Guinea,1990,57.1793464105486
"Gambia, The",1990,57.5098814229249
Guinea-Bissau,1990,20.5785917496444
Equatorial Guinea,1990,3.70231729055258
Greece,1990,71.5438324282389
Grenada,1990,38.2352941176471
Greenland,1990,0.693005560433128
Guatemala,1990,39.9869354236655
Guam,1990,37.037037037037
Guyana,1990,3.61328727457455
High income,1990,38.0025160865899
"Hong Kong SAR, China",1990,8.08080808080808
Honduras,1990,29.6719992850121
Heavily indebted poor countries (HIPC),1990,33.7805711360846
Croatia,1990,
Haiti,1990,57.9462989840348
Hungary,1990,72.0373873372649
IBRD only,1990,40.3962495262627
IDA & IBRD total,1990,38.7986777937694
IDA total,1990,34.95615662095
IDA blend,1990,39.3715349049451
Indonesia,1990,24.8861484789437
IDA only,1990,33.7484084457418
Isle of Man,1990,69.4736842105263
India,1990,61.0162821750376
Not classified,1990,
Ireland,1990,65.864421541588
"Iran, Islamic Rep.",1990,37.7587858247992
Iraq,1990,21.121247456387
Iceland,1990,18.9625935162095
Israel,1990,26.7560073937153
Italy,1990,57.2574886947061
Jamaica,1990,43.9519852262235
Jordan,1990,11.7883046237534
Japan,1990,15.9956116291827
Kazakhstan,1990,
Kenya,1990,46.9959282426117
Kyrgyz Republic,1990,
Cambodia,1990,25.237933378654
Kiribati,1990,48.1481481481481
St. Kitts and Nevis,1990,46.1538461538462
"Korea, Rep.",1990,22.5896744764669
Kuwait,1990,7.91245791245791
Latin America & Caribbean (excluding high income),1990,33.9967998883605
Lao PDR,1990,7.19237435008666
Lebanon,1990,59.1397849462366
Liberia,1990,11.0440199335548
Libya,1990,8.78354569944417
St. Lucia,1990,34.2622950819672
Latin America & Caribbean,1990,33.6647994405671
Least developed countries: UN classification,1990,33.6026938159765
Low income,1990,34.0771889256025
Liechtenstein,1990,43.75
Sri Lanka,1990,37.2986764471376
Lower middle income,1990,39.6076487704415
Low & middle income,1990,38.7763777395834
Lesotho,1990,76.4492753623188
Late-demographic dividend,1990,43.1892435814606
Lithuania,1990,
Luxembourg,1990,
Latvia,1990,
"Macao SAR, China",1990,
St. Martin (French part),1990,
Morocco,1990,67.9879005153484
Monaco,1990,
Moldova,1990,
Madagascar,1990,62.4634590913781
Maldives,1990,26.6666666666667
"Middle East, North Africa, Afghanistan & Pakistan",1990,32.1370917375926
Mexico,1990,54.0914118161475
Marshall Islands,1990,
Middle income,1990,39.660513083074
North Macedonia,1990,
Mali,1990,26.3303256050287
Malta,1990,40.625
Myanmar,1990,15.9561771276433
"Middle East, North Africa, Afghanistan & Pakistan (excluding high income)",1990,27.8992356251335
Montenegro,1990,
Mongolia,1990,81.2025682112591
Northern Mariana Islands,1990,
Mozambique,1990,44.8383733055266
Mauritania,1990,38.4748229358688
Mauritius,1990,54.4911330049261
Malawi,1990,44.7390750954603
Malaysia,1990,20.5649064069396
North America,1990,26.9441086823194
Namibia,1990,46.9603663350703
New Caledonia,1990,12.691466083151
Niger,1990,26.0890502881503
Nigeria,1990,64.4663306872207
Nicaragua,1990,33.4469004487286
Netherlands,1990,59.7748815165877
Norway,1990,2.67218626452454
Nepal,1990,28.9818181818182
Nauru,1990,20.0
New Zealand,1990,52.8540503588926
OECD members,1990,38.6470408512389
Oman,1990,3.48949919224556
Other small states,1990,25.2750425571324
Pakistan,1990,45.6698837691988
Panama,1990,28.5714285714286
Peru,1990,17.710241484375
Philippines,1990,37.3612368782909
Palau,1990,
Papua New Guinea,1990,2.04919842777017
Poland,1990,61.3568839988246
Pre-demographic dividend,1990,35.5993974725015
Puerto Rico (US),1990,49.0417136414882
"Korea, Dem. People's Rep.",1990,20.7994767876422
Portugal,1990,43.3114754098361
Paraguay,1990,35.8757543418072
West Bank and Gaza,1990,83.2225913621262
Pacific island small states,1990,12.0489977728285
Post-demographic dividend,1990,37.5982683656861
French Polynesia,1990,9.81890710382514
Qatar,1990,5.25409130060293
Romania,1990,64.3950294310007
Russian Federation,1990,
Rwanda,1990,76.1248479935144
South Asia,1990,59.2189787350946
Saudi Arabia,1990,57.4413054905591
Sudan,1990,
Senegal,1990,46.0655482262504
Singapore,1990,2.98507462686567
Solomon Islands,1990,2.42943908538764
Sierra Leone,1990,39.1382654474924
El Salvador,1990,61.3320463320463
San Marino,1990,16.6666666666667
"Somalia, Fed. Rep.",1990,70.2043548952721
Serbia,1990,
Sub-Saharan Africa (excluding high income),1990,38.5186261561671
South Sudan,1990,
Sub-Saharan Africa,1990,38.5179450091113
Small states,1990,11.0505926243873
Sao Tome and Principe,1990,30.2083333333333
Suriname,1990,0.548260608951812
Slovak Republic,1990,
Slovenia,1990,
Sweden,1990,8.37875610945852
Eswatini,1990,71.9767441860465
Sint Maarten (Dutch part),1990,
Seychelles,1990,8.69565217391304
Syrian Arab Republic,1990,73.430188268582
Turks and Caicos Islands,1990,1.05263157894737
Chad,1990,38.3576874205845
East Asia & Pacific (IDA & IBRD countries),1990,46.8924166909145
Europe & Central Asia (IDA & IBRD countries),1990,55.788124437054
Togo,1990,58.0989152417724
Thailand,1990,41.8544109299458
Tajikistan,1990,
Turkmenistan,1990,
Latin America & the Caribbean (IDA & IBRD countries),1990,33.5195871907194
Timor-Leste,1990,21.3853396099529
"Middle East, North Africa, Afghanistan & Pakistan (IDA & IBRD)",1990,27.8661329903598
Tonga,1990,44.4444444444444
South Asia (IDA & IBRD),1990,59.2189787350946
Sub-Saharan Africa (IDA & IBRD countries),1990,38.5179450091113
Trinidad and Tobago,1990,15.009746588694
Tunisia,1990,59.1593717816684
Turkiye,1990,51.5533438145603
Tuvalu,1990,66.6666666666667
Tanzania,1990,35.2110973131632
Uganda,1990,59.8668735298534
Ukraine,1990,
Upper middle income,1990,39.6844190068806
Uruguay,1990,85.2302593989258
United States,1990,46.615336239049
Uzbekistan,1990,
St. Vincent and the Grenadines,1990,27.1282051282051
"Venezuela, RB",1990,24.7831755569412
British Virgin Islands,1990,53.3333333333333
Virgin Islands (U.S.),1990,28.5714285714286
Viet Nam,1990,20.6642293158008
Vanuatu,1990,12.4692370795734
World,1990,38.5155622109279
Samoa,1990,19.0812720848057
Kosovo,1990,
"Yemen, Rep.",1990,44.7487546640908
South Africa,1990,78.8070134944646
Zambia,1990,27.9947268593874
Zimbabwe,1990,33.7200752229546
Aruba,1991,11.1111111111111
Africa Eastern and Southern,1991,41.7766966322659
Afghanistan,1991,58.3076522085767
Africa Western and Central,1991,34.8462206465335
Angola,1991,35.6805967754873
Albania,1991,41.1313868613139
Andorra,1991,48.936170212766
Arab World,1991,31.6508225644794
United Arab Emirates,1991,4.36496761475641
Argentina,1991,46.6475925296617
Armenia,1991,
American Samoa,1991,9.82
Antigua and Barbuda,1991,20.4545454545455
Australia,1991,60.2400322819989
Austria,1991,36.8019873969947
Azerbaijan,1991,
Burundi,1991,80.880062305296
Belgium,1991,
Benin,1991,20.1162735012416
Burkina Faso,1991,36.8298384502924
Bangladesh,1991,79.2809403088269
Bulgaria,1991,55.6901382988339
Bahrain,1991,14.4927536231884
"Bahamas, The",1991,1.0989010989011
Bosnia and Herzegovina,1991,
Belarus,1991,
Belize,1991,5.69925471284524
Bermuda,1991,5.55555555555556
Bolivia,1991,33.0434782608696
Brazil,1991,27.9344686736523
Barbados,1991,44.1860465116279
Brunei Darussalam,1991,2.46679316888046
Bhutan,1991,10.786978575862
Botswana,1991,45.7025391279798
Central African Republic,1991,8.03492889017304
Canada,1991,6.86326793886403
Central Europe and the Baltics,1991,62.7123938879457
Switzerland,1991,40.4993757802747
Channel Islands,1991,42.9292929292929
Chile,1991,21.23513177644
China,1991,54.4701089127367
Cote d'Ivoire,1991,58.5856635220126
Cameroon,1991,19.3564764866409
"Congo, Dem. Rep.",1991,11.4598266469641
"Congo, Rep.",1991,30.8051390922401
Colombia,1991,40.4542586750789
Comoros,1991,61.794734013971
Cabo Verde,1991,16.8734491315136
Costa Rica,1991,43.1574226400313
Caribbean small states,1991,2.81610501214709
Cuba,1991,62.8957169459963
Curacao,1991,
Cayman Islands,1991,11.25
Cyprus,1991,17.2294372294372
Czechia,1991,
Germany,1991,49.0820038381119
Djibouti,1991,57.6574633304573
Dominica,1991,24.0
Denmark,1991,69.25
Dominican Republic,1991,53.9691575243221
Algeria,1991,16.2158757882892
East Asia & Pacific (excluding high income),1991,46.8763745437741
Early-demographic dividend,1991,37.8079712547727
East Asia & Pacific,1991,50.5049198992441
Europe & Central Asia (excluding high income),1991,51.684378254269
Europe & Central Asia,1991,43.0696842510668
Ecuador,1991,28.5869094061552
"Egypt, Arab Rep.",1991,2.65508061680647
Euro area,1991,49.8965358004443
Eritrea,1991,
Spain,1991,60.8101073201986
Estonia,1991,
Ethiopia,1991,
European Union,1991,47.8329105507688
Finland,1991,7.96086542565416
Fiji,1991,23.2074438970991
France,1991,56.563503107895
Faroe Islands,1991,69.1489971346705
"Micronesia, Fed. Sts.",1991,7.85714285714286
Gabon,1991,7.80665968098731
United Kingdom,1991,74.9927665027074
Georgia,1991,
Ghana,1991,55.9022589434825
Gibraltar,1991,
Guinea,1991,56.8966018232134
"Gambia, The",1991,57.5098814229249
Guinea-Bissau,1991,20.7130156472262
Equatorial Guinea,1991,3.70231729055258
Greece,1991,71.0938712179985
Grenada,1991,35.2941176470588
Greenland,1991,0.693883523558677
Guatemala,1991,39.9869354236655
Guam,1991,37.037037037037
Guyana,1991,3.61328727457455
High income,1991,37.8917069430261
"Hong Kong SAR, China",1991,8.08080808080808
Honduras,1991,29.8686209670212
Heavily indebted poor countries (HIPC),1991,33.9032713120656
Croatia,1991,
Haiti,1991,57.9100145137881
Hungary,1991,71.8816067653277
IBRD only,1991,40.5043446779395
IDA & IBRD total,1991,38.9152445936028
IDA total,1991,35.0932179354047
IDA blend,1991,39.5205432514355
Indonesia,1991,22.9215542319645
IDA only,1991,33.8822671812957
Isle of Man,1991,70.1754385964912
India,1991,61.0744688365022
Not classified,1991,
Ireland,1991,64.5202496733924
"Iran, Islamic Rep.",1991,38.6778899285346
Iraq,1991,22.0136269062807
Iceland,1991,18.9625935162095
Israel,1991,26.7097966728281
Italy,1991,54.5850192104995
Jamaica,1991,43.9519852262235
Jordan,1991,11.4505893019039
Japan,1991,15.8639605046626
Kazakhstan,1991,
Kenya,1991,47.1984283304635
Kyrgyz Republic,1991,
Cambodia,1991,25.5495128030818
Kiribati,1991,48.1481481481481
St. Kitts and Nevis,1991,46.1538461538462
"Korea, Rep.",1991,22.4030686294837
Kuwait,1991,7.91245791245791
Latin America & Caribbean (excluding high income),1991,33.9997083837419
Lao PDR,1991,7.20103986135182
Lebanon,1991,59.2375366568915
Liberia,1991,11.3581810631229
Libya,1991,8.78638735123953
St. Lucia,1991,32.4590163934426
Latin America & Caribbean,1991,33.662444256015
Least developed countries: UN classification,1991,33.7241113318945
Low income,1991,34.2411868507525
Liechtenstein,1991,43.75
Sri Lanka,1991,37.3465157072237
Lower middle income,1991,39.6979459661617
Low & middle income,1991,38.8978745913943
Lesotho,1991,76.5151515151515
Late-demographic dividend,1991,43.3753749346575
Lithuania,1991,
Luxembourg,1991,
Latvia,1991,
"Macao SAR, China",1991,
St. Martin (French part),1991,
Morocco,1991,68.0147882590186
Monaco,1991,
Moldova,1991,
Madagascar,1991,62.5064483956392
Maldives,1991,26.6666666666667
"Middle East, North Africa, Afghanistan & Pakistan",1991,32.308009745963
Mexico,1991,54.6073715887754
Marshall Islands,1991,47.2222222222222
Middle income,1991,39.7740002531307
North Macedonia,1991,
Mali,1991,26.3426187724863
Malta,1991,40.625
Myanmar,1991,15.9378155889464
"Middle East, North Africa, Afghanistan & Pakistan (excluding high income)",1991,28.0926388564674
Montenegro,1991,
Mongolia,1991,81.5088808213385
Northern Mariana Islands,1991,8.69565217391304
Mozambique,1991,45.1168646201582
Mauritania,1991,38.4845250800427
Mauritius,1991,53.9356650246305
Malawi,1991,45.8209588459907
Malaysia,1991,20.6802617562015
North America,1991,26.9512948476005
Namibia,1991,46.9603663350703
New Caledonia,1991,12.527352297593
Niger,1991,26.9242914660141
Nigeria,1991,65.2579685321212
Nicaragua,1991,33.7377430613262
Netherlands,1991,58.3382701421801
Norway,1991,2.76527472046084
Nepal,1991,29.0
Nauru,1991,20.0
New Zealand,1991,52.2524146443356
OECD members,1991,38.564359706219
Oman,1991,3.48949919224556
Other small states,1991,25.6630066062782
Pakistan,1991,45.7529057700291
Panama,1991,28.7059456550982
Peru,1991,17.64787640625
Philippines,1991,37.4182513331321
Palau,1991,9.34782608695652
Papua New Guinea,1991,2.06023936757497
Poland,1991,61.2262888112573
Pre-demographic dividend,1991,35.7563022424953
Puerto Rico (US),1991,47.3506200676437
"Korea, Dem. People's Rep.",1991,20.9758574869197
Portugal,1991,42.8415300546448
Paraguay,1991,36.313220236597
West Bank and Gaza,1991,82.890365448505
Pacific island small states,1991,12.3473520249221
Post-demographic dividend,1991,37.4711425300189
French Polynesia,1991,9.74469945355191
Qatar,1991,5.25409130060293
Romania,1991,64.4905430140329
Russian Federation,1991,
Rwanda,1991,76.0032428050263
South Asia,1991,59.2674279288446
Saudi Arabia,1991,57.5301555107946
Sudan,1991,
Senegal,1991,45.2345089077027
Singapore,1991,1.7910447761194
Solomon Islands,1991,2.46516613076099
Sierra Leone,1991,39.1382654474924
El Salvador,1991,61.9546332046332
San Marino,1991,16.6666666666667
"Somalia, Fed. Rep.",1991,70.2043548952721
Serbia,1991,
Sub-Saharan Africa (excluding high income),1991,38.6646530119691
South Sudan,1991,
Sub-Saharan Africa,1991,38.6639685297073
Small states,1991,11.2173912803853
Sao Tome and Principe,1991,31.25
Suriname,1991,0.554490843144447
Slovak Republic,1991,
Slovenia,1991,
Sweden,1991,8.24373366995655
Eswatini,1991,71.3372093023256
Sint Maarten (Dutch part),1991,
Seychelles,1991,8.69565217391304
Syrian Arab Republic,1991,73.522690173033
Turks and Caicos Islands,1991,1.05263157894737
Chad,1991,38.3973951715375
East Asia & Pacific (IDA & IBRD countries),1991,47.0725937055159
Europe & Central Asia (IDA & IBRD countries),1991,56.0519880006374
Togo,1991,58.5585585585586
Thailand,1991,42.1147409422772
Tajikistan,1991,
Turkmenistan,1991,
Latin America & the Caribbean (IDA & IBRD countries),1991,33.5172670079904
Timor-Leste,1991,22.1923335574983
"Middle East, North Africa, Afghanistan & Pakistan (IDA & IBRD)",1991,28.0598507309888
Tonga,1991,44.4444444444444
South Asia (IDA & IBRD),1991,59.2674279288446
Sub-Saharan Africa (IDA & IBRD countries),1991,38.6639685297073
Trinidad and Tobago,1991,15.7894736842105
Tunisia,1991,59.2816683831102
Turkiye,1991,52.0600808180554
Tuvalu,1991,66.6666666666667
Tanzania,1991,35.631056671935
Uganda,1991,60.2172063460287
Ukraine,1991,
Upper middle income,1991,39.80839222651
Uruguay,1991,85.2531139298366
United States,1991,46.615336239049
Uzbekistan,1991,
St. Vincent and the Grenadines,1991,26.2051282051282
"Venezuela, RB",1991,24.779774389207
British Virgin Islands,1991,53.3333333333333
Virgin Islands (U.S.),1991,28.5714285714286
Viet Nam,1991,20.7410365909859
Vanuatu,1991,12.6333059885152
World,1991,38.5587609623489
Samoa,1991,19.0812720848057
Kosovo,1991,
"Yemen, Rep.",1991,44.758224899142
South Africa,1991,79.1408716583271
Zambia,1991,28.0149046933642
Zimbabwe,1991,34.2024172159752
Aruba,1992,11.1111111111111
Africa Eastern and Southern,1992,41.897057823839
Afghanistan,1992,58.3076522085767
Africa Western and Central,1992,35.1190866348728
Angola,1992,35.7030560680196
Albania,1992,41.1313868613139
Andorra,1992,48.936170212766
Arab World,1992,31.7520066653429
United Arab Emirates,1992,4.77330329484652
Argentina,1992,46.682305997391
Armenia,1992,41.0958904109589
American Samoa,1992,9.99
Antigua and Barbuda,1992,20.4545454545455
Australia,1992,60.6594379287453
Austria,1992,36.5123606398449
Azerbaijan,1992,53.4289868656645
Burundi,1992,81.0747663551402
Belgium,1992,
Benin,1992,20.3100922312877
Burkina Faso,1992,37.289745248538
Bangladesh,1992,73.3579165706384
Bulgaria,1992,55.6268643225165
Bahrain,1992,14.0845070422535
"Bahamas, The",1992,1.0989010989011
Bosnia and Herzegovina,1992,42.96875
Belarus,1992,46.2774974375148
Belize,1992,5.96229723805348
Bermuda,1992,5.55555555555556
Bolivia,1992,33.0757869472907
Brazil,1992,27.7645983436506
Barbados,1992,44.1860465116279
Brunei Darussalam,1992,2.46679316888046
Bhutan,1992,10.786978575862
Botswana,1992,45.6143136943518
Central African Republic,1992,7.993033484221
Canada,1992,6.8556559021771
Central Europe and the Baltics,1992,57.252114900311
Switzerland,1992,40.3795045868357
Channel Islands,1992,42.9292929292929
Chile,1992,20.9217626141175
China,1992,54.7827337363193
Cote d'Ivoire,1992,58.6314622641509
Cameroon,1992,19.3776311057519
"Congo, Dem. Rep.",1992,11.4686486844137
"Congo, Rep.",1992,30.8039941434846
Colombia,1992,40.5434880576836
Comoros,1992,61.794734013971
Cabo Verde,1992,17.12158808933
Costa Rica,1992,42.3031727379554
Caribbean small states,1992,2.83000618200581
Cuba,1992,63.0819366852886
Curacao,1992,
Cayman Islands,1992,11.25
Cyprus,1992,17.2727272727273
Czechia,1992,
Germany,1992,48.5521152579269
Djibouti,1992,59.167385677308
Dominica,1992,24.0
Denmark,1992,68.9
Dominican Republic,1992,53.7638853239495
Algeria,1992,16.3179020380058
East Asia & Pacific (excluding high income),1992,46.8968771114804
Early-demographic dividend,1992,38.7162256177765
East Asia & Pacific,1992,50.6406362637497
Europe & Central Asia (excluding high income),1992,70.1040147323296
Europe & Central Asia,1992,30.6856969068536
Ecuador,1992,28.7277850021673
"Egypt, Arab Rep.",1992,3.00997538801547
Euro area,1992,49.0048549591392
Eritrea,1992,
Spain,1992,60.6259010091302
Estonia,1992,32.41330502477
Ethiopia,1992,
European Union,1992,47.2256688612167
Finland,1992,7.90078466134804
Fiji,1992,22.8899835796388
France,1992,56.3768438630671
Faroe Islands,1992,69.1489971346705
"Micronesia, Fed. Sts.",1992,7.85714285714286
Gabon,1992,7.83057398998719
United Kingdom,1992,74.6910263299301
Georgia,1992,46.4671175708735
Ghana,1992,55.9022589434825
Gibraltar,1992,
Guinea,1992,57.0572114601986
"Gambia, The",1992,54.1501976284585
Guinea-Bissau,1992,20.7130156472262
Equatorial Guinea,1992,3.7379679144385
Greece,1992,71.1171450737005
Grenada,1992,35.2941176470588
Greenland,1992,0.694761486684226
Guatemala,1992,39.9869354236655
Guam,1992,37.037037037037
Guyana,1992,3.61328727457455
High income,1992,30.1987939904477
"Hong Kong SAR, China",1992,8.08080808080808
Honduras,1992,29.9848065063902
Heavily indebted poor countries (HIPC),1992,34.0379541564731
Croatia,1992,42.9976748345555
Haiti,1992,57.1480406386067
Hungary,1992,68.2763992433515
IBRD only,1992,36.3981707027891
IDA & IBRD total,1992,36.2937179139191
IDA total,1992,35.9509786619595
IDA blend,1992,42.034456189143
Indonesia,1992,22.828816992995
IDA only,1992,34.1647436370303
Isle of Man,1992,70.8771929824561
India,1992,60.9799575540076
Not classified,1992,
Ireland,1992,64.1050950791116
"Iran, Islamic Rep.",1992,39.162921486284
Iraq,1992,21.816768411185
Iceland,1992,18.9625935162095
Israel,1992,26.6635859519408
Italy,1992,54.3266124919248
Jamaica,1992,43.9519852262235
Jordan,1992,12.7005893019039
Japan,1992,15.7323093801426
Kazakhstan,1992,82.0324480497833
Kenya,1992,47.5555478441157
Kyrgyz Republic,1992,52.5964546402503
Cambodia,1992,25.5778382053025
Kiribati,1992,48.1481481481481
St. Kitts and Nevis,1992,46.1538461538462
"Korea, Rep.",1992,22.143893842007
Kuwait,1992,7.91245791245791
Latin America & Caribbean (excluding high income),1992,33.9434366238385
Lao PDR,1992,7.20970537261698
Lebanon,1992,59.2375366568915
Liberia,1992,11.6686067275747
Libya,1992,8.78922900303488
St. Lucia,1992,32.2950819672131
Latin America & Caribbean,1992,33.5964452709121
Least developed countries: UN classification,1992,33.7973937507891
Low income,1992,34.3562537075376
Liechtenstein,1992,43.75
Sri Lanka,1992,37.3784085472811
Lower middle income,1992,40.440986391727
Low & middle income,1992,41.2551625941688
Lesotho,1992,76.9433465085639
Late-demographic dividend,1992,34.7670299926978
Lithuania,1992,54.0682833439694
Luxembourg,1992,
Latvia,1992,40.6575923634435
"Macao SAR, China",1992,
St. Martin (French part),1992,
Morocco,1992,68.5995966838449
Monaco,1992,
Moldova,1992,77.8825676909036
Madagascar,1992,62.540839839048
Maldives,1992,26.6666666666667
"Middle East, North Africa, Afghanistan & Pakistan",1992,32.4679256499934
Mexico,1992,54.6192031688058
Marshall Islands,1992,47.2222222222222
Middle income,1992,42.4503825161893
North Macedonia,1992,51.3959889893826
Mali,1992,26.4327686671748
Malta,1992,40.625
Myanmar,1992,15.9102732809009
"Middle East, North Africa, Afghanistan & Pakistan (excluding high income)",1992,28.2829110812005
Montenegro,1992,
Mongolia,1992,79.8674588179595
Northern Mariana Islands,1992,8.69565217391304
Mozambique,1992,45.3953559347898
Mauritania,1992,38.4961676530513
Mauritius,1992,53.6945812807882
Malawi,1992,45.2906236741621
Malaysia,1992,20.7167858773398
North America,1992,26.8637207190844
Namibia,1992,46.9603663350703
New Caledonia,1992,12.582056892779
Niger,1992,27.630851819689
Nigeria,1992,66.5327140770996
Nicaragua,1992,34.2363303972079
Netherlands,1992,58.1694312796209
Norway,1992,2.74610945012102
Nepal,1992,29.0783216783217
Nauru,1992,20.0
New Zealand,1992,51.6549082830124
OECD members,1992,38.5841269906378
Oman,1992,3.49919224555735
Other small states,1992,26.8447373896501
Pakistan,1992,45.895599833956
Panama,1992,28.9211729889696
Peru,1992,17.585511328125
Philippines,1992,37.2773920917597
Palau,1992,9.34782608695652
Papua New Guinea,1992,2.0801130592236
Poland,1992,61.1936400143655
Pre-demographic dividend,1992,35.9514564769742
Puerto Rico (US),1992,46.2232243517475
"Korea, Dem. People's Rep.",1992,20.9946599119674
Portugal,1992,42.3825136612022
Paraguay,1992,37.1057679335515
West Bank and Gaza,1992,82.5581395348837
Pacific island small states,1992,12.303738317757
Post-demographic dividend,1992,38.2360027271938
French Polynesia,1992,9.67046448087432
Qatar,1992,5.51248923341947
Romania,1992,64.4556785496383
Russian Federation,1992,13.5223719413421
Rwanda,1992,74.3818402918525
South Asia,1992,58.9579013454037
Saudi Arabia,1992,57.5645790788439
Sudan,1992,
Senegal,1992,45.6032826053083
Singapore,1992,1.7910447761194
Solomon Islands,1992,2.53662022150768
Sierra Leone,1992,38.9997229149349
El Salvador,1992,62.8137065637066
San Marino,1992,16.6666666666667
"Somalia, Fed. Rep.",1992,70.2059489272165
Serbia,1992,
Sub-Saharan Africa (excluding high income),1992,38.8535139519594
South Sudan,1992,
Sub-Saharan Africa,1992,38.852825156175
Small states,1992,12.4924036881278
Sao Tome and Principe,1992,31.25
Suriname,1992,0.554490843144447
Slovak Republic,1992,
Slovenia,1992,28.0039721946375
Sweden,1992,8.20936432171968
Eswatini,1992,71.1046511627907
Sint Maarten (Dutch part),1992,
Seychelles,1992,8.69565217391304
Syrian Arab Republic,1992,74.0722603112417
Turks and Caicos Islands,1992,1.05263157894737
Chad,1992,38.4132782719187
East Asia & Pacific (IDA & IBRD countries),1992,47.0931086044953
Europe & Central Asia (IDA & IBRD countries),1992,29.2760173384482
Togo,1992,58.9262732119875
Thailand,1992,41.8367946133218
Tajikistan,1992,32.0734495570163
Turkmenistan,1992,75.2239695273764
Latin America & the Caribbean (IDA & IBRD countries),1992,33.450342684539
Timor-Leste,1992,22.1923335574983
"Middle East, North Africa, Afghanistan & Pakistan (IDA & IBRD)",1992,28.2504355915846
Tonga,1992,44.4444444444444
South Asia (IDA & IBRD),1992,58.9579013454037
Sub-Saharan Africa (IDA & IBRD countries),1992,38.852825156175
Trinidad and Tobago,1992,15.7894736842105
Tunisia,1992,60.2149845520082
Turkiye,1992,51.8482907371074
Tuvalu,1992,66.6666666666667
Tanzania,1992,36.0510160307067
Uganda,1992,60.3173014363645
Ukraine,1992,72.3724864071805
Upper middle income,1992,43.3063423397975
Uruguay,1992,85.2759684607473
United States,1992,46.4494877147624
Uzbekistan,1992,65.1716031969911
St. Vincent and the Grenadines,1992,25.2820512820513
"Venezuela, RB",1992,24.4963437446857
British Virgin Islands,1992,53.3333333333333
Virgin Islands (U.S.),1992,28.5714285714286
Viet Nam,1992,21.5828443270147
Vanuatu,1992,12.8794093519278
World,1992,36.7080172595068
Samoa,1992,18.3745583038869
Kosovo,1992,
"Yemen, Rep.",1992,44.474117847605
South Africa,1992,79.526663314346
Zambia,1992,28.3364048480609
Zimbabwe,1992,33.870503037353
Aruba,1993,11.1111111111111
Africa Eastern and Southern,1993,41.3403653822674
Afghanistan,1993,58.1604648666881
Africa Western and Central,1993,35.3997110475824
Angola,1993,35.7022539504291
Albania,1993,41.0948905109489
Andorra,1993,48.936170212766
Arab World,1993,32.4500573231236
United Arab Emirates,1993,4.99859194593072
Argentina,1993,46.7170194651203
Armenia,1993,41.4822620302072
American Samoa,1993,10.16
Antigua and Barbuda,1993,20.4545454545455
Australia,1993,59.8905275763769
Austria,1993,36.3427047988366
Azerbaijan,1993,53.5539613300167
Burundi,1993,80.880062305296
Belgium,1993,
Benin,1993,20.6264455480667
Burkina Faso,1993,37.7496520467836
Bangladesh,1993,72.5666436198817
Bulgaria,1993,55.3285727198771
Bahrain,1993,14.0845070422535
"Bahamas, The",1993,1.0989010989011
Bosnia and Herzegovina,1993,42.7734375
Belarus,1993,46.1033456223015
Belize,1993,6.26918018412977
Bermuda,1993,5.55555555555556
Bolivia,1993,33.4284131819441
Brazil,1993,27.594728013649
Barbados,1993,44.1860465116279
Brunei Darussalam,1993,2.46679316888046
Bhutan,1993,10.8083813111316
Botswana,1993,45.7907645616078
Central African Republic,1993,7.99752801053003
Canada,1993,6.84807134834406
Central Europe and the Baltics,1993,56.5506169018342
Switzerland,1993,40.2599880443749
Channel Islands,1993,42.4242424242424
Chile,1993,20.8155129839738
China,1993,55.1991052645594
Cote d'Ivoire,1993,61.3270440251572
Cameroon,1993,19.3776311057519
"Congo, Dem. Rep.",1993,11.4686486844137
"Congo, Rep.",1993,30.8193147877013
Colombia,1993,40.4713835060838
Comoros,1993,63.4067705534659
Cabo Verde,1993,17.12158808933
Costa Rica,1993,41.382687034861
Caribbean small states,1993,2.84666751194478
Cuba,1993,62.6629422718808
Curacao,1993,
Cayman Islands,1993,11.25
Cyprus,1993,17.1753246753247
Czechia,1993,55.4160735084768
Germany,1993,49.1578826764436
Djibouti,1993,60.4616048317515
Dominica,1993,24.0
Denmark,1993,68.475
Dominican Republic,1993,53.5586151935417
Algeria,1993,16.316642454676
East Asia & Pacific (excluding high income),1993,46.9060430524624
Early-demographic dividend,1993,38.7918967020032
East Asia & Pacific,1993,50.3951829726268
Europe & Central Asia (excluding high income),1993,70.1418484862129
Europe & Central Asia,1993,30.6619953846836
Ecuador,1993,28.8072532870972
"Egypt, Arab Rep.",1993,3.02896177608117
Euro area,1993,48.8724652807627
Eritrea,1993,73.2673267326733
Spain,1993,60.1333493512734
Estonia,1993,31.1394196744515
Ethiopia,1993,30.54
European Union,1993,47.3045234530527
Finland,1993,7.825929938606
Fiji,1993,22.5725232621784
France,1993,56.2042861118842
Faroe Islands,1993,69.1489971346705
"Micronesia, Fed. Sts.",1993,7.85714285714286
Gabon,1993,7.85448829898708
United Kingdom,1993,72.4755094448807
Georgia,1993,45.0136710318031
Ghana,1993,56.2538454777182
Gibraltar,1993,
Guinea,1993,57.0959018394921
"Gambia, The",1993,54.0513833992095
Guinea-Bissau,1993,21.424253200569
Equatorial Guinea,1993,3.66666666666667
Greece,1993,71.0628394103957
Grenada,1993,35.2941176470588
Greenland,1993,0.695639449809775
Guatemala,1993,41.8253079507279
Guam,1993,37.037037037037
Guyana,1993,3.61328727457455
High income,1993,30.1474406640135
"Hong Kong SAR, China",1993,8.08080808080808
Honduras,1993,31.7097148985611
Heavily indebted poor countries (HIPC),1993,34.2671924248286
Croatia,1993,40.6367376140225
Haiti,1993,57.1480406386067
Hungary,1993,68.2172267972401
IBRD only,1993,36.3708833427711
IDA & IBRD total,1993,36.2960028986623
IDA total,1993,36.0622621984596
IDA blend,1993,42.3531466591966
Indonesia,1993,23.1931418603753
IDA only,1993,34.329715813843
Isle of Man,1993,71.5789473684211
India,1993,61.0058556634457
Not classified,1993,
Ireland,1993,63.9759036144578
"Iran, Islamic Rep.",1993,39.3870183452442
Iraq,1993,22.5728787982715
Iceland,1993,18.9526184538653
Israel,1993,26.6635859519408
Italy,1993,54.0954064805685
Jamaica,1993,46.4450600184672
Jordan,1993,12.3526745240254
Japan,1993,15.5951727921009
Kazakhstan,1993,82.13764492351
Kenya,1993,47.1624125874126
Kyrgyz Republic,1993,52.7632950990615
Cambodia,1993,25.6187514162701
Kiribati,1993,45.679012345679
St. Kitts and Nevis,1993,46.1538461538462
"Korea, Rep.",1993,21.9572879950238
Kuwait,1993,7.9685746352413
Latin America & Caribbean (excluding high income),1993,33.9169355217006
Lao PDR,1993,7.21403812824957
Lebanon,1993,59.2375366568915
Liberia,1993,11.9807765780731
Libya,1993,8.78922900303488
St. Lucia,1993,32.2950819672131
Latin America & Caribbean,1993,33.5606590015869
Least developed countries: UN classification,1993,33.9611070465619
Low income,1993,34.4955290805586
Liechtenstein,1993,43.75
Sri Lanka,1993,36.9956944665922
Lower middle income,1993,40.6150898558217
Low & middle income,1993,41.2246565245472
Lesotho,1993,76.8774703557312
Late-demographic dividend,1993,34.6787658948298
Lithuania,1993,53.174856413529
Luxembourg,1993,
Latvia,1993,40.4004692496826
"Macao SAR, China",1993,
St. Martin (French part),1993,
Morocco,1993,68.8124579879005
Monaco,1993,
Moldova,1993,77.6024279210926
Madagascar,1993,62.7471884995013
Maldives,1993,26.6666666666667
"Middle East, North Africa, Afghanistan & Pakistan",1993,33.1372006172644
Mexico,1993,54.620746418375
Marshall Islands,1993,47.2222222222222
Middle income,1993,42.5077819275314
North Macedonia,1993,51.0027526543453
Mali,1993,27.1760955261066
Malta,1993,40.625
Myanmar,1993,15.9837194356887
"Middle East, North Africa, Afghanistan & Pakistan (excluding high income)",1993,28.4239553791826
Montenegro,1993,
Mongolia,1993,76.9813995002072
Northern Mariana Islands,1993,8.69565217391304
Mozambique,1993,45.6738472494214
Mauritania,1993,38.50781022606
Mauritius,1993,52.7093596059113
Malawi,1993,45.2906236741621
Malaysia,1993,20.9751940343935
North America,1993,26.7230831636377
Namibia,1993,47.0065226105018
New Caledonia,1993,12.582056892779
Niger,1993,27.630851819689
Nigeria,1993,66.9290819855727
Nicaragua,1993,34.8180156224032
Netherlands,1993,58.2612559241706
Norway,1993,2.77348840774934
Nepal,1993,29.1566433566434
Nauru,1993,20.0
New Zealand,1993,51.0559207777904
OECD members,1993,38.3627978049188
Oman,1993,3.46365105008078
Other small states,1993,26.7707992747377
Pakistan,1993,46.3755707762557
Panama,1993,28.9211729889696
Peru,1993,17.523146328125
Philippines,1993,37.1097025186974
Palau,1993,9.34782608695652
Papua New Guinea,1993,2.14415051009142
Poland,1993,61.1022233830683
Pre-demographic dividend,1993,36.3512747104839
Puerto Rico (US),1993,35.0620067643743
"Korea, Dem. People's Rep.",1993,20.9168258450295
Portugal,1993,43.2677595628415
Paraguay,1993,37.4822776239617
West Bank and Gaza,1993,82.5581395348837
Pacific island small states,1993,12.2133956386293
Post-demographic dividend,1993,37.9675279482866
French Polynesia,1993,9.59625683060109
Qatar,1993,5.59862187769165
Romania,1993,64.4687527237863
Russian Federation,1993,13.3524103848487
Rwanda,1993,71.1390352655047
South Asia,1993,58.9466382487017
Saudi Arabia,1993,60.8390046937
Sudan,1993,
Senegal,1993,45.8006544434634
Singapore,1993,1.7910447761194
Solomon Islands,1993,2.53662022150768
Sierra Leone,1993,38.9443059019119
El Salvador,1993,62.5675675675676
San Marino,1993,16.6666666666667
"Somalia, Fed. Rep.",1993,70.2075429591609
Serbia,1993,
Sub-Saharan Africa (excluding high income),1993,38.8111525337566
South Sudan,1993,
Sub-Saharan Africa,1993,38.8105003575331
Small states,1993,12.4663608689508
Sao Tome and Principe,1993,31.25
Suriname,1993,0.554490843144447
Slovak Republic,1993,50.8523908523908
Slovenia,1993,27.8053624627607
Sweden,1993,8.23882376306557
Eswatini,1993,71.046511627907
Sint Maarten (Dutch part),1993,
Seychelles,1993,8.69565217391304
Syrian Arab Republic,1993,74.2300576776581
Turks and Caicos Islands,1993,1.05263157894737
Chad,1993,38.4371029224905
East Asia & Pacific (IDA & IBRD countries),1993,47.1029371521181
Europe & Central Asia (IDA & IBRD countries),1993,29.1582771797201
Togo,1993,59.3859165287737
Thailand,1993,41.5842940750455
Tajikistan,1993,32.4592740783081
Turkmenistan,1993,75.4367671780904
Latin America & the Caribbean (IDA & IBRD countries),1993,33.4215456187458
Timor-Leste,1993,22.5285810356422
"Middle East, North Africa, Afghanistan & Pakistan (IDA & IBRD)",1993,28.3915642831798
Tonga,1993,44.4444444444444
South Asia (IDA & IBRD),1993,58.9466382487017
Sub-Saharan Africa (IDA & IBRD countries),1993,38.8105003575331
Trinidad and Tobago,1993,15.7894736842105
Tunisia,1993,60.6462409886715
Turkiye,1993,51.8599846679573
Tuvalu,1993,66.6666666666667
Tanzania,1993,36.4709753894784
Uganda,1993,60.4674440718683
Ukraine,1993,72.3051695866057
Upper middle income,1993,43.3140275166861
Uruguay,1993,85.3045366243858
United States,1993,46.1786054311843
Uzbekistan,1993,64.9905970850964
St. Vincent and the Grenadines,1993,24.3589743589744
"Venezuela, RB",1993,24.4918088543733
British Virgin Islands,1993,53.3333333333333
Virgin Islands (U.S.),1993,28.5714285714286
Viet Nam,1993,21.7733263694737
Vanuatu,1993,13.0434782608696
World,1993,36.7021722403758
Samoa,1993,18.3745583038869
Kosovo,1993,
"Yemen, Rep.",1993,44.9362653181052
South Africa,1993,79.9083332646382
Zambia,1993,28.5206957317155
Zimbabwe,1993,34.4681641463099
Aruba,1994,11.1111111111111
Africa Eastern and Southern,1994,41.4740212360004
Afghanistan,1994,57.9749474878494
Africa Western and Central,1994,35.7404062999542
Angola,1994,35.7022539504291
Albania,1994,41.0948905109489
Andorra,1994,48.936170212766
Arab World,1994,33.1169492207286
United Arab Emirates,1994,5.23796113770769
Argentina,1994,46.7528291476199
Armenia,1994,42.1496311907271
American Samoa,1994,10.33
Antigua and Barbuda,1994,20.4545454545455
Australia,1994,61.0680395194148
Austria,1994,36.2833252544838
Azerbaijan,1994,53.9072545273201
Burundi,1994,80.7242990654206
Belgium,1994,
Benin,1994,21.169359702022
Burkina Faso,1994,38.2095588450292
Bangladesh,1994,71.8906045939925
Bulgaria,1994,55.6720600198861
Bahrain,1994,14.0845070422535
"Bahamas, The",1994,0.999000999000999
Bosnia and Herzegovina,1994,42.578125
Belarus,1994,46.0670945100011
Belize,1994,6.26918018412977
Bermuda,1994,5.55555555555556
Bolivia,1994,33.5558017169759
Brazil,1994,27.4248576836473
Barbados,1994,44.1860465116279
Brunei Darussalam,1994,2.46679316888046
Bhutan,1994,12.7889447236181
Botswana,1994,45.870167451873
Central African Republic,1994,7.98982310828598
Canada,1994,6.84048679451101
Central Europe and the Baltics,1994,56.2385577647924
Switzerland,1994,40.1408236209887
Channel Islands,1994,42.4242424242424
Chile,1994,20.7791998192411
China,1994,55.6901445956382
Cote d'Ivoire,1994,59.7674528301887
Cameroon,1994,19.3776311057519
"Congo, Dem. Rep.",1994,11.4686486844137
"Congo, Rep.",1994,30.787317715959
Colombia,1994,40.4371338440739
Comoros,1994,64.4814615797958
Cabo Verde,1994,17.12158808933
Costa Rica,1994,41.030160595378
Caribbean small states,1994,2.83773463023051
Cuba,1994,62.2532588454376
Curacao,1994,
Cayman Islands,1994,11.25
Cyprus,1994,15.5194805194805
Czechia,1994,55.441956774945
Germany,1994,49.5774970639627
Djibouti,1994,60.4616048317515
Dominica,1994,24.0
Denmark,1994,67.275
Dominican Republic,1994,53.3533429931691
Algeria,1994,16.6432943982131
East Asia & Pacific (excluding high income),1994,47.1740716208788
Early-demographic dividend,1994,39.0769165818478
East Asia & Pacific,1994,50.9309681731402
Europe & Central Asia (excluding high income),1994,70.1832650628494
Europe & Central Asia,1994,30.6172945748531
Ecuador,1994,29.3635312816067
"Egypt, Arab Rep.",1994,3.02643025767241
Euro area,1994,48.7475775012333
Eritrea,1994,73.3267326732673
Spain,1994,60.4336857280154
Estonia,1994,25.9731068648266
Ethiopia,1994,30.472
European Union,1994,47.2009509528182
Finland,1994,7.91851341147116
Fiji,1994,22.2550629447181
France,1994,56.0439743946563
Faroe Islands,1994,69.1489971346705
"Micronesia, Fed. Sts.",1994,7.85714285714286
Gabon,1994,7.87840260798696
United Kingdom,1994,71.9588310668375
Georgia,1994,44.5675636782271
Ghana,1994,56.6933286455129
Gibraltar,1994,
Guinea,1994,57.1904810353248
"Gambia, The",1994,55.0395256916996
Guinea-Bissau,1994,21.7798719772404
Equatorial Guinea,1994,3.66666666666667
Greece,1994,71.1404189294026
Grenada,1994,35.2941176470588
Greenland,1994,0.696517412935323
Guatemala,1994,42.1052631578947
Guam,1994,37.037037037037
Guyana,1994,3.61328727457455
High income,1994,30.3868713039113
"Hong Kong SAR, China",1994,8.08080808080808
Honduras,1994,31.4594691214586
Heavily indebted poor countries (HIPC),1994,34.4147244569045
Croatia,1994,41.3521731353962
Haiti,1994,57.8737300435414
Hungary,1994,68.1281994213221
IBRD only,1994,36.41586947482
IDA & IBRD total,1994,36.380807061051
IDA total,1994,36.2713330742467
IDA blend,1994,42.618146287533
Indonesia,1994,23.1683015285084
IDA only,1994,34.52270148939
Isle of Man,1994,72.4561403508772
India,1994,60.9752488068371
Not classified,1994,
Ireland,1994,63.7770358542604
"Iran, Islamic Rep.",1994,39.39008816523
Iraq,1994,21.3171913940142
Iceland,1994,18.9526184538653
Israel,1994,26.7560073937153
Italy,1994,53.3881880928904
Jamaica,1994,46.1680517082179
Jordan,1994,12.1486854034451
Japan,1994,15.4278661546901
Kazakhstan,1994,82.1020854168982
Kenya,1994,47.8656682011456
Kyrgyz Republic,1994,53.8529718456726
Cambodia,1994,25.8585486063902
Kiribati,1994,45.679012345679
St. Kitts and Nevis,1994,38.4615384615385
"Korea, Rep.",1994,21.7292141820444
Kuwait,1994,7.9685746352413
Latin America & Caribbean (excluding high income),1994,33.8720901759519
Lao PDR,1994,7.32235701906413
Lebanon,1994,59.3352883675464
Liberia,1994,12.2930668604651
Libya,1994,8.79491230662559
St. Lucia,1994,31.9672131147541
Latin America & Caribbean,1994,33.5155573927566
Least developed countries: UN classification,1994,34.1192714630079
Low income,1994,34.6786385058402
Liechtenstein,1994,43.75
Sri Lanka,1994,37.0435337266784
Lower middle income,1994,40.7666000994505
Low & middle income,1994,41.3427179991427
Lesotho,1994,76.7127799736495
Late-demographic dividend,1994,34.7220366608825
Lithuania,1994,49.8723675813657
Luxembourg,1994,
Latvia,1994,40.8182943095441
"Macao SAR, China",1994,
St. Martin (French part),1994,
Morocco,1994,69.3793412502801
Monaco,1994,
Moldova,1994,77.6259866423801
Madagascar,1994,62.7299927777969
Maldives,1994,26.6666666666667
"Middle East, North Africa, Afghanistan & Pakistan",1994,33.7214845573215
Mexico,1994,54.6258905836055
Marshall Islands,1994,47.2222222222222
Middle income,1994,42.6135797154716
North Macedonia,1994,50.9634290208415
Mali,1994,28.9053344151321
Malta,1994,40.625
Myanmar,1994,15.9454662300701
"Middle East, North Africa, Afghanistan & Pakistan (excluding high income)",1994,28.4613158373108
Montenegro,1994,
Mongolia,1994,76.5581194166586
Northern Mariana Islands,1994,8.69565217391304
Mozambique,1994,45.952338564053
Mauritania,1994,38.5272145144077
Mauritius,1994,51.9652216748769
Malawi,1994,43.1692829868477
Malaysia,1994,21.2780398721656
North America,1994,26.6195222803213
Namibia,1994,47.067254551859
New Caledonia,1994,12.636761487965
Niger,1994,27.630851819689
Nigeria,1994,67.9842331214247
Nicaragua,1994,35.067309290344
Netherlands,1994,57.7725118483412
Norway,1994,2.82003263571749
Nepal,1994,29.234965034965
Nauru,1994,20.0
New Zealand,1994,50.4568451634955
OECD members,1994,38.546233004398
Oman,1994,3.46365105008078
Other small states,1994,26.6240667223449
Pakistan,1994,46.4274595267746
Panama,1994,28.7193973634652
Peru,1994,17.46078125
Philippines,1994,36.942012945635
Palau,1994,9.34782608695652
Papua New Guinea,1994,2.15960782581813
Poland,1994,61.0761043455549
Pre-demographic dividend,1994,36.5419748860392
Puerto Rico (US),1994,34.836527621195
"Korea, Dem. People's Rep.",1994,21.8537164687318
Portugal,1994,43.1912568306011
Paraguay,1994,38.2343043040524
West Bank and Gaza,1994,77.5464451827242
Pacific island small states,1994,12.1386292834891
Post-demographic dividend,1994,38.1765094619385
French Polynesia,1994,9.5220218579235
Qatar,1994,5.59862187769165
Romania,1994,64.4764933989804
Russian Federation,1994,13.2901907232197
Rwanda,1994,62.8293473854884
South Asia,1994,59.020473729312
Saudi Arabia,1994,64.0932917304356
Sudan,1994,
Senegal,1994,46.3044720303329
Singapore,1994,1.7910447761194
Solomon Islands,1994,2.57234726688103
Sierra Leone,1994,38.9304516486561
El Salvador,1994,62.4662162162162
San Marino,1994,16.6666666666667
"Somalia, Fed. Rep.",1994,70.2171071508273
Serbia,1994,
Sub-Saharan Africa (excluding high income),1994,39.0329822219186
South Sudan,1994,
Sub-Saharan Africa,1994,39.0323252417885
Small states,1994,12.2651521464397
Sao Tome and Principe,1994,32.2916666666667
Suriname,1994,0.554490843144447
Slovak Republic,1994,50.8523908523908
Slovenia,1994,27.2591857000993
Sweden,1994,8.23882376306557
Eswatini,1994,71.046511627907
Sint Maarten (Dutch part),1994,
Seychelles,1994,8.69565217391304
Syrian Arab Republic,1994,75.0136032212428
Turks and Caicos Islands,1994,1.05263157894737
Chad,1994,38.4529860228717
East Asia & Pacific (IDA & IBRD countries),1994,47.3658612736229
Europe & Central Asia (IDA & IBRD countries),1994,29.1307453760227
Togo,1994,59.7536311822026
Thailand,1994,41.7663293468261
Tajikistan,1994,31.9376964847099
Turkmenistan,1994,75.4367671780904
Latin America & the Caribbean (IDA & IBRD countries),1994,33.378560625137
Timor-Leste,1994,22.8648285137861
"Middle East, North Africa, Afghanistan & Pakistan (IDA & IBRD)",1994,28.4319458345716
Tonga,1994,44.4444444444444
South Asia (IDA & IBRD),1994,59.020473729312
Sub-Saharan Africa (IDA & IBRD countries),1994,39.0323252417885
Trinidad and Tobago,1994,15.7894736842105
Tunisia,1994,59.7515447991761
Turkiye,1994,52.1666255213544
Tuvalu,1994,66.6666666666667
Tanzania,1994,36.8909347482502
Uganda,1994,60.5675391622041
Ukraine,1994,72.2551134892552
Upper middle income,1994,43.4000644870336
Uruguay,1994,85.3273911552965
United States,1994,45.9810939233275
Uzbekistan,1994,64.974141984015
St. Vincent and the Grenadines,1994,23.4358974358974
"Venezuela, RB",1994,24.4952100221076
British Virgin Islands,1994,53.3333333333333
Virgin Islands (U.S.),1994,25.7142857142857
Viet Nam,1994,21.9361577928661
Vanuatu,1994,13.1255127153404
World,1994,36.8697858441025
Samoa,1994,18.0212014134276
Kosovo,1994,
"Yemen, Rep.",1994,44.9457355531564
South Africa,1994,80.179541501455
Zambia,1994,28.8852419322294
Zimbabwe,1994,35.5080361897376
Aruba,1995,11.1111111111111
Africa Eastern and Southern,1995,41.5681116837853
Afghanistan,1995,57.8982874139491
Africa Western and Central,1995,36.2362607646881
Angola,1995,35.6862115986204
Albania,1995,41.1313868613139
Andorra,1995,48.936170212766
Arab World,1995,33.7438100416442
United Arab Emirates,1995,5.39284708532808
Argentina,1995,46.7882734251961
Armenia,1995,43.6951176677204
American Samoa,1995,10.5
Antigua and Barbuda,1995,20.4545454545455
Australia,1995,60.3189149082957
Austria,1995,36.1257876878333
Azerbaijan,1995,53.9445065311174
Burundi,1995,79.3224299065421
Belgium,1995,
Benin,1995,22.3005764455481
Burkina Faso,1995,38.6694652777778
Bangladesh,1995,72.0135207805178
Bulgaria,1995,55.7172557172557
Bahrain,1995,14.0845070422535
"Bahamas, The",1995,0.999000999000999
Bosnia and Herzegovina,1995,42.48046875
Belarus,1995,46.0348601060788
Belize,1995,6.40070144673389
Bermuda,1995,7.40740740740741
Bolivia,1995,33.785654943229
Brazil,1995,27.2554659290225
Barbados,1995,44.1860465116279
Brunei Darussalam,1995,2.27703984819734
Bhutan,1995,14.1959798994975
Botswana,1995,45.781942018245
Central African Republic,1995,7.97457382259463
Canada,1995,6.83290224067797
Central Europe and the Baltics,1995,55.7391172927826
Switzerland,1995,40.0220138442846
Channel Islands,1995,42.4242424242424
Chile,1995,20.6178079759849
China,1995,55.6902039146848
Cote d'Ivoire,1995,62.1001572327044
Cameroon,1995,19.3776311057519
"Congo, Dem. Rep.",1995,11.3804283099182
"Congo, Rep.",1995,30.7984978038067
Colombia,1995,40.1198738170347
Comoros,1995,65.5561526061257
Cabo Verde,1995,17.3697270471464
Costa Rica,1995,40.1096748922836
Caribbean small states,1995,2.82804897758527
Cuba,1995,62.2346368715084
Curacao,1995,
Cayman Islands,1995,11.25
Cyprus,1995,15.487012987013
Czechia,1995,55.3901902420085
Germany,1995,49.6791750214838
Djibouti,1995,62.6229508196721
Dominica,1995,22.6666666666667
Denmark,1995,68.15
Dominican Republic,1995,53.1480707927965
Algeria,1995,16.6470731482026
East Asia & Pacific (excluding high income),1995,47.2405644406908
Early-demographic dividend,1995,39.3676607188049
East Asia & Pacific,1995,50.7273994585563
Europe & Central Asia (excluding high income),1995,69.3591867892061
Europe & Central Asia,1995,30.3380493568503
Ecuador,1995,29.2876751914463
"Egypt, Arab Rep.",1995,3.2980059269677
Euro area,1995,48.1839710893605
Eritrea,1995,73.3366336633663
Spain,1995,59.5046452026269
Estonia,1995,23.378155225289
Ethiopia,1995,30.5
European Union,1995,46.7795465892286
Finland,1995,7.36728060671723
Fiji,1995,21.9376026272578
France,1995,55.9424807496057
Faroe Islands,1995,69.1432664756447
"Micronesia, Fed. Sts.",1995,7.85714285714286
Gabon,1995,7.90231691698684
United Kingdom,1995,71.8348282561071
Georgia,1995,43.8624262483811
Ghana,1995,57.5722949811022
Gibraltar,1995,
Guinea,1995,57.14911281133
"Gambia, The",1995,55.0395256916996
Guinea-Bissau,1995,22.0801920341394
Equatorial Guinea,1995,3.66666666666667
Greece,1995,71.0938712179985
Grenada,1995,32.3529411764706
Greenland,1995,0.697395376060872
Guatemala,1995,42.1052631578947
Guam,1995,37.037037037037
Guyana,1995,3.62344729489459
High income,1995,30.3274753987015
"Hong Kong SAR, China",1995,7.61904761904762
Honduras,1995,31.1019751541693
Heavily indebted poor countries (HIPC),1995,34.6221934546268
Croatia,1995,41.709890896083
Haiti,1995,57.6923076923077
Hungary,1995,68.7625194747385
IBRD only,1995,36.3215904628545
IDA & IBRD total,1995,36.3777091076977
IDA total,1995,36.5529186915568
IDA blend,1995,43.2843788321066
Indonesia,1995,23.7241729549507
IDA only,1995,34.6983117544362
Isle of Man,1995,73.1578947368421
India,1995,60.8588754839079
Not classified,1995,
Ireland,1995,63.7059079692263
"Iran, Islamic Rep.",1995,39.4214003290847
Iraq,1995,20.7268445480943
Iceland,1995,18.9426433915212
Israel,1995,26.4787430683919
Italy,1995,52.1335554724423
Jamaica,1995,45.8910433979686
Jordan,1995,12.6246600181324
Japan,1995,15.2550740537575
Kazakhstan,1995,80.4483831536837
Kenya,1995,47.8555669958183
Kyrgyz Republic,1995,54.9374348279458
Cambodia,1995,25.8505891683662
Kiribati,1995,45.679012345679
St. Kitts and Nevis,1995,38.4615384615385
"Korea, Rep.",1995,21.2315985900892
Kuwait,1995,7.9685746352413
Latin America & Caribbean (excluding high income),1995,33.8309396921075
Lao PDR,1995,7.36568457538995
Lebanon,1995,59.5307917888563
Liberia,1995,12.6091382890365
Libya,1995,8.81764552098844
St. Lucia,1995,29.5081967213115
Latin America & Caribbean,1995,33.468537531518
Least developed countries: UN classification,1995,34.2443702925363
Low income,1995,34.8057502480993
Liechtenstein,1995,43.75
Sri Lanka,1995,37.0913729867645
Lower middle income,1995,41.0277070698859
Low & middle income,1995,41.357875790507
Lesotho,1995,76.5480895915678
Late-demographic dividend,1995,34.5313914742547
Lithuania,1995,54.4033184428845
Luxembourg,1995,
Latvia,1995,29.4405965256239
"Macao SAR, China",1995,
St. Martin (French part),1995,
Morocco,1995,68.8976025095227
Monaco,1995,
Moldova,1995,77.6191922259338
Madagascar,1995,62.7299927777969
Maldives,1995,26.6666666666667
"Middle East, North Africa, Afghanistan & Pakistan",1995,34.29574693107
Mexico,1995,54.6284626662208
Marshall Islands,1995,47.2222222222222
Middle income,1995,42.6073881165514
North Macedonia,1995,50.6095163193079
Mali,1995,29.0274465452102
Malta,1995,34.375
Myanmar,1995,15.9898399485877
"Middle East, North Africa, Afghanistan & Pakistan (excluding high income)",1995,28.4870774159262
Montenegro,1995,
Mongolia,1995,76.5581194166586
Northern Mariana Islands,1995,8.69565217391304
Mozambique,1995,46.2308298786846
Mauritania,1995,38.5272145144077
Mauritius,1995,50.9695073891626
Malawi,1995,45.3966907085278
Malaysia,1995,21.2022523208035
North America,1995,26.5606023723332
Namibia,1995,47.1522792697591
New Caledonia,1995,12.746170678337
Niger,1995,28.4203047288229
Nigeria,1995,70.3569507120349
Nicaragua,1995,37.8344690044873
Netherlands,1995,58.1960900473934
Norway,1995,3.08560852471225
Nepal,1995,29.3132867132867
Nauru,1995,20.0
New Zealand,1995,49.857828415176
OECD members,1995,38.2672230877263
Oman,1995,3.46042003231018
Other small states,1995,26.5850870067615
Pakistan,1995,46.733603154836
Panama,1995,28.6790422383643
Peru,1995,17.53474953125
Philippines,1995,36.942012945635
Palau,1995,9.34782608695652
Papua New Guinea,1995,2.19493883319348
Poland,1995,60.7985895719743
Pre-demographic dividend,1995,36.807181138578
Puerto Rico (US),1995,34.836527621195
"Korea, Dem. People's Rep.",1995,21.7657088281704
Portugal,1995,42.8852459016393
Paraguay,1995,38.9669098917694
West Bank and Gaza,1995,78.8924750830565
Pacific island small states,1995,12.1573208722741
Post-demographic dividend,1995,37.9270153118893
French Polynesia,1995,9.44781420765027
Qatar,1995,5.59862187769165
Romania,1995,64.4777550220053
Russian Federation,1995,13.2125399459531
Rwanda,1995,62.8293473854884
South Asia,1995,58.942902271309
Saudi Arabia,1995,67.3508350971535
Sudan,1995,
Senegal,1995,45.7850724562406
Singapore,1995,1.7910447761194
Solomon Islands,1995,2.60807431225438
Sierra Leone,1995,38.9304516486561
El Salvador,1995,62.2683397683398
San Marino,1995,16.6666666666667
"Somalia, Fed. Rep.",1995,70.2266713424937
Serbia,1995,
Sub-Saharan Africa (excluding high income),1995,39.2981721469742
South Sudan,1995,
Sub-Saharan Africa,1995,39.2975094239356
Small states,1995,12.2473835766097
Sao Tome and Principe,1995,29.1666666666667
Suriname,1995,0.554490843144447
Slovak Republic,1995,50.8523908523908
Slovenia,1995,26.7130089374379
Sweden,1995,8.02033290641693
Eswatini,1995,71.046511627907
Sint Maarten (Dutch part),1995,
Seychelles,1995,8.69565217391304
Syrian Arab Republic,1995,75.0299270867341
Turks and Caicos Islands,1995,1.05263157894737
Chad,1995,38.4768106734435
East Asia & Pacific (IDA & IBRD countries),1995,47.4335293917146
Europe & Central Asia (IDA & IBRD countries),1995,28.8657117973028
Togo,1995,60.1213458356315
Thailand,1995,41.9483646186067
Tajikistan,1995,32.7379251214633
Turkmenistan,1995,75.5431660034473
Latin America & the Caribbean (IDA & IBRD countries),1995,33.3313890825582
Timor-Leste,1995,22.8648285137861
"Middle East, North Africa, Afghanistan & Pakistan (IDA & IBRD)",1995,28.456917432907
Tonga,1995,45.8333333333333
South Asia (IDA & IBRD),1995,58.942902271309
Sub-Saharan Africa (IDA & IBRD countries),1995,39.2975094239356
Trinidad and Tobago,1995,14.8148148148148
Tunisia,1995,60.1699279093718
Turkiye,1995,51.3142678949625
Tuvalu,1995,66.6666666666667
Tanzania,1995,37.3108941070219
Uganda,1995,60.6676342525399
Ukraine,1995,72.2413049106758
Upper middle income,1995,43.2800517009152
Uruguay,1995,85.3502456862073
United States,1995,45.8719112213614
Uzbekistan,1995,64.9811941701928
St. Vincent and the Grenadines,1995,22.5128205128205
"Venezuela, RB",1995,24.5065472478884
British Virgin Islands,1995,53.3333333333333
Virgin Islands (U.S.),1995,22.8571428571429
Viet Nam,1995,21.7487480414145
Vanuatu,1995,13.5356849876948
World,1995,36.8546546125218
Samoa,1995,18.0212014134276
Kosovo,1995,
"Yemen, Rep.",1995,44.9570998352179
South Africa,1995,80.3897484935165
Zambia,1995,29.1273759399508
Zimbabwe,1995,35.7827183662918
Aruba,1996,11.1111111111111
Africa Eastern and Southern,1996,41.6354242604163
Afghanistan,1996,57.889088205081
Africa Western and Central,1996,36.4633023354537
Angola,1996,35.6517205422315
Albania,1996,41.2773722627737
Andorra,1996,48.936170212766
Arab World,1996,34.3875963013791
United Arab Emirates,1996,5.44916924809913
Argentina,1996,46.8237177027723
Armenia,1996,45.8728486125746
American Samoa,1996,10.67
Antigua and Barbuda,1996,20.4545454545455
Australia,1996,60.5586868515939
Austria,1996,36.0312651478429
Azerbaijan,1996,54.3903288991432
Burundi,1996,77.6090342679128
Belgium,1996,
Benin,1996,23.9875399077687
Burkina Faso,1996,39.1293720760234
Bangladesh,1996,71.6524544825997
Bulgaria,1996,55.7172557172557
Bahrain,1996,14.0845070422535
"Bahamas, The",1996,0.999000999000999
Bosnia and Herzegovina,1996,42.3828125
Belarus,1996,46.0084592859889
Belize,1996,6.44454186760193
Bermuda,1996,7.40740740740741
Bolivia,1996,33.8631957906397
Brazil,1996,27.2678729956665
Barbados,1996,44.1860465116279
Brunei Darussalam,1996,2.27703984819734
Bhutan,1996,14.321608040201
Botswana,1996,45.781942018245
Central African Republic,1996,7.98340235641594
Canada,1996,6.82520614928856
Central Europe and the Baltics,1996,55.2698565814275
Switzerland,1996,39.9284652012952
Channel Islands,1996,42.4242424242424
Chile,1996,20.4860046373256
China,1996,55.6944173715386
Cote d'Ivoire,1996,62.0582044025157
Cameroon,1996,19.3776311057519
"Congo, Dem. Rep.",1996,11.3804283099182
"Congo, Rep.",1996,30.811121522694
Colombia,1996,40.4867057232988
Comoros,1996,66.6308436324557
Cabo Verde,1996,17.3697270471464
Costa Rica,1996,39.0716803760282
Caribbean small states,1996,2.82814934704273
Cuba,1996,61.5921787709497
Curacao,1996,
Cayman Islands,1996,11.25
Cyprus,1996,15.4978354978355
Czechia,1996,55.3901902420085
Germany,1996,49.6634105817984
Djibouti,1996,63.9171699741156
Dominica,1996,22.6666666666667
Denmark,1996,67.9
Dominican Republic,1996,52.9428006623887
Algeria,1996,16.6416149537733
East Asia & Pacific (excluding high income),1996,47.2908502192348
Early-demographic dividend,1996,39.6210573593733
East Asia & Pacific,1996,50.825320200046
Europe & Central Asia (excluding high income),1996,69.0714693947189
Europe & Central Asia,1996,30.2561233659249
Ecuador,1996,28.8505996243317
"Egypt, Arab Rep.",1996,3.1909789542418
Euro area,1996,48.0903398910702
Eritrea,1996,72.6534653465346
Spain,1996,60.3455870575044
Estonia,1996,23.7084217975938
Ethiopia,1996,30.5
European Union,1996,46.6779186383352
Finland,1996,7.2819199579763
Fiji,1996,21.6201423097975
France,1996,55.8424714723073
Faroe Islands,1996,69.1267908309456
"Micronesia, Fed. Sts.",1996,7.85714285714286
Gabon,1996,7.92623122598673
United Kingdom,1996,72.3101723639069
Georgia,1996,43.675348971075
Ghana,1996,58.4512613166916
Gibraltar,1996,
Guinea,1996,57.1935902653427
"Gambia, The",1996,55.0395256916996
Guinea-Bissau,1996,22.3805120910384
Equatorial Guinea,1996,3.70231729055258
Greece,1996,71.155934833204
Grenada,1996,32.3529411764706
Greenland,1996,0.698273339186421
Guatemala,1996,42.1052631578947
Guam,1996,37.037037037037
Guyana,1996,3.62852730505461
High income,1996,30.4040340073138
"Hong Kong SAR, China",1996,7.61904761904762
Honduras,1996,31.1019751541693
Heavily indebted poor countries (HIPC),1996,34.7976306757519
Croatia,1996,34.5659163987138
Haiti,1996,57.6923076923077
Hungary,1996,68.8181615846873
IBRD only,1996,36.311731093347
IDA & IBRD total,1996,36.4023565432569
IDA total,1996,36.6852994064922
IDA blend,1996,43.2484281282401
Indonesia,1996,23.7186528812025
IDA only,1996,34.8770700175599
Isle of Man,1996,73.859649122807
India,1996,60.7391387701425
Not classified,1996,
Ireland,1996,63.0251124981855
"Iran, Islamic Rep.",1996,39.5558584444608
Iraq,1996,20.7382765164506
Iceland,1996,18.9226932668329
Israel,1996,26.0628465804067
Italy,1996,52.1879568868791
Jamaica,1996,45.6140350877193
Jordan,1996,11.9106980961015
Japan,1996,15.0891632373114
Kazakhstan,1996,79.8139052487313
Kenya,1996,46.5224169800049
Kyrgyz Republic,1996,55.4796663190824
Cambodia,1996,25.921504645366
Kiribati,1996,45.679012345679
St. Kitts and Nevis,1996,34.6153846153846
"Korea, Rep.",1996,20.8169189301265
Kuwait,1996,8.02469135802469
Latin America & Caribbean (excluding high income),1996,33.8794955000132
Lao PDR,1996,7.36568457538995
Lebanon,1996,60.4105571847507
Liberia,1996,12.927967192691
Libya,1996,8.90346340520818
St. Lucia,1996,28.5245901639344
Latin America & Caribbean,1996,33.5066546070572
Least developed countries: UN classification,1996,34.3975237550269
Low income,1996,34.9491618603917
Liechtenstein,1996,43.75
Sri Lanka,1996,37.1073194067932
Lower middle income,1996,41.0786898152796
Low & middle income,1996,41.3992943176751
Lesotho,1996,76.6139657444005
Late-demographic dividend,1996,34.5144481553118
Lithuania,1996,54.4192724952138
Luxembourg,1996,
Latvia,1996,30.1155446992463
"Macao SAR, China",1996,
St. Martin (French part),1996,
Morocco,1996,69.3838225408918
Monaco,1996,
Moldova,1996,77.6191922259338
Madagascar,1996,62.9294631495684
Maldives,1996,26.6666666666667
"Middle East, North Africa, Afghanistan & Pakistan",1996,34.8946875968428
Mexico,1996,54.6876205663726
Marshall Islands,1996,47.2222222222222
Middle income,1996,42.6293566876922
North Macedonia,1996,50.7274872198191
Mali,1996,30.0363058212246
Malta,1996,34.375
Myanmar,1996,16.0724668727239
"Middle East, North Africa, Afghanistan & Pakistan (excluding high income)",1996,28.5446422238888
Montenegro,1996,
Mongolia,1996,76.5581194166586
Northern Mariana Islands,1996,8.69565217391304
Mozambique,1996,46.5093211933162
Mauritania,1996,38.5272145144077
Mauritius,1996,49.9108866995074
Malawi,1996,46.457361052185
Malaysia,1996,21.187338304672
North America,1996,26.3453149100527
Namibia,1996,47.1522792697591
New Caledonia,1996,12.855579868709
Niger,1996,28.4203047288229
Nigeria,1996,70.5337242113816
Nicaragua,1996,38.6737576865548
Netherlands,1996,57.7784360189573
Norway,1996,3.09929800352641
Nepal,1996,29.3916083916084
Nauru,1996,20.0
New Zealand,1996,49.2587881204664
OECD members,1996,38.2121293299758
Oman,1996,3.46042003231018
Other small states,1996,26.7717654192456
Pakistan,1996,46.92299709423
Panama,1996,28.6790422383643
Peru,1996,17.608717734375
Philippines,1996,37.2438541771473
Palau,1996,9.34782608695652
Papua New Guinea,1996,2.24351896833458
Poland,1996,60.3153873779751
Pre-demographic dividend,1996,36.9184092434251
Puerto Rico (US),1996,34.836527621195
"Korea, Dem. People's Rep.",1996,20.9635578440329
Portugal,1996,40.7650273224044
Paraguay,1996,39.3389340548704
West Bank and Gaza,1996,78.0698504983389
Pacific island small states,1996,12.0981308411215
Post-demographic dividend,1996,37.8460084883481
French Polynesia,1996,9.37357923497268
Qatar,1996,5.68475452196382
Romania,1996,64.4039735099338
Russian Federation,1996,13.1952331059546
Rwanda,1996,64.8966355897852
South Asia,1996,58.8277095519188
Saudi Arabia,1996,70.6069828672971
Sudan,1996,
Senegal,1996,46.2629200644055
Singapore,1996,1.7910447761194
Solomon Islands,1996,2.60807431225438
Sierra Leone,1996,38.9304516486561
El Salvador,1996,60.1399613899614
San Marino,1996,16.6666666666667
"Somalia, Fed. Rep.",1996,70.2346415022157
Serbia,1996,
Sub-Saharan Africa (excluding high income),1996,39.4335092515483
South Sudan,1996,
Sub-Saharan Africa,1996,39.4328435976721
Small states,1996,12.3097204090094
Sao Tome and Principe,1996,29.1666666666667
Suriname,1996,0.554490843144447
Slovak Republic,1996,50.8108108108108
Slovenia,1996,26.0675273088381
Sweden,1996,8.09398150978164
Eswatini,1996,71.046511627907
Sint Maarten (Dutch part),1996,
Seychelles,1996,8.69565217391304
Syrian Arab Republic,1996,75.0353683752313
Turks and Caicos Islands,1996,1.05263157894737
Chad,1996,38.4609275730623
East Asia & Pacific (IDA & IBRD countries),1996,47.4903088022948
Europe & Central Asia (IDA & IBRD countries),1996,28.7560757701323
Togo,1996,60.4890604890605
Thailand,1996,42.1303998903874
Tajikistan,1996,32.7593598170906
Turkmenistan,1996,75.5431660034473
Latin America & the Caribbean (IDA & IBRD countries),1996,33.3732101997815
Timor-Leste,1996,22.9993275050437
"Middle East, North Africa, Afghanistan & Pakistan (IDA & IBRD)",1996,28.5150089006792
Tonga,1996,45.8333333333333
South Asia (IDA & IBRD),1996,58.8277095519188
Sub-Saharan Africa (IDA & IBRD countries),1996,39.4328435976721
Trinidad and Tobago,1996,14.8148148148148
Tunisia,1996,60.0154479917611
Turkiye,1996,51.1466548861141
Tuvalu,1996,66.6666666666667
Tanzania,1996,37.7308534657936
Uganda,1996,60.9178719783795
Ukraine,1996,72.2188659704842
Upper middle income,1996,43.2896657444101
Uruguay,1996,85.3673865843904
United States,1996,45.4534139247251
Uzbekistan,1996,64.974141984015
St. Vincent and the Grenadines,1996,21.5897435897436
"Venezuela, RB",1996,24.5178844736693
British Virgin Islands,1996,53.3333333333333
Virgin Islands (U.S.),1996,22.8571428571429
Viet Nam,1996,23.6013395188792
Vanuatu,1996,13.6997538966366
World,1996,36.9104405040796
Samoa,1996,18.0212014134276
Kosovo,1996,
"Yemen, Rep.",1996,44.9930867284126
South Africa,1996,80.6947547172922
Zambia,1996,29.3708551366039
Zimbabwe,1996,36.4801876696394
Aruba,1997,11.1111111111111
Africa Eastern and Southern,1997,41.7771063622807
Afghanistan,1997,57.9473498612453
Africa Western and Central,1997,36.6333240140706
Angola,1997,35.6541268950028
Albania,1997,41.4233576642336
Andorra,1997,48.936170212766
Arab World,1997,34.981691988496
United Arab Emirates,1997,5.56181357364123
Argentina,1997,46.8577003606547
Armenia,1997,46.7860906217071
American Samoa,1997,10.84
Antigua and Barbuda,1997,20.4545454545455
Australia,1997,60.1685693086706
Austria,1997,35.9258361609307
Azerbaijan,1997,55.1413773627985
Burundi,1997,76.01246105919
Belgium,1997,
Benin,1997,25.6284941468606
Burkina Faso,1997,39.589278874269
Bangladesh,1997,71.9443804255973
Bulgaria,1997,56.0697821567387
Bahrain,1997,14.0845070422535
"Bahamas, The",1997,0.999000999000999
Bosnia and Herzegovina,1997,42.28515625
Belarus,1997,45.8751324837938
Belize,1997,6.48838228846997
Bermuda,1997,7.40740740740741
Bolivia,1997,34.0385858026401
Brazil,1997,27.2802800623105
Barbados,1997,44.1860465116279
Brunei Darussalam,1997,2.27703984819734
Bhutan,1997,14.3718592964824
Botswana,1997,45.7025391279798
Central African Republic,1997,7.98404443160294
Canada,1997,6.82777151308503
Central Europe and the Baltics,1997,55.2253001483208
Switzerland,1997,39.8515104913607
Channel Islands,1997,40.9090909090909
Chile,1997,20.4725553170543
China,1997,55.6944440006263
Cote d'Ivoire,1997,61.3082012578616
Cameroon,1997,19.3776311057519
"Congo, Dem. Rep.",1997,11.3363181226704
"Congo, Rep.",1997,30.8492327964861
Colombia,1997,40.6327174402884
Comoros,1997,67.7055346587856
Cabo Verde,1997,17.8660049627792
Costa Rica,1997,38.2491186839013
Caribbean small states,1997,2.81369614516796
Cuba,1997,62.2625698324022
Curacao,1997,
Cayman Islands,1997,11.25
Cyprus,1997,15.3896103896104
Czechia,1997,55.3901902420085
Germany,1997,49.6404526572124
Djibouti,1997,64.7799827437446
Dominica,1997,22.6666666666667
Denmark,1997,67.2
Dominican Republic,1997,52.7375284620162
Algeria,1997,16.6642874537103
East Asia & Pacific (excluding high income),1997,47.9802151319602
Early-demographic dividend,1997,39.885896021186
East Asia & Pacific,1997,51.1421345090951
Europe & Central Asia (excluding high income),1997,69.0991265453482
Europe & Central Asia,1997,30.2296363618546
Ecuador,1997,28.9409044935703
"Egypt, Arab Rep.",1997,3.25975187101311
Euro area,1997,47.8770514696886
Eritrea,1997,72.8712871287129
Spain,1997,60.1854076565754
Estonia,1997,24.1330502476999
Ethiopia,1997,30.492
European Union,1997,46.5130938482692
Finland,1997,7.05866903050002
Fiji,1997,21.3026819923372
France,1997,55.7372669078764
Faroe Islands,1997,69.1267908309456
"Micronesia, Fed. Sts.",1997,7.85714285714286
Gabon,1997,7.95014553498661
United Kingdom,1997,72.6863142231224
Georgia,1997,43.7041300906605
Ghana,1997,59.6936582578887
Gibraltar,1997,
Guinea,1997,57.2002808074231
"Gambia, The",1997,55.0395256916996
Guinea-Bissau,1997,22.6808321479374
Equatorial Guinea,1997,3.7379679144385
Greece,1997,69.7051978277735
Grenada,1997,32.3529411764706
Greenland,1997,0.582044097941284
Guatemala,1997,42.687849944009
Guam,1997,37.037037037037
Guyana,1997,3.62852730505461
High income,1997,30.4310029643652
"Hong Kong SAR, China",1997,6.66666666666667
Honduras,1997,30.3423004736795
Heavily indebted poor countries (HIPC),1997,34.9882153738196
Croatia,1997,34.6730975348339
Haiti,1997,61.3207547169811
Hungary,1997,68.9866369710468
IBRD only,1997,36.4995969341291
IDA & IBRD total,1997,36.5882487642817
IDA total,1997,36.8650324714003
IDA blend,1997,43.3710484599297
Indonesia,1997,23.7186528812025
IDA only,1997,35.0725384012566
Isle of Man,1997,74.5614035087719
India,1997,60.8709836909178
Not classified,1997,
Ireland,1997,63.2260124836696
"Iran, Islamic Rep.",1997,39.1905498661558
Iraq,1997,19.7715892722409
Iceland,1997,18.9027431421446
Israel,1997,26.0166358595194
Italy,1997,52.1743565332699
Jamaica,1997,45.1523545706371
Jordan,1997,12.0240253853128
Japan,1997,14.9163237311385
Kazakhstan,1997,79.8947290439678
Kenya,1997,46.7881703974418
Kyrgyz Republic,1997,55.5839416058394
Cambodia,1997,25.9175164287333
Kiribati,1997,45.679012345679
St. Kitts and Nevis,1997,34.6153846153846
"Korea, Rep.",1997,20.5577441426498
Kuwait,1997,8.02469135802469
Latin America & Caribbean (excluding high income),1997,33.938478800778
Lao PDR,1997,7.60831889081456
Lebanon,1997,60.8015640273705
Liberia,1997,13.2420681063123
Libya,1997,8.90346340520818
St. Lucia,1997,27.8688524590164
Latin America & Caribbean,1997,33.5587747264248
Least developed countries: UN classification,1997,34.5730238399787
Low income,1997,35.1544827451615
Liechtenstein,1997,43.75
Sri Lanka,1997,37.1232658268219
Lower middle income,1997,41.1963507293148
Low & middle income,1997,41.6062454149148
Lesotho,1997,76.7127799736495
Late-demographic dividend,1997,34.8054859963268
Lithuania,1997,54.5149968091895
Luxembourg,1997,
Latvia,1997,28.4763848490205
"Macao SAR, China",1997,
St. Martin (French part),1997,
Morocco,1997,69.2247367241766
Monaco,1997,
Moldova,1997,77.6427703523694
Madagascar,1997,64.4667606699453
Maldives,1997,26.6666666666667
"Middle East, North Africa, Afghanistan & Pakistan",1997,35.4169212197297
Mexico,1997,54.6876205663726
Marshall Islands,1997,47.2222222222222
Middle income,1997,42.8366188474082
North Macedonia,1997,50.452221785293
Mali,1997,30.855850318393
Malta,1997,31.25
Myanmar,1997,16.0954187960951
"Middle East, North Africa, Afghanistan & Pakistan (excluding high income)",1997,28.5052277678168
Montenegro,1997,
Mongolia,1997,83.2931194635943
Northern Mariana Islands,1997,8.69565217391304
Mozambique,1997,46.7878125079478
Mauritania,1997,38.5272145144077
Mauritius,1997,49.1667487684729
Malawi,1997,46.9876962240136
Malaysia,1997,21.1800334804444
North America,1997,26.268182190353
Namibia,1997,47.1522792697591
New Caledonia,1997,13.019693654267
Niger,1997,28.4203047288229
Nigeria,1997,70.7093997386826
Nicaragua,1997,39.9534651819844
Netherlands,1997,58.1546208530806
Norway,1997,2.84193580182015
Nepal,1997,29.4699300699301
Nauru,1997,20.0
New Zealand,1997,48.6599889863659
OECD members,1997,38.0606362382028
Oman,1997,3.45718901453958
Other small states,1997,26.922361290667
Pakistan,1997,47.5677148194271
Panama,1997,28.7866559053
Peru,1997,17.6826859375
Philippines,1997,38.0152262132341
Palau,1997,9.34782608695652
Papua New Guinea,1997,2.2589762840613
Poland,1997,60.259884423259
Pre-demographic dividend,1997,37.0601992099255
Puerto Rico (US),1997,32.8072153325817
"Korea, Dem. People's Rep.",1997,20.967311685076
Portugal,1997,39.1475409836066
Paraguay,1997,39.7121764409766
West Bank and Gaza,1997,77.8294352159468
Pacific island small states,1997,11.9922118380062
Post-demographic dividend,1997,37.6807269308614
French Polynesia,1997,9.29937158469945
Qatar,1997,5.68475452196382
Romania,1997,64.4708752668496
Russian Federation,1997,13.3093386817595
Rwanda,1997,66.9233887312525
South Asia,1997,58.9603394273805
Saudi Arabia,1997,73.862200317255
Sudan,1997,
Senegal,1997,44.8137952526879
Singapore,1997,1.7910447761194
Solomon Islands,1997,2.60807431225438
Sierra Leone,1997,38.9165973954004
El Salvador,1997,59.8938223938224
San Marino,1997,16.6666666666667
"Somalia, Fed. Rep.",1997,70.2426116619377
Serbia,1997,
Sub-Saharan Africa (excluding high income),1997,39.5872632701457
South Sudan,1997,
Sub-Saharan Africa,1997,39.5865942865983
Small states,1997,12.3468670420652
Sao Tome and Principe,1997,28.125
Suriname,1997,0.548260608951812
Slovak Republic,1997,50.8316008316008
Slovenia,1997,24.5779543197617
Sweden,1997,8.00069327885301
Eswatini,1997,71.1046511627907
Sint Maarten (Dutch part),1997,
Seychelles,1997,8.69565217391304
Syrian Arab Republic,1997,75.1115464141909
Turks and Caicos Islands,1997,1.05263157894737
Chad,1997,38.6197585768742
East Asia & Pacific (IDA & IBRD countries),1997,48.1848767058535
Europe & Central Asia (IDA & IBRD countries),1997,28.8461992377599
Togo,1997,61.2244897959184
Thailand,1997,42.312435162168
Tajikistan,1997,32.5950271506145
Turkmenistan,1997,75.5431660034473
Latin America & the Caribbean (IDA & IBRD countries),1997,33.4229579980475
Timor-Leste,1997,23.0665770006725
"Middle East, North Africa, Afghanistan & Pakistan (IDA & IBRD)",1997,28.4757147131059
Tonga,1997,43.0555555555556
South Asia (IDA & IBRD),1997,58.9603394273805
Sub-Saharan Africa (IDA & IBRD countries),1997,39.5865942865983
Trinidad and Tobago,1997,13.8401559454191
Tunisia,1997,60.163491246138
Turkiye,1997,50.9881371568156
Tuvalu,1997,66.6666666666667
Tanzania,1997,38.0480921201174
Uganda,1997,60.9178719783795
Ukraine,1997,72.2430309829982
Upper middle income,1997,43.5350822847878
Uruguay,1997,85.3902411153011
United States,1997,45.2982653052312
Uzbekistan,1997,64.9670897978373
St. Vincent and the Grenadines,1997,20.6666666666667
"Venezuela, RB",1997,24.5292216994501
British Virgin Islands,1997,53.3333333333333
Virgin Islands (U.S.),1997,22.8571428571429
Viet Nam,1997,24.0990506620787
Vanuatu,1997,13.7817883511075
World,1997,37.0403054647926
Samoa,1997,18.0212014134276
Kosovo,1997,
"Yemen, Rep.",1997,44.926795083054
South Africa,1997,80.7400934802859
Zambia,1997,29.6035728218028
Zimbabwe,1997,36.5193488432209
Aruba,1998,11.1111111111111
Africa Eastern and Southern,1998,41.9281960944802
Afghanistan,1998,58.0592735691397
Africa Western and Central,1998,36.6803844997336
Angola,1998,35.7046603032004
Albania,1998,41.5693430656934
Andorra,1998,48.936170212766
Arab World,1998,35.6935803530812
United Arab Emirates,1998,5.60405519571952
Argentina,1998,46.8924138283839
Armenia,1998,46.6455918510713
American Samoa,1998,11.01
Antigua and Barbuda,1998,20.4545454545455
Australia,1998,60.3830883980058
Austria,1998,35.8688802714493
Azerbaijan,1998,56.3483849227362
Burundi,1998,74.493769470405
Belgium,1998,
Benin,1998,26.9671869457254
Burkina Faso,1998,40.0491856725146
Bangladesh,1998,72.4744564799877
Bulgaria,1998,51.0259423302901
Bahrain,1998,14.0845070422535
"Bahamas, The",1998,0.999000999000999
Bosnia and Herzegovina,1998,42.1875
Belarus,1998,45.8859433315749
Belize,1998,6.48838228846997
Bermuda,1998,7.40740740740741
Bolivia,1998,34.1382811778824
Brazil,1998,27.2926871289545
Barbados,1998,44.1860465116279
Brunei Darussalam,1998,2.27703984819734
Bhutan,1998,14.3718592964824
Botswana,1998,45.5790235209006
Central African Republic,1998,7.97617901056214
Canada,1998,6.83044841443787
Central Europe and the Baltics,1998,54.7588429965965
Switzerland,1998,39.7749239557872
Channel Islands,1998,40.4040404040404
Chile,1998,20.4685205209729
China,1998,55.694470629714
Cote d'Ivoire,1998,61.6021855345912
Cameroon,1998,19.3776311057519
"Congo, Dem. Rep.",1998,11.3363181226704
"Congo, Rep.",1998,30.8508843338214
Colombia,1998,41.0482199188824
Comoros,1998,67.7055346587856
Cabo Verde,1998,17.8660049627792
Costa Rica,1998,37.5048962005484
Caribbean small states,1998,2.79648278321294
Cuba,1998,62.1415270018622
Curacao,1998,
Cayman Islands,1998,11.25
Cyprus,1998,15.6060606060606
Czechia,1998,55.441956774945
Germany,1998,49.776517105037
Djibouti,1998,64.7799827437446
Dominica,1998,22.6666666666667
Denmark,1998,66.8
Dominican Republic,1998,52.5322562616436
Algeria,1998,16.7213885646628
East Asia & Pacific (excluding high income),1998,48.0256785075421
Early-demographic dividend,1998,40.2185595575371
East Asia & Pacific,1998,51.2296097930102
Europe & Central Asia (excluding high income),1998,69.0817930745847
Europe & Central Asia,1998,30.1730457338635
Ecuador,1998,32.3200193267837
"Egypt, Arab Rep.",1998,3.27451906173088
Euro area,1998,47.7052291981249
Eritrea,1998,73.9306930693069
Spain,1998,59.9831811629025
Estonia,1998,24.6048596367068
Ethiopia,1998,30.449
European Union,1998,46.3634584593354
Finland,1998,7.19655930923537
Fiji,1998,20.9852216748768
France,1998,55.6266815103442
Faroe Islands,1998,69.1210601719198
"Micronesia, Fed. Sts.",1998,7.85714285714286
Gabon,1998,7.97405984398649
United Kingdom,1998,72.4093746124912
Georgia,1998,43.8192545690027
Ghana,1998,57.0678153291729
Gibraltar,1998,
Guinea,1998,57.2425158717239
"Gambia, The",1998,56.0276679841897
Guinea-Bissau,1998,22.9811522048364
Equatorial Guinea,1998,3.66666666666667
Greece,1998,68.1303335919317
Grenada,1998,32.3529411764706
Greenland,1998,0.582775003045438
Guatemala,1998,43.2704367301232
Guam,1998,37.037037037037
Guyana,1998,3.62852730505461
High income,1998,30.5781475929959
"Hong Kong SAR, China",1998,6.66666666666667
Honduras,1998,30.3423004736795
Heavily indebted poor countries (HIPC),1998,35.0831407734426
Croatia,1998,36.6302986943302
Haiti,1998,61.3207547169811
Hungary,1998,68.9643652561247
IBRD only,1998,36.5399401519132
IDA & IBRD total,1998,36.643382382037
IDA total,1998,36.9662249787132
IDA blend,1998,43.5300435641563
Indonesia,1998,23.8014539874253
IDA only,1998,35.1578055231432
Isle of Man,1998,75.4385964912281
India,1998,60.8349954089715
Not classified,1998,
Ireland,1998,63.4269124691537
"Iran, Islamic Rep.",1998,39.7768854834353
Iraq,1998,19.751926286668
Iceland,1998,18.8628428927681
Israel,1998,25.9704251386322
Italy,1998,52.6469688211894
Jamaica,1998,44.6906740535549
Jordan,1998,12.0806890299184
Japan,1998,14.7489711934156
Kazakhstan,1998,79.760640071119
Kenya,1998,46.5637106862986
Kyrgyz Republic,1998,55.7351407716371
Cambodia,1998,26.2293224563789
Kiribati,1998,41.9753086419753
St. Kitts and Nevis,1998,34.6153846153846
"Korea, Rep.",1998,20.4126062616629
Kuwait,1998,8.02469135802469
Latin America & Caribbean (excluding high income),1998,34.0674066823422
Lao PDR,1998,7.6473136915078
Lebanon,1998,61.1925708699902
Liberia,1998,13.5666694352159
Libya,1998,8.78070404764882
St. Lucia,1998,25.4098360655738
Latin America & Caribbean,1998,33.6764902853849
Least developed countries: UN classification,1998,34.6912172478878
Low income,1998,35.2906003629101
Liechtenstein,1998,43.75
Sri Lanka,1998,37.1392122468506
Lower middle income,1998,41.243873093073
Low & middle income,1998,41.6943386844761
Lesotho,1998,76.7127799736495
Late-demographic dividend,1998,34.8080840087156
Lithuania,1998,54.6426292278239
Luxembourg,1998,
Latvia,1998,28.1067703729892
"Macao SAR, China",1998,
St. Martin (French part),1998,
Morocco,1998,69.4062289939503
Monaco,1998,
Moldova,1998,77.6663628076573
Madagascar,1998,66.1863328403893
Maldives,1998,26.6666666666667
"Middle East, North Africa, Afghanistan & Pakistan",1998,36.1374614367842
Mexico,1998,54.6953368142185
Marshall Islands,1998,47.2222222222222
Middle income,1998,42.9161078912521
North Macedonia,1998,50.7668108533229
Mali,1998,30.855850318393
Malta,1998,28.125
Myanmar,1998,16.0862380267466
"Middle East, North Africa, Afghanistan & Pakistan (excluding high income)",1998,28.6164484630552
Montenegro,1998,
Mongolia,1998,83.4488606851747
Northern Mariana Islands,1998,6.52173913043478
Mozambique,1998,47.0663038225794
Mauritania,1998,38.5272145144077
Mauritius,1998,49.5965024630542
Malawi,1998,48.5787017394994
Malaysia,1998,21.137422005783
North America,1998,26.2531197923
Namibia,1998,47.1522792697591
New Caledonia,1998,13.1291028446389
Niger,1998,28.4203047288229
Nigeria,1998,71.59985506769
Nicaragua,1998,40.8259930197773
Netherlands,1998,56.7476303317535
Norway,1998,2.86657686368565
Nepal,1998,29.5482517482517
Nauru,1998,20.0
New Zealand,1998,48.0612194751434
OECD members,1998,38.1197641901075
Oman,1998,3.46042003231018
Other small states,1998,26.9981462201731
Pakistan,1998,47.6857617268576
Panama,1998,28.9077212806026
Peru,1998,17.75665421875
Philippines,1998,37.8475366401717
Palau,1998,9.34782608695652
Papua New Guinea,1998,2.34951199046063
Poland,1998,60.2141761076104
Pre-demographic dividend,1998,37.2168331864331
Puerto Rico (US),1998,30.7215332581736
"Korea, Dem. People's Rep.",1998,20.9708495972095
Portugal,1998,40.6830601092896
Paraguay,1998,40.7082101686383
West Bank and Gaza,1998,78.0892857142857
Pacific island small states,1998,11.9330218068536
Post-demographic dividend,1998,37.6898861022332
French Polynesia,1998,9.22513661202186
Qatar,1998,5.68475452196382
Romania,1998,64.2318916329108
Russian Federation,1998,13.2643318906314
Rwanda,1998,67.7340899878395
South Asia,1998,58.9526360262393
Saudi Arabia,1998,77.5802751559527
Sudan,1998,
Senegal,1998,43.5776242663481
Singapore,1998,1.7910447761194
Solomon Islands,1998,2.64380135762772
Sierra Leone,1998,38.9165973954004
El Salvador,1998,61.2837837837838
San Marino,1998,16.6666666666667
"Somalia, Fed. Rep.",1998,70.2442056938821
Serbia,1998,
Sub-Saharan Africa (excluding high income),1998,39.6940538058337
South Sudan,1998,
Sub-Saharan Africa,1998,39.6933825096483
Small states,1998,12.3595747014399
Sao Tome and Principe,1998,32.2916666666667
Suriname,1998,0.548260608951812
Slovak Republic,1998,50.7900207900208
Slovenia,1998,24.3296921549156
Sweden,1998,7.93195458237928
Eswatini,1998,71.1046511627907
Sint Maarten (Dutch part),1998,
Seychelles,1998,8.69565217391304
Syrian Arab Republic,1998,74.8394819893351
Turks and Caicos Islands,1998,1.05263157894737
Chad,1998,38.6197585768742
East Asia & Pacific (IDA & IBRD countries),1998,48.2306581464664
Europe & Central Asia (IDA & IBRD countries),1998,28.7849627568436
Togo,1998,61.5922044493473
Thailand,1998,42.4925130654348
Tajikistan,1998,32.4878536724779
Turkmenistan,1998,75.5431660034473
Latin America & the Caribbean (IDA & IBRD countries),1998,33.5428181481753
Timor-Leste,1998,22.9320780094149
"Middle East, North Africa, Afghanistan & Pakistan (IDA & IBRD)",1998,28.5868464759572
Tonga,1998,43.0555555555556
South Asia (IDA & IBRD),1998,58.9526360262393
Sub-Saharan Africa (IDA & IBRD countries),1998,39.6933825096483
Trinidad and Tobago,1998,12.8654970760234
Tunisia,1998,60.6333676622039
Turkiye,1998,51.8677806218572
Tuvalu,1998,66.6666666666667
Tanzania,1998,38.1575976518401
Uganda,1998,61.2682047945548
Ukraine,1998,71.8235954086476
Upper middle income,1998,43.6286442933653
Uruguay,1998,85.4188092789395
United States,1998,45.2658380427472
Uzbekistan,1998,64.2548189938881
St. Vincent and the Grenadines,1998,19.7435897435897
"Venezuela, RB",1998,24.5292216994501
British Virgin Islands,1998,53.3333333333333
Virgin Islands (U.S.),1998,22.8571428571429
Viet Nam,1998,24.747304064641
Vanuatu,1998,14.109926168991
World,1998,37.1513673045042
Samoa,1998,18.0212014134276
Kosovo,1998,
"Yemen, Rep.",1998,44.8510332026441
South Africa,1998,80.7755401495355
Zambia,1998,29.828219373411
Zimbabwe,1998,36.9859591572961
Aruba,1999,11.1111111111111
Africa Eastern and Southern,1999,42.1423177239746
Afghanistan,1999,57.8998206154271
Africa Western and Central,1999,36.9334894392744
Angola,1999,35.7479746530841
Albania,1999,41.7883211678832
Andorra,1999,48.936170212766
Arab World,1999,36.3105830030018
United Arab Emirates,1999,7.2655589974655
Argentina,1999,46.9223770321081
Armenia,1999,46.4699683877766
American Samoa,1999,11.18
Antigua and Barbuda,1999,20.4545454545455
Australia,1999,59.056923056897
Austria,1999,35.811924381968
Azerbaijan,1999,56.7365939181428
Burundi,1999,73.481308411215
Belgium,1999,
Benin,1999,27.5451933309684
Burkina Faso,1999,40.5090924707602
Bangladesh,1999,72.873934086195
Bulgaria,1999,51.3332730724035
Bahrain,1999,14.0845070422535
"Bahamas, The",1999,0.999000999000999
Bosnia and Herzegovina,1999,41.11328125
Belarus,1999,45.7564029876501
Belize,1999,6.57606313020605
Bermuda,1999,7.40740740740741
Bolivia,1999,34.218591341272
Brazil,1999,27.3050941955985
Barbados,1999,41.8604651162791
Brunei Darussalam,1999,2.27703984819734
Bhutan,1999,14.3718592964824
Botswana,1999,45.5966686076262
Central African Republic,1999,7.97521589778163
Canada,1999,6.83312531579071
Central Europe and the Baltics,1999,54.705860527747
Switzerland,1999,39.6937644213253
Channel Islands,1999,39.8989898989899
Chile,1999,20.2546763286583
China,1999,55.6944972588017
Cote d'Ivoire,1999,61.8879308176101
Cameroon,1999,19.3776311057519
"Congo, Dem. Rep.",1999,11.2922079354227
"Congo, Rep.",1999,30.8745680819912
Colombia,1999,41.1608832807571
Comoros,1999,68.2428801719506
Cabo Verde,1999,17.8660049627792
Costa Rica,1999,36.9761065413239
Caribbean small states,1999,2.81038395307166
Cuba,1999,62.0111731843575
Curacao,1999,
Cayman Islands,1999,11.25
Cyprus,1999,15.6060606060606
Czechia,1999,55.4160735084768
Germany,1999,49.1489483638031
Djibouti,1999,66.9370146678171
Dominica,1999,25.3333333333333
Denmark,1999,66.1
Dominican Republic,1999,52.2648871869178
Algeria,1999,16.6815017592181
East Asia & Pacific (excluding high income),1999,48.1939359412055
Early-demographic dividend,1999,40.4971037486049
East Asia & Pacific,1999,50.9124335833578
Europe & Central Asia (excluding high income),1999,69.0762396052586
Europe & Central Asia,1999,30.1279979487307
Ecuador,1999,32.5132871637945
"Egypt, Arab Rep.",1999,3.49892008639309
Euro area,1999,47.6673621622123
Eritrea,1999,73.9306930693069
Spain,1999,59.6227775108121
Estonia,1999,23.6140599197924
Ethiopia,1999,30.557
European Union,1999,46.3243371502063
Finland,1999,7.22742046685709
Fiji,1999,20.6677613574165
France,1999,55.5322386121161
Faroe Islands,1999,69.1210601719198
"Micronesia, Fed. Sts.",1999,7.85714285714286
Gabon,1999,7.99797415298638
United Kingdom,1999,71.1734799322118
Georgia,1999,43.157288818535
Ghana,1999,57.394525797662
Gibraltar,1999,
Guinea,1999,57.223083184112
"Gambia, The",1999,56.0276679841897
Guinea-Bissau,1999,23.2814722617354
Equatorial Guinea,1999,3.66666666666667
Greece,1999,67.2614429790535
Grenada,1999,35.2941176470588
Greenland,1999,0.583505908149592
Guatemala,1999,43.8530235162374
Guam,1999,37.037037037037
Guyana,1999,3.62852730505461
High income,1999,30.4757985062713
"Hong Kong SAR, China",1999,6.66666666666667
Honduras,1999,29.82393422111
Heavily indebted poor countries (HIPC),1999,35.3033357174931
Croatia,1999,36.3441244857807
Haiti,1999,61.3207547169811
Hungary,1999,68.8864142538976
IBRD only,1999,36.5592952816675
IDA & IBRD total,1999,36.7118045948239
IDA total,1999,37.1878312959434
IDA blend,1999,43.7490122854932
Indonesia,1999,24.3534613622438
IDA only,1999,35.3801385331769
Isle of Man,1999,76.140350877193
India,1999,60.8844372542623
Not classified,1999,
Ireland,1999,63.6278124546378
"Iran, Islamic Rep.",1999,39.1015250865689
Iraq,1999,19.3888469716716
Iceland,1999,18.8428927680798
Israel,1999,25.8317929759704
Italy,1999,53.7179966679134
Jamaica,1999,44.5060018467221
Jordan,1999,12.0920217588395
Japan,1999,14.5980795610425
Kazakhstan,1999,79.6663703374449
Kenya,1999,47.3126494359911
Kyrgyz Republic,1999,55.9228362877998
Cambodia,1999,26.2859732608203
Kiribati,1999,41.9753086419753
St. Kitts and Nevis,1999,38.4615384615385
"Korea, Rep.",1999,20.2571013891769
Kuwait,1999,8.08080808080808
Latin America & Caribbean (excluding high income),1999,34.1155839735238
Lao PDR,1999,7.68197573656846
Lebanon,1999,56.9403714565005
Liberia,1999,13.8781146179402
Libya,1999,8.78070404764882
St. Lucia,1999,25.2459016393443
Latin America & Caribbean,1999,33.7122625670325
Least developed countries: UN classification,1999,34.904783941494
Low income,1999,35.4927501609012
Liechtenstein,1999,43.75
Sri Lanka,1999,37.3943549673098
Lower middle income,1999,41.3940975565807
Low & middle income,1999,41.7906545625999
Lesotho,1999,76.7127799736495
Late-demographic dividend,1999,34.8174033090803
Lithuania,1999,55.7753669432036
Luxembourg,1999,
Latvia,1999,25.9855046844617
"Macao SAR, China",1999,
St. Martin (French part),1999,
Morocco,1999,68.7721263723952
Monaco,1999,
Moldova,1999,77.7203647416413
Madagascar,1999,67.9231007325377
Maldives,1999,26.6666666666667
"Middle East, North Africa, Afghanistan & Pakistan",1999,36.5896812091679
Mexico,1999,54.6958512307415
Marshall Islands,1999,47.2222222222222
Middle income,1999,42.9922391602253
North Macedonia,1999,50.4128981517892
Mali,1999,30.855850318393
Malta,1999,28.125
Myanmar,1999,16.2331303363222
"Middle East, North Africa, Afghanistan & Pakistan (excluding high income)",1999,28.4744587341873
Montenegro,1999,
Mongolia,1999,84.1920241906416
Northern Mariana Islands,1999,6.52173913043478
Mozambique,1999,47.344795137211
Mauritania,1999,38.5272145144077
Mauritius,1999,48.4854679802956
Malawi,1999,49.6393720831566
Malaysia,1999,21.1447268300107
North America,1999,26.2157672520735
Namibia,1999,47.1522792697591
New Caledonia,1999,13.2932166301969
Niger,1999,29.2097576379569
Nigeria,1999,71.7634529024891
Nicaragua,1999,41.6985208575702
Netherlands,1999,58.4300947867299
Norway,1999,2.84193580182015
Nepal,1999,29.6265734265734
Nauru,1999,20.0
New Zealand,1999,47.4624773081159
OECD members,1999,37.8013568067284
Oman,1999,3.46042003231018
Other small states,1999,27.0162401180683
Pakistan,1999,47.6805728518057
Panama,1999,29.0153349475383
Peru,1999,17.830622421875
Philippines,1999,37.6798470671094
Palau,1999,9.34782608695652
Papua New Guinea,1999,2.38705118579693
Poland,1999,60.188057070097
Pre-demographic dividend,1999,37.4375338268306
Puerto Rico (US),1999,29.3010146561443
"Korea, Dem. People's Rep.",1999,20.9834980483349
Portugal,1999,42.2185792349727
Paraguay,1999,41.3510095645608
West Bank and Gaza,1999,74.3521262458472
Pacific island small states,1999,11.886292834891
Post-demographic dividend,1999,37.3168673465231
French Polynesia,1999,9.15092896174863
Qatar,1999,5.68475452196382
Romania,1999,64.3771777003484
Russian Federation,1999,13.2281702241387
Rwanda,1999,69.5987028779895
South Asia,1999,59.0201751478725
Saudi Arabia,1999,80.8522392065833
Sudan,1999,
Senegal,1999,47.3276891912949
Singapore,1999,1.7910447761194
Solomon Islands,1999,2.71525544837442
Sierra Leone,1999,38.8473261291216
El Salvador,1999,62.5337837837838
San Marino,1999,16.6666666666667
"Somalia, Fed. Rep.",1999,70.2442056938821
Serbia,1999,
Sub-Saharan Africa (excluding high income),1999,39.9247817197843
South Sudan,1999,
Sub-Saharan Africa,1999,39.9241054269939
Small states,1999,12.3696231378387
Sao Tome and Principe,1999,36.4583333333333
Suriname,1999,0.548260608951812
Slovak Republic,1999,50.7900207900208
Slovenia,1999,24.8262164846077
Sweden,1999,7.84112130489613
Eswatini,1999,71.1046511627907
Sint Maarten (Dutch part),1999,
Seychelles,1999,8.69565217391304
Syrian Arab Republic,1999,74.9102187397976
Turks and Caicos Islands,1999,1.05263157894737
Chad,1999,38.6197585768742
East Asia & Pacific (IDA & IBRD countries),1999,48.4000961130688
Europe & Central Asia (IDA & IBRD countries),1999,28.7539946013351
Togo,1999,61.9599191027763
Thailand,1999,42.6745483372154
Tajikistan,1999,32.6378965418691
Turkmenistan,1999,75.6282850637329
Latin America & the Caribbean (IDA & IBRD countries),1999,33.5802564238447
Timor-Leste,1999,22.6630800268998
"Middle East, North Africa, Afghanistan & Pakistan (IDA & IBRD)",1999,28.4470079107209
Tonga,1999,43.0555555555556
South Asia (IDA & IBRD),1999,59.0201751478725
Sub-Saharan Africa (IDA & IBRD countries),1999,39.9241054269939
Trinidad and Tobago,1999,13.0604288499025
Tunisia,1999,61.3156539649845
Turkiye,1999,52.3654223458025
Tuvalu,1999,66.6666666666667
Tanzania,1999,38.2704899525852
Uganda,1999,61.3682998848906
Ukraine,1999,71.5508759817036
Upper middle income,1999,43.6732105945045
Uruguay,1999,85.4416638098503
United States,1999,45.1893009686689
Uzbekistan,1999,64.2477668077104
St. Vincent and the Grenadines,1999,18.8205128205128
"Venezuela, RB",1999,24.5258205317159
British Virgin Islands,1999,46.6666666666667
Virgin Islands (U.S.),1999,20.0
Viet Nam,1999,25.8471842452917
Vanuatu,1999,14.1919606234619
World,1999,37.1661005611992
Samoa,1999,17.9505300353357
Kosovo,1999,
"Yemen, Rep.",1999,44.8283046385211
South Africa,1999,80.8332440297092
Zambia,1999,30.0703533811324
Zimbabwe,1999,37.9975876954892
Aruba,2000,11.1111111111111
Africa Eastern and Southern,2000,42.3294750545914
Afghanistan,2000,57.9458166597673
Africa Western and Central,2000,37.054583839094
Angola,2000,35.7126814791048
Albania,2000,41.7518248175182
Andorra,2000,48.936170212766
Arab World,2000,36.3335301956819
United Arab Emirates,2000,7.70205575894114
Argentina,2000,46.9581867146078
Armenia,2000,46.4699683877766
American Samoa,2000,11.35
Antigua and Barbuda,2000,20.4545454545455
Australia,2000,59.2881038230738
Austria,2000,35.630150266602
Azerbaijan,2000,57.3863567580655
Burundi,2000,72.702492211838
Belgium,2000,45.8114924339828
Benin,2000,28.3068109258602
Burkina Faso,2000,40.9763088450292
Bangladesh,2000,72.2132595836214
Bulgaria,2000,50.4564765434331
Bahrain,2000,13.943661971831
"Bahamas, The",2000,1.0989010989011
Bosnia and Herzegovina,2000,41.6015625
Belarus,2000,45.6105063890204
Belize,2000,6.53222270933801
Bermuda,2000,7.40740740740741
Bolivia,2000,34.2869011354195
Brazil,2000,27.3175012622426
Barbados,2000,41.8604651162791
Brunei Darussalam,2000,2.27703984819734
Bhutan,2000,14.5226130653266
Botswana,2000,45.7907645616078
Central African Republic,2000,7.98003146168416
Canada,2000,6.83580221714355
Central Europe and the Baltics,2000,53.4901884125256
Switzerland,2000,39.6172730401124
Channel Islands,2000,39.8989898989899
Chile,2000,20.3219229300151
China,2000,55.694583211727
Cote d'Ivoire,2000,62.124572327044
Cameroon,2000,19.3776311057519
"Congo, Dem. Rep.",2000,11.2922079354227
"Congo, Rep.",2000,30.8636661786237
Colombia,2000,40.4317260027039
Comoros,2000,68.7802256851155
Cabo Verde,2000,17.8660049627792
Costa Rica,2000,36.036036036036
Caribbean small states,2000,2.81279282005079
Cuba,2000,61.024208566108
Curacao,2000,
Cayman Islands,2000,11.25
Cyprus,2000,15.3138528138528
Czechia,2000,55.3901902420085
Germany,2000,48.9124516406362
Djibouti,2000,69.0940465918896
Dominica,2000,28.0
Denmark,2000,66.175
Dominican Republic,2000,52.0596149865452
Algeria,2000,16.8032614811021
East Asia & Pacific (excluding high income),2000,48.1328629618202
Early-demographic dividend,2000,40.4291059879349
East Asia & Pacific,2000,50.9314997838925
Europe & Central Asia (excluding high income),2000,69.0176173626895
Europe & Central Asia,2000,30.0878688408355
Ecuador,2000,32.477049444355
"Egypt, Arab Rep.",2000,3.30604249334472
Euro area,2000,47.1031219319908
Eritrea,2000,74.5544554455445
Spain,2000,59.6513026052104
Estonia,2000,23.2602028780373
Ethiopia,2000,30.534
European Union,2000,45.810522608676
Finland,2000,7.2819199579763
Fiji,2000,20.3503010399562
France,2000,55.3064291678263
Faroe Islands,2000,69.1210601719198
"Micronesia, Fed. Sts.",2000,7.85714285714286
Gabon,2000,8.02188846198626
United Kingdom,2000,70.1194560410036
Georgia,2000,43.1716793783278
Ghana,2000,56.1023121209458
Gibraltar,2000,
Guinea,2000,57.2361102067394
"Gambia, The",2000,50.0
Guinea-Bissau,2000,23.5817923186344
Equatorial Guinea,2000,3.66666666666667
Greece,2000,66.1675717610551
Grenada,2000,35.2941176470588
Greenland,2000,0.584236813253746
Guatemala,2000,44.4356103023516
Guam,2000,37.037037037037
Guyana,2000,3.63360731521463
High income,2000,30.4960930290269
"Hong Kong SAR, China",2000,6.66666666666667
Honduras,2000,26.2311198498525
Heavily indebted poor countries (HIPC),2000,35.4580921047596
Croatia,2000,20.9078552010302
Haiti,2000,61.3207547169811
Hungary,2000,65.32024101763
IBRD only,2000,36.5403730074958
IDA & IBRD total,2000,36.7276113001694
IDA total,2000,37.3121224021763
IDA blend,2000,43.7323178880361
Indonesia,2000,23.7643400679301
IDA only,2000,35.5394846880774
Isle of Man,2000,76.8421052631579
India,2000,60.8689656564162
Not classified,2000,
Ireland,2000,63.814196545217
"Iran, Islamic Rep.",2000,38.6085119968565
Iraq,2000,19.4233715161076
Iceland,2000,18.8428927680798
Israel,2000,26.1552680221811
Italy,2000,52.8780797922345
Jamaica,2000,44.2289935364728
Jordan,2000,12.1146872166818
Japan,2000,14.4252400548697
Kazakhstan,2000,79.7841612030966
Kenya,2000,46.9669541764768
Kyrgyz Republic,2000,55.8602711157456
Cambodia,2000,27.0224337185588
Kiribati,2000,41.9753086419753
St. Kitts and Nevis,2000,36.5384615384615
"Korea, Rep.",2000,20.4540742276591
Kuwait,2000,8.30527497194164
Latin America & Caribbean (excluding high income),2000,34.0846945249975
Lao PDR,2000,7.82495667244367
Lebanon,2000,58.1622678396872
Liberia,2000,14.1934821428571
Libya,2000,8.78070404764882
St. Lucia,2000,23.2786885245902
Latin America & Caribbean,2000,33.6867087552386
Least developed countries: UN classification,2000,35.0971577815532
Low income,2000,35.7215586282497
Liechtenstein,2000,43.75
Sri Lanka,2000,37.4740870674534
Lower middle income,2000,41.3850676623413
Low & middle income,2000,41.807553170095
Lesotho,2000,76.8774703557312
Late-demographic dividend,2000,34.8513104450906
Lithuania,2000,54.5309508615188
Luxembourg,2000,49.7191644072932
Latvia,2000,25.5194690407701
"Macao SAR, China",2000,
St. Martin (French part),2000,
Morocco,2000,68.6802599148555
Monaco,2000,
Moldova,2000,77.3722627737226
Madagascar,2000,69.6426729029817
Maldives,2000,30.0
"Middle East, North Africa, Afghanistan & Pakistan",2000,36.5448427035044
Mexico,2000,54.6979088968338
Marshall Islands,2000,47.2222222222222
Middle income,2000,42.9675618716003
North Macedonia,2000,48.5646873771136
Mali,2000,31.687687983019
Malta,2000,28.125
Myanmar,2000,16.5437463659455
"Middle East, North Africa, Afghanistan & Pakistan (excluding high income)",2000,28.4045488102274
Montenegro,2000,
Mongolia,2000,84.3135152680571
Northern Mariana Islands,2000,6.52173913043478
Mozambique,2000,47.6232864518426
Mauritania,2000,38.5272145144077
Mauritius,2000,49.1038916256158
Malawi,2000,50.1697072549852
Malaysia,2000,21.1191599452138
North America,2000,26.2410547826503
Namibia,2000,47.1522792697591
New Caledonia,2000,13.4026258205689
Niger,2000,29.2097576379569
Nigeria,2000,71.9259527652426
Nicaragua,2000,42.7206248961276
Netherlands,2000,58.0450236966825
Norway,2000,2.85288738487148
Nepal,2000,29.6414370422044
Nauru,2000,20.0
New Zealand,2000,46.863819832137
OECD members,2000,37.8085989067466
Oman,2000,3.78998384491115
Other small states,2000,27.1785284168697
Pakistan,2000,47.6053341635533
Panama,2000,29.9973096583266
Peru,2000,17.904590703125
Philippines,2000,37.6764932756481
Palau,2000,9.34782608695652
Papua New Guinea,2000,2.40250850152365
Poland,2000,60.1162297169349
Pre-demographic dividend,2000,37.6074296071701
Puerto Rico (US),2000,27.869222096956
"Korea, Dem. People's Rep.",2000,21.0047338260942
Portugal,2000,43.2391256830601
Paraguay,2000,41.8709622451548
West Bank and Gaza,2000,77.7762624584718
Pacific island small states,2000,11.7679127725857
Post-demographic dividend,2000,37.3115251914942
French Polynesia,2000,9.57095937770095
Qatar,2000,5.68475452196382
Romania,2000,64.6772016890862
Russian Federation,2000,13.2566688683588
Rwanda,2000,74.0170247263883
South Asia,2000,58.9819138264587
Saudi Arabia,2000,80.8488472291354
Sudan,2000,
Senegal,2000,46.8861995533164
Singapore,2000,1.7910447761194
Solomon Islands,2000,2.71525544837442
Sierra Leone,2000,38.9304516486561
El Salvador,2000,62.0994208494209
San Marino,2000,16.6666666666667
"Somalia, Fed. Rep.",2000,70.2442056938821
Serbia,2000,
Sub-Saharan Africa (excluding high income),2000,40.0838091795506
South Sudan,2000,
Sub-Saharan Africa,2000,40.0831294428882
Small states,2000,12.4191651322705
Sao Tome and Principe,2000,37.5
Suriname,2000,0.548260608951812
Slovak Republic,2000,50.7276507276507
Slovenia,2000,25.7199602780536
Sweden,2000,7.30127704223281
Eswatini,2000,71.1046511627907
Sint Maarten (Dutch part),2000,
Seychelles,2000,8.69565217391304
Syrian Arab Republic,2000,74.6055065839591
Turks and Caicos Islands,2000,1.05263157894737
Chad,2000,38.6197585768742
East Asia & Pacific (IDA & IBRD countries),2000,48.3377300996172
Europe & Central Asia (IDA & IBRD countries),2000,28.7430833872858
Togo,2000,62.5114910829197
Thailand,2000,42.8565836089961
Tajikistan,2000,32.6736210345813
Turkmenistan,2000,75.5431660034473
Latin America & the Caribbean (IDA & IBRD countries),2000,33.5604472654701
Timor-Leste,2000,22.6630800268998
"Middle East, North Africa, Afghanistan & Pakistan (IDA & IBRD)",2000,28.3750073302634
Tonga,2000,41.6666666666667
South Asia (IDA & IBRD),2000,58.9819138264587
Sub-Saharan Africa (IDA & IBRD countries),2000,40.0831294428882
Trinidad and Tobago,2000,13.0604288499025
Tunisia,2000,61.476570545829
Turkiye,2000,52.5954029858503
Tuvalu,2000,66.6666666666667
Tanzania,2000,38.3833822533303
Uganda,2000,62.6194885140884
Ukraine,2000,71.4697505825494
Upper middle income,2000,43.6414734878341
Uruguay,2000,85.4645183407611
United States,2000,45.2305848555761
Uzbekistan,2000,62.6839310495109
St. Vincent and the Grenadines,2000,17.9487179487179
"Venezuela, RB",2000,24.5280879768721
British Virgin Islands,2000,46.6666666666667
Virgin Islands (U.S.),2000,20.0
Viet Nam,2000,28.2260657107953
Vanuatu,2000,14.3560295324036
World,2000,37.1850969004466
Samoa,2000,16.9611307420495
Kosovo,2000,
"Yemen, Rep.",2000,44.8301986855314
South Africa,2000,80.888474886447
Zambia,2000,30.3017258773995
Zimbabwe,2000,39.0780881478609
Aruba,2001,11.1111111111111
Africa Eastern and Southern,2001,42.3911276441992
Afghanistan,2001,57.9473498612453
Africa Western and Central,2001,37.237263320576
Angola,2001,35.6260527793374
Albania,2001,41.5693430656934
Andorra,2001,48.4042553191489
Arab World,2001,36.3136016499946
United Arab Emirates,2001,7.91326386933258
Argentina,2001,46.9932655872605
Armenia,2001,46.6455918510713
American Samoa,2001,11.5
Antigua and Barbuda,2001,20.4545454545455
Australia,2001,59.3181729429988
Austria,2001,35.3380998545807
Azerbaijan,2001,57.4500024211903
Burundi,2001,72.0794392523365
Belgium,2001,45.7191837272937
Benin,2001,28.9067843206811
Burkina Faso,2001,41.4508355263158
Bangladesh,2001,72.2363063685949
Bulgaria,2001,49.6971888276236
Bahrain,2001,13.7887323943662
"Bahamas, The",2001,1.0989010989011
Bosnia and Herzegovina,2001,41.5234375
Belarus,2001,45.0000985979373
Belize,2001,6.53222270933801
Bermuda,2001,7.40740740740741
Bolivia,2001,34.2989015046617
Brazil,2001,27.3299083288866
Barbados,2001,41.8604651162791
Brunei Darussalam,2001,2.46679316888046
Bhutan,2001,14.5477386934673
Botswana,2001,45.5260882607238
Central African Republic,2001,7.97874731131015
Canada,2001,6.83816244106634
Central Europe and the Baltics,2001,52.0711440773452
Switzerland,2001,39.5407713506987
Channel Islands,2001,37.8787878787879
Chile,2001,20.3757202111005
China,2001,55.7578718644915
Cote d'Ivoire,2001,60.5841698113208
Cameroon,2001,19.3776311057519
"Congo, Dem. Rep.",2001,11.2701528417988
"Congo, Rep.",2001,30.8649897510981
Colombia,2001,37.6250563316809
Comoros,2001,69.8549167114455
Cabo Verde,2001,18.3622828784119
Costa Rica,2001,35.8989424206815
Caribbean small states,2001,2.79899201964953
Cuba,2001,61.9739292364991
Curacao,2001,
Cayman Islands,2001,11.25
Cyprus,2001,15.1515151515152
Czechia,2001,55.3643069755403
Germany,2001,48.8220120378332
Djibouti,2001,72.5452976704055
Dominica,2001,29.3333333333333
Denmark,2001,66.9
Dominican Republic,2001,52.0596149865452
Algeria,2001,16.8402092587772
East Asia & Pacific (excluding high income),2001,48.2653339252351
Early-demographic dividend,2001,40.5165341128847
East Asia & Pacific,2001,51.0175612535197
Europe & Central Asia (excluding high income),2001,68.932468041964
Europe & Central Asia,2001,29.9790993584753
Ecuador,2001,31.3456273151876
"Egypt, Arab Rep.",2001,3.35325732080968
Euro area,2001,46.5330575976943
Eritrea,2001,74.5742574257426
Spain,2001,59.2152772205729
Estonia,2001,20.9955178108044
Ethiopia,2001,30.559
European Union,2001,45.2627355034638
Finland,2001,7.2950523654749
Fiji,2001,20.0328407224959
France,2001,55.1318304109843
Faroe Islands,2001,69.1210601719198
"Micronesia, Fed. Sts.",2001,7.85714285714286
Gabon,2001,8.0415221019133
United Kingdom,2001,70.0739883437358
Georgia,2001,43.2148510577061
Ghana,2001,56.6846743429727
Gibraltar,2001,
Guinea,2001,57.2297574475012
"Gambia, The",2001,47.8260869565217
Guinea-Bissau,2001,23.8821123755334
Equatorial Guinea,2001,3.66666666666667
Greece,2001,65.4615981380915
Grenada,2001,38.2352941176471
Greenland,2001,0.5849677183579
Guatemala,2001,45.0181970884658
Guam,2001,37.037037037037
Guyana,2001,3.64376733553467
High income,2001,30.459869247177
"Hong Kong SAR, China",2001,6.66666666666667
Honduras,2001,26.2400571990348
Heavily indebted poor countries (HIPC),2001,35.6045464425177
Croatia,2001,21.0688224352554
Haiti,2001,60.5950653120465
Hungary,2001,65.4429814773488
IBRD only,2001,36.5058243864242
IDA & IBRD total,2001,36.7382796696731
IDA total,2001,37.4639395899754
IDA blend,2001,43.7395634897096
Indonesia,2001,24.2026845001302
IDA only,2001,35.7312376816876
Isle of Man,2001,77.5438596491228
India,2001,60.7048321836142
Not classified,2001,
Ireland,2001,64.0150965307011
"Iran, Islamic Rep.",2001,39.1850241901815
Iraq,2001,19.4025653336992
Iceland,2001,18.8428927680798
Israel,2001,25.9242144177449
Italy,2001,52.4215637871215
Jamaica,2001,44.2289935364728
Jordan,2001,11.5820489573889
Japan,2001,14.3017832647462
Kazakhstan,2001,79.4479386598511
Kenya,2001,47.1571142425414
Kyrgyz Republic,2001,56.1835245046924
Cambodia,2001,27.7022433718559
Kiribati,2001,41.9753086419753
St. Kitts and Nevis,2001,35.7692307692308
"Korea, Rep.",2001,20.1054372544966
Kuwait,2001,8.47362514029181
Latin America & Caribbean (excluding high income),2001,33.9543977819272
Lao PDR,2001,7.97660311958406
Lebanon,2001,58.455522971652
Liberia,2001,14.5067794850498
Libya,2001,8.78070404764882
St. Lucia,2001,22.7868852459016
Latin America & Caribbean,2001,33.5661338907708
Least developed countries: UN classification,2001,35.2690935846645
Low income,2001,35.9560756381031
Liechtenstein,2001,43.125
Sri Lanka,2001,37.4900334874821
Lower middle income,2001,41.3718002318362
Low & middle income,2001,41.8352371697872
Lesotho,2001,76.8774703557312
Late-demographic dividend,2001,34.7543455317439
Lithuania,2001,46.2029355456286
Luxembourg,2001,49.7191644072932
Latvia,2001,25.4069776784997
"Macao SAR, China",2001,
St. Martin (French part),2001,
Morocco,2001,68.0483979386063
Monaco,2001,
Moldova,2001,77.220194647202
Madagascar,2001,70.232486157444
Maldives,2001,33.3333333333333
"Middle East, North Africa, Afghanistan & Pakistan",2001,36.6223244258998
Mexico,2001,54.8110805319067
Marshall Islands,2001,47.2222222222222
Middle income,2001,42.9558235002696
North Macedonia,2001,48.8399528116398
Mali,2001,32.2154746391955
Malta,2001,31.25
Myanmar,2001,16.7380726504881
"Middle East, North Africa, Afghanistan & Pakistan (excluding high income)",2001,28.5015579439856
Montenegro,2001,
Mongolia,2001,84.0934742475254
Northern Mariana Islands,2001,6.52173913043478
Mozambique,2001,47.9050662529566
Mauritania,2001,38.5272145144077
Mauritius,2001,50.2463054187192
Malawi,2001,51.2303775986423
Malaysia,2001,21.1444224623345
North America,2001,26.2722868224324
Namibia,2001,47.1522792697591
New Caledonia,2001,13.5667396061269
Niger,2001,29.9992105470909
Nigeria,2001,71.995169362188
Nicaragua,2001,43.0031577197939
Netherlands,2001,56.9520142180095
Norway,2001,2.86657686368565
Nepal,2001,29.7104987792117
Nauru,2001,20.0
New Zealand,2001,46.265167673085
OECD members,2001,37.6991999312829
Oman,2001,3.79192245557351
Other small states,2001,27.1534316473509
Pakistan,2001,47.9607721046077
Panama,2001,30.137207425343
Peru,2001,17.97855890625
Philippines,2001,37.5088037025858
Palau,2001,9.34782608695652
Papua New Guinea,2001,2.41354944132845
Poland,2001,58.0756799111953
Pre-demographic dividend,2001,37.7389694250137
Puerto Rico (US),2001,26.4599774520857
"Korea, Dem. People's Rep.",2001,21.0312266423055
Portugal,2001,42.1182513661202
Paraguay,2001,42.4943204127863
West Bank and Gaza,2001,77.2273920265781
Pacific island small states,2001,11.7196261682243
Post-demographic dividend,2001,37.2882778344395
French Polynesia,2001,9.4926822241429
Qatar,2001,5.71059431524548
Romania,2001,64.420356101171
Russian Federation,2001,13.2390216624218
Rwanda,2001,76.895014187272
South Asia,2001,58.8409682581385
Saudi Arabia,2001,80.8435945647977
Sudan,2001,
Senegal,2001,45.7019685243858
Singapore,2001,1.7910447761194
Solomon Islands,2001,2.75098249374777
Sierra Leone,2001,41.5838182321973
El Salvador,2001,61.6650579150579
San Marino,2001,16.6666666666667
"Somalia, Fed. Rep.",2001,70.2505818216597
Serbia,2001,
Sub-Saharan Africa (excluding high income),2001,40.1970042838518
South Sudan,2001,
Sub-Saharan Africa,2001,40.1963220958552
Small states,2001,12.3982244755252
Sao Tome and Principe,2001,37.5
Suriname,2001,0.535800140566544
Slovak Republic,2001,46.8814968814969
Slovenia,2001,25.3227408142999
Sweden,2001,7.49718232718294
Eswatini,2001,71.1627906976744
Sint Maarten (Dutch part),2001,
Seychelles,2001,8.69565217391304
Syrian Arab Republic,2001,74.6708020459245
Turks and Caicos Islands,2001,1.05263157894737
Chad,2001,38.6991740787802
East Asia & Pacific (IDA & IBRD countries),2001,48.4710016026402
Europe & Central Asia (IDA & IBRD countries),2001,28.6761998832569
Togo,2001,62.8792057363486
Thailand,2001,43.0386188807767
Tajikistan,2001,32.6736210345813
Turkmenistan,2001,75.5431660034473
Latin America & the Caribbean (IDA & IBRD countries),2001,33.4346033645736
Timor-Leste,2001,22.6361802286483
"Middle East, North Africa, Afghanistan & Pakistan (IDA & IBRD)",2001,28.472402924949
Tonga,2001,41.6666666666667
South Asia (IDA & IBRD),2001,58.8409682581385
Sub-Saharan Africa (IDA & IBRD countries),2001,40.1963220958552
Trinidad and Tobago,2001,11.6959064327485
Tunisia,2001,61.1418640576725
Turkiye,2001,53.2307732286943
Tuvalu,2001,56.6666666666667
Tanzania,2001,38.4962745540754
Uganda,2001,63.1199639657675
Ukraine,2001,71.4335030637784
Upper middle income,2001,43.6303840497464
Uruguay,2001,85.4873728716718
United States,2001,45.2900702036254
Uzbekistan,2001,62.6848141019612
St. Vincent and the Grenadines,2001,17.9487179487179
"Venezuela, RB",2001,24.5314891446063
British Virgin Islands,2001,46.6666666666667
Virgin Islands (U.S.),2001,20.0
Viet Nam,2001,30.4831399273522
Vanuatu,2001,14.5200984413454
World,2001,37.1867244374527
Samoa,2001,16.9611307420495
Kosovo,2001,
"Yemen, Rep.",2001,44.6900392067731
South Africa,2001,80.796148678169
Zambia,2001,30.3407363564213
Zimbabwe,2001,39.2816766188445
Aruba,2002,11.1111111111111
Africa Eastern and Southern,2002,42.4548051672032
Afghanistan,2002,57.9396838538552
Africa Western and Central,2002,37.3814270521724
Angola,2002,35.6445014839175
Albania,2002,41.6058394160584
Andorra,2002,48.6170212765957
Arab World,2002,36.3549603215044
United Arab Emirates,2002,7.96958603210363
Argentina,2002,47.031267699301
Armenia,2002,48.8584474885845
American Samoa,2002,11.65
Antigua and Barbuda,2002,20.4545454545455
Australia,2002,58.1856995951733
Austria,2002,35.1696558410082
Azerbaijan,2002,57.4317945241957
Burundi,2002,71.417445482866
Belgium,2002,45.7950087363597
Benin,2002,29.8628857750976
Burkina Faso,2002,41.9180522660819
Bangladesh,2002,71.8521932857033
Bulgaria,2002,48.9430147058824
Bahrain,2002,13.6478873239437
"Bahamas, The",2002,1.0989010989011
Bosnia and Herzegovina,2002,41.46484375
Belarus,2002,44.4956096021772
Belize,2002,6.66374397194213
Bermuda,2002,7.40740740740741
Bolivia,2002,34.4419828302409
Brazil,2002,27.3423153955306
Barbados,2002,39.5348837209302
Brunei Darussalam,2002,2.46679316888046
Bhutan,2002,14.572864321608
Botswana,2002,45.605491150989
Central African Republic,2002,7.98019198048091
Canada,2002,6.92547841246365
Central Europe and the Baltics,2002,50.4344334582013
Switzerland,2002,39.4656034584428
Channel Islands,2002,37.3737373737374
Chile,2002,20.9338670023617
China,2002,55.8211320658973
Cote d'Ivoire,2002,60.9599433962264
Cameroon,2002,19.3776311057519
"Congo, Dem. Rep.",2002,11.2701528417988
"Congo, Rep.",2002,30.8633352855051
Colombia,2002,37.5006759801713
Comoros,2002,70.3922622246104
Cabo Verde,2002,18.6104218362283
Costa Rica,2002,35.7618488053271
Caribbean small states,2002,2.76996291423824
Cuba,2002,62.5434721308394
Curacao,2002,
Cayman Islands,2002,11.25
Cyprus,2002,15.1515151515152
Czechia,2002,47.2636210689789
Germany,2002,48.6355558103537
Djibouti,2002,73.4081104400345
Dominica,2002,29.3333333333333
Denmark,2002,66.625
Dominican Republic,2002,52.0596149865452
Algeria,2002,16.7335645368512
East Asia & Pacific (excluding high income),2002,48.3562906977161
Early-demographic dividend,2002,40.5585745207739
East Asia & Pacific,2002,50.7120696629938
Europe & Central Asia (excluding high income),2002,68.732240000496
Europe & Central Asia,2002,29.8422848414835
Ecuador,2002,30.1578354002255
"Egypt, Arab Rep.",2002,3.4396504093626
Euro area,2002,46.213220483959
Eritrea,2002,74.5742574257426
Spain,2002,58.9511862776531
Estonia,2002,16.4708657702288
Ethiopia,2002,30.498
European Union,2002,44.6727015857579
Finland,2002,7.34101579172002
Fiji,2002,19.7153804050356
France,2002,54.9414602467761
Faroe Islands,2002,69.154011461318
"Micronesia, Fed. Sts.",2002,7.85714285714286
Gabon,2002,8.06115574184034
United Kingdom,2002,70.1690571652957
Georgia,2002,43.2292416174989
Ghana,2002,57.3546607189945
Gibraltar,2002,
Guinea,2002,57.3726965651962
"Gambia, The",2002,48.5177865612648
Guinea-Bissau,2002,24.1824324324324
Equatorial Guinea,2002,3.66666666666667
Greece,2002,64.7245927075252
Grenada,2002,38.2352941176471
Greenland,2002,0.585698623462054
Guatemala,2002,45.6007838745801
Guam,2002,37.037037037037
Guyana,2002,3.64595732791466
High income,2002,30.2261876799849
"Hong Kong SAR, China",2002,6.66666666666667
Honduras,2002,27.0622933238002
Heavily indebted poor countries (HIPC),2002,35.7164946049105
Croatia,2002,21.1224781799971
Haiti,2002,60.5950653120465
Hungary,2002,65.264449899576
IBRD only,2002,36.5130725869963
IDA & IBRD total,2002,36.76436055
IDA total,2002,37.5487916813655
IDA blend,2002,43.7582671941841
Indonesia,2002,24.5222551675908
IDA only,2002,35.8343533653628
Isle of Man,2002,79.6491228070175
India,2002,60.7293849367178
Not classified,2002,
Ireland,2002,63.478008419219
"Iran, Islamic Rep.",2002,39.3207102335519
Iraq,2002,19.8552712806091
Iceland,2002,18.8229426433915
Israel,2002,26.0166358595194
Italy,2002,51.6471773784484
Jamaica,2002,43.7673130193906
Jordan,2002,11.6160471441523
Japan,2002,14.1975308641975
Kazakhstan,2002,79.07134126014
Kenya,2002,47.1202164669501
Kyrgyz Republic,2002,56.1835245046924
Cambodia,2002,28.3254022207115
Kiribati,2002,41.9753086419753
St. Kitts and Nevis,2002,31.1538461538462
"Korea, Rep.",2002,19.8264283500362
Kuwait,2002,8.47362514029181
Latin America & Caribbean (excluding high income),2002,33.9787982580229
Lao PDR,2002,8.12824956672444
Lebanon,2002,60.2150537634409
Liberia,2002,14.8211409883721
Libya,2002,8.78070404764882
St. Lucia,2002,21.4754098360656
Latin America & Caribbean,2002,33.6064781145954
Least developed countries: UN classification,2002,35.3561122055408
Low income,2002,36.0577904339558
Liechtenstein,2002,42.3125
Sri Lanka,2002,37.5697655876256
Lower middle income,2002,41.4375963802513
Low & middle income,2002,41.8794194264424
Lesotho,2002,75.8893280632411
Late-demographic dividend,2002,34.7356577893606
Lithuania,2002,46.0274409700064
Luxembourg,2002,49.7191644072932
Latvia,2002,25.6319604030405
"Macao SAR, China",2002,
St. Martin (French part),2002,
Morocco,2002,67.8534617969975
Monaco,2002,
Moldova,2002,77.0681265206813
Madagascar,2002,70.232486157444
Maldives,2002,40.0
"Middle East, North Africa, Afghanistan & Pakistan",2002,36.6677561710632
Mexico,2002,54.8110805319067
Marshall Islands,2002,47.2222222222222
Middle income,2002,42.9890673089994
North Macedonia,2002,52.4577270939835
Mali,2002,32.5228038256337
Malta,2002,31.25
Myanmar,2002,16.7166508553417
"Middle East, North Africa, Afghanistan & Pakistan (excluding high income)",2002,28.54892774944
Montenegro,2002,
Mongolia,2002,84.0860303318922
Northern Mariana Islands,2002,6.52173913043478
Mozambique,2002,48.1868460540706
Mauritania,2002,38.5272145144077
Mauritius,2002,49.2610837438424
Malawi,2002,51.2303775986423
Malaysia,2002,21.4198752092528
North America,2002,26.2117623746908
Namibia,2002,47.1522792697591
New Caledonia,2002,13.6761487964989
Niger,2002,29.9992105470909
Nigeria,2002,72.1430518133008
Nicaragua,2002,43.2025926541466
Netherlands,2002,57.4674170616114
Norway,2002,2.86383896792281
Nepal,2002,29.5849319846529
Nauru,2002,20.0
New Zealand,2002,45.6663419543504
OECD members,2002,37.3674633543965
Oman,2002,4.11437802907916
Other small states,2002,26.5005472483134
Pakistan,2002,47.8466168534662
Panama,2002,30.1022329835889
Peru,2002,18.0525271875
Philippines,2002,37.3444679209847
Palau,2002,9.34782608695652
Papua New Guinea,2002,2.43563132093804
Poland,2002,55.1732018675112
Pre-demographic dividend,2002,37.847212567986
Puerto Rico (US),2002,25.0281848928974
"Korea, Dem. People's Rep.",2002,21.0412175068516
Portugal,2002,42.3794535519126
Paraguay,2002,43.1283156305059
West Bank and Gaza,2002,77.8709468438538
Pacific island small states,2002,11.6604361370716
Post-demographic dividend,2002,36.9272713247127
French Polynesia,2002,9.99063670411985
Qatar,2002,5.65891472868217
Romania,2002,64.4625222952103
Russian Federation,2002,13.2257977869402
Rwanda,2002,76.5301986218079
South Asia,2002,58.8448494112589
Saudi Arabia,2002,80.8402025873498
Sudan,2002,
Senegal,2002,45.4474627330806
Singapore,2002,1.77777777777778
Solomon Islands,2002,2.82243658449446
Sierra Leone,2002,44.7503463563314
El Salvador,2002,60.9893822393822
San Marino,2002,16.6666666666667
"Somalia, Fed. Rep.",2002,70.2808684286033
Serbia,2002,
Sub-Saharan Africa (excluding high income),2002,40.2949594864745
South Sudan,2002,
Sub-Saharan Africa,2002,40.2942751771765
Small states,2002,12.1408698197242
Sao Tome and Principe,2002,37.5
Suriname,2002,0.461037330254933
Slovak Republic,2002,46.5072765072765
Slovenia,2002,25.0744786494538
Sweden,2002,7.70830832349511
Eswatini,2002,71.1627906976744
Sint Maarten (Dutch part),2002,
Seychelles,2002,8.69565217391304
Syrian Arab Republic,2002,74.8666884318207
Turks and Caicos Islands,2002,1.05263157894737
Chad,2002,38.6991740787802
East Asia & Pacific (IDA & IBRD countries),2002,48.5625775621043
Europe & Central Asia (IDA & IBRD countries),2002,28.5722811555198
Togo,2002,63.2469203897775
Thailand,2002,43.2206541525573
Tajikistan,2002,32.6593312374964
Turkmenistan,2002,75.2239695273764
Latin America & the Caribbean (IDA & IBRD countries),2002,33.4742912947553
Timor-Leste,2002,22.6092804303968
"Middle East, North Africa, Afghanistan & Pakistan (IDA & IBRD)",2002,28.5194160041268
Tonga,2002,41.6666666666667
South Asia (IDA & IBRD),2002,58.8448494112589
Sub-Saharan Africa (IDA & IBRD countries),2002,40.2942751771765
Trinidad and Tobago,2002,11.6959064327485
Tunisia,2002,62.8411431513903
Turkiye,2002,53.5270194768915
Tuvalu,2002,56.6666666666667
Tanzania,2002,38.6091668548205
Uganda,2002,64.1209148691257
Ukraine,2002,71.4537232022646
Upper middle income,2002,43.6497886468968
Uruguay,2002,85.264541195292
United States,2002,45.0848730397122
Uzbekistan,2002,62.0447751949366
St. Vincent and the Grenadines,2002,17.9487179487179
"Venezuela, RB",2002,24.5314891446063
British Virgin Islands,2002,46.6666666666667
Virgin Islands (U.S.),2002,17.1428571428571
Viet Nam,2002,30.4459829335051
Vanuatu,2002,14.6021328958162
World,2002,37.1173344063166
Samoa,2002,16.6077738515901
Kosovo,2002,
"Yemen, Rep.",2002,44.8055760743982
South Africa,2002,80.8085137953491
Zambia,2002,30.4227928812602
Zimbabwe,2002,39.8788080651415
Aruba,2003,11.1111111111111
Africa Eastern and Southern,2003,42.6470371759152
Afghanistan,2003,58.0838047927878
Africa Western and Central,2003,37.5766090044197
Angola,2003,35.6934306569343
Albania,2003,40.9124087591241
Andorra,2003,48.6382978723404
Arab World,2003,36.4120623918415
United Arab Emirates,2003,7.80061954379048
Argentina,2003,47.1749814557001
Armenia,2003,50.7200561995083
American Samoa,2003,11.8
Antigua and Barbuda,2003,20.4545454545455
Australia,2003,57.2094294677375
Austria,2003,34.9640087251575
Azerbaijan,2003,57.5255287228379
Burundi,2003,71.3785046728972
Belgium,2003,45.8972076616227
Benin,2003,30.7821656615821
Burkina Faso,2003,42.385269005848
Bangladesh,2003,71.6601367442575
Bulgaria,2003,48.9657074561
Bahrain,2003,13.3055555555556
"Bahamas, The",2003,1.0989010989011
Bosnia and Herzegovina,2003,42.36328125
Belarus,2003,44.3039846962421
Belize,2003,6.66374397194213
Bermuda,2003,7.40740740740741
Bolivia,2003,33.829040893566
Brazil,2003,27.3547224621746
Barbados,2003,39.5348837209302
Brunei Darussalam,2003,2.46679316888046
Bhutan,2003,14.6482412060302
Botswana,2003,45.517265717361
Central African Republic,2003,7.95739831134226
Canada,2003,6.90930546679025
Central Europe and the Baltics,2003,49.5958439712841
Switzerland,2003,39.3894779687923
Channel Islands,2003,37.3737373737374
Chile,2003,20.7455765185628
China,2003,55.8843892938216
Cote d'Ivoire,2003,61.0849088050314
Cameroon,2003,19.3776311057519
"Congo, Dem. Rep.",2003,11.2701528417988
"Congo, Rep.",2003,30.8643133235725
Colombia,2003,37.9008562415502
Comoros,2003,70.9296077377754
Cabo Verde,2003,18.6104218362283
Costa Rica,2003,35.8206032119076
Caribbean small states,2003,2.7830889809617
Cuba,2003,62.3872180451128
Curacao,2003,
Cayman Islands,2003,11.25
Cyprus,2003,16.6666666666667
Czechia,2003,47.475346188689
Germany,2003,48.7400017201342
Djibouti,2003,73.4124245038827
Dominica,2003,29.3333333333333
Denmark,2003,66.45
Dominican Republic,2003,49.030830055889
Algeria,2003,16.7548514951254
East Asia & Pacific (excluding high income),2003,47.4472213989439
Early-demographic dividend,2003,40.5621188295483
East Asia & Pacific,2003,49.8012346395431
Europe & Central Asia (excluding high income),2003,68.5087164119985
Europe & Central Asia,2003,29.7143005954707
Ecuador,2003,29.1914962151715
"Egypt, Arab Rep.",2003,3.4245818474057
Euro area,2003,45.8388603010176
Eritrea,2003,74.9207920792079
Spain,2003,58.3982692654394
Estonia,2003,19.5494220334985
Ethiopia,2003,31.607
European Union,2003,44.222005863619
Finland,2003,7.37384681046653
Fiji,2003,19.3979200875753
France,2003,54.8002597643566
Faroe Islands,2003,69.154011461318
"Micronesia, Fed. Sts.",2003,7.85714285714286
Gabon,2003,8.08078938176738
United Kingdom,2003,70.0863886248088
Georgia,2003,43.2580227370845
Ghana,2003,55.3358934692801
Gibraltar,2003,
Guinea,2003,57.441909490477
"Gambia, The",2003,46.5415019762846
Guinea-Bissau,2003,24.4827524893314
Equatorial Guinea,2003,3.66666666666667
Greece,2003,64.0186190845617
Grenada,2003,35.2941176470588
Greenland,2003,0.586429528566208
Guatemala,2003,46.1832773422919
Guam,2003,37.037037037037
Guyana,2003,3.64814732029464
High income,2003,30.0302369769145
"Hong Kong SAR, China",2003,6.66666666666667
Honduras,2003,28.1794619715792
Heavily indebted poor countries (HIPC),2003,35.9118855573378
Croatia,2003,21.3708812808234
Haiti,2003,60.5950653120465
Hungary,2003,65.4429814773488
IBRD only,2003,36.2801795556636
IDA & IBRD total,2003,36.6350044146453
IDA total,2003,37.7427594802332
IDA blend,2003,43.7976980647833
Indonesia,2003,24.7885640571414
IDA only,2003,36.0709825631112
Isle of Man,2003,80.2982456140351
India,2003,60.6247834817149
Not classified,2003,
Ireland,2003,63.4344607345043
"Iran, Islamic Rep.",2003,39.4563962769223
Iraq,2003,19.8571003955461
Iceland,2003,18.8029925187032
Israel,2003,25.4621072088725
Italy,2003,50.4095117645865
Jamaica,2003,43.7673130193906
Jordan,2003,11.3893925657298
Japan,2003,14.1015089163237
Kazakhstan,2003,78.8981738711709
Kenya,2003,47.2186105351934
Kyrgyz Republic,2003,56.5172054223149
Cambodia,2003,28.8919102651258
Kiribati,2003,41.9753086419753
St. Kitts and Nevis,2003,31.1538461538462
"Korea, Rep.",2003,19.6487603305785
Kuwait,2003,8.47362514029181
Latin America & Caribbean (excluding high income),2003,33.9946466325169
Lao PDR,2003,8.27989601386482
Lebanon,2003,61.2903225806452
Liberia,2003,15.1354640780731
Libya,2003,8.78070404764882
St. Lucia,2003,20.327868852459
Latin America & Caribbean,2003,33.6142620274833
Least developed countries: UN classification,2003,35.6039831926918
Low income,2003,36.3774495156693
Liechtenstein,2003,41.5
Sri Lanka,2003,38.0465635464838
Lower middle income,2003,41.4434366231729
Low & middle income,2003,41.7347893898764
Lesotho,2003,75.8893280632411
Late-demographic dividend,2003,34.3868988138766
Lithuania,2003,40.5392469687301
Luxembourg,2003,49.7191644072932
Latvia,2003,25.4230478731097
"Macao SAR, China",2003,
St. Martin (French part),2003,
Morocco,2003,69.1821644633655
Monaco,2003,
Moldova,2003,76.9090355947673
Madagascar,2003,70.232486157444
Maldives,2003,40.0
"Middle East, North Africa, Afghanistan & Pakistan",2003,36.73756404763
Mexico,2003,54.8110805319067
Marshall Islands,2003,47.2222222222222
Middle income,2003,42.7558147205072
North Macedonia,2003,51.1600471883602
Mali,2003,33.3767691916833
Malta,2003,32.5
Myanmar,2003,16.8038681641522
"Middle East, North Africa, Afghanistan & Pakistan (excluding high income)",2003,28.6293637638747
Montenegro,2003,
Mongolia,2003,73.5012701837711
Northern Mariana Islands,2003,6.52173913043478
Mozambique,2003,48.4686258551845
Mauritania,2003,38.5272145144077
Mauritius,2003,48.7684729064039
Malawi,2003,52.8213831141281
Malaysia,2003,21.6595343174555
North America,2003,26.2014863111227
Namibia,2003,47.1522792697591
New Caledonia,2003,13.3260393873085
Niger,2003,30.3244651456541
Nigeria,2003,72.2903834118383
Nicaragua,2003,43.3521688549111
Netherlands,2003,56.6854265402844
Norway,2003,2.84741159334582
Nepal,2003,29.4872689222183
Nauru,2003,20.0
New Zealand,2003,45.0343701340625
OECD members,2003,37.0858825296889
Oman,2003,4.43618739903069
Other small states,2003,27.0481769194687
Pakistan,2003,47.7921336654213
Panama,2003,30.0672585418348
Peru,2003,18.126495390625
Philippines,2003,37.6966160244156
Palau,2003,9.34782608695652
Papua New Guinea,2003,2.44667226074283
Poland,2003,52.7984587251829
Pre-demographic dividend,2003,38.0449447953432
Puerto Rico (US),2003,24.3066516347238
"Korea, Dem. People's Rep.",2003,21.0474628353127
Portugal,2003,41.6795628415301
Paraguay,2003,43.6955454316637
West Bank and Gaza,2003,77.3250664451827
Pacific island small states,2003,11.6323987538941
Post-demographic dividend,2003,36.6350714851159
French Polynesia,2003,9.9123595505618
Qatar,2003,5.70198105081826
Romania,2003,64.3618177864753
Russian Federation,2003,13.2029341345878
Rwanda,2003,76.4491284961492
South Asia,2003,58.750179130144
Saudi Arabia,2003,80.8382062064763
Sudan,2003,
Senegal,2003,44.8345712356516
Singapore,2003,1.16448326055313
Solomon Islands,2003,2.96534476598785
Sierra Leone,2003,49.4135494596841
El Salvador,2003,60.5550193050193
San Marino,2003,16.6666666666667
"Somalia, Fed. Rep.",2003,70.3111550355469
Serbia,2003,
Sub-Saharan Africa (excluding high income),2003,40.488451937441
South Sudan,2003,
Sub-Saharan Africa,2003,40.4877634379029
Small states,2003,12.3436857131156
Sao Tome and Principe,2003,37.5
Suriname,2003,0.501533852507056
Slovak Republic,2003,46.4768239451258
Slovenia,2003,25.3227408142999
Sweden,2003,7.68081284490562
Eswatini,2003,71.1627906976744
Sint Maarten (Dutch part),2003,
Seychelles,2003,8.69565217391304
Syrian Arab Republic,2003,75.2383027398006
Turks and Caicos Islands,2003,1.05263157894737
Chad,2003,38.7785895806862
East Asia & Pacific (IDA & IBRD countries),2003,47.6464990377873
Europe & Central Asia (IDA & IBRD countries),2003,28.4671165786071
Togo,2003,63.6146350432065
Thailand,2003,43.4026894243379
Tajikistan,2003,32.8379537010574
Turkmenistan,2003,74.8834932862341
Latin America & the Caribbean (IDA & IBRD countries),2003,33.4832663468549
Timor-Leste,2003,22.4478816408877
"Middle East, North Africa, Afghanistan & Pakistan (IDA & IBRD)",2003,28.6002262236553
Tonga,2003,41.6666666666667
South Asia (IDA & IBRD),2003,58.750179130144
Sub-Saharan Africa (IDA & IBRD countries),2003,40.4877634379029
Trinidad and Tobago,2003,11.6959064327485
Tunisia,2003,62.9763130792997
Turkiye,2003,52.8097917180983
Tuvalu,2003,56.6666666666667
Tanzania,2003,38.6881914653421
Uganda,2003,65.622341224163
Ukraine,2003,71.3829530155004
Upper middle income,2003,43.3146274047817
Uruguay,2003,85.2873957262027
United States,2003,45.0803674339003
Uzbekistan,2003,61.6343601520612
St. Vincent and the Grenadines,2003,17.9487179487179
"Venezuela, RB",2003,24.420384331954
British Virgin Islands,2003,46.6666666666667
Virgin Islands (U.S.),2003,17.1428571428571
Viet Nam,2003,30.7575708710936
Vanuatu,2003,14.766201804758
World,2003,36.951965644055
Samoa,2003,15.9010600706714
Kosovo,2003,
"Yemen, Rep.",2003,44.5006345057484
South Africa,2003,80.7260796808151
Zambia,2003,30.8169332382733
Zimbabwe,2003,40.3513447072509
Aruba,2004,11.1111111111111
Africa Eastern and Southern,2004,42.322487085155
Afghanistan,2004,58.1512656578201
Africa Western and Central,2004,37.5413056696051
Angola,2004,35.5418304323414
Albania,2004,40.9489051094891
Andorra,2004,48.531914893617
Arab World,2004,36.4783336289805
United Arab Emirates,2004,7.80061954379048
Argentina,2004,47.3186952120993
Armenia,2004,52.8626624517035
American Samoa,2004,11.95
Antigua and Barbuda,2004,20.4545454545455
Australia,2004,51.4046574593546
Austria,2004,34.7479398933592
Azerbaijan,2004,57.5152409521966
Burundi,2004,71.9626168224299
Belgium,2004,45.8675370059012
Benin,2004,30.6779443064917
Burkina Faso,2004,42.9073099415205
Bangladesh,2004,71.6217254359684
Bulgaria,2004,49.006987863185
Bahrain,2004,12.986301369863
"Bahamas, The",2004,1.0989010989011
Bosnia and Herzegovina,2004,42.37109375
Belarus,2004,44.1634001429875
Belize,2004,6.66374397194213
Bermuda,2004,7.40740740740741
Bolivia,2004,33.8013477337764
Brazil,2004,27.3671295288186
Barbados,2004,37.2093023255814
Brunei Darussalam,2004,2.46679316888046
Bhutan,2004,15.3212477372301
Botswana,2004,45.5719654862104
Central African Republic,2004,7.95210119104947
Canada,2004,6.89313252111685
Central Europe and the Baltics,2004,48.8468568725413
Switzerland,2004,39.3119241238083
Channel Islands,2004,37.8787878787879
Chile,2004,21.4314918524018
China,2004,55.9476447513305
Cote d'Ivoire,2004,63.403606918239
Cameroon,2004,19.4834042013074
"Congo, Dem. Rep.",2004,11.2701528417988
"Congo, Rep.",2004,30.8734436310395
Colombia,2004,38.2073005858495
Comoros,2004,71.4669532509404
Cabo Verde,2004,18.8585607940447
Costa Rica,2004,35.6835095965531
Caribbean small states,2004,2.75814993094205
Cuba,2004,61.3476177051029
Curacao,2004,
Cayman Islands,2004,11.25
Cyprus,2004,16.8831168831169
Czechia,2004,47.0022003624126
Germany,2004,48.7799982796686
Djibouti,2004,73.4124245038827
Dominica,2004,29.3333333333333
Denmark,2004,66.15
Dominican Republic,2004,48.0828234320017
Algeria,2004,17.27518536868
East Asia & Pacific (excluding high income),2004,47.5384813340752
Early-demographic dividend,2004,40.5109520414339
East Asia & Pacific,2004,48.036310356039
Europe & Central Asia (excluding high income),2004,68.4005876102415
Europe & Central Asia,2004,29.6419972027923
Ecuador,2004,30.3068126912546
"Egypt, Arab Rep.",2004,3.49389723240745
Euro area,2004,45.6298766464457
Eritrea,2004,61.9923728717243
Spain,2004,58.2375095156056
Estonia,2004,18.1740976645435
Ethiopia,2004,29.3293276530079
European Union,2004,43.9370126686825
Finland,2004,7.39682852358909
Fiji,2004,19.0804597701149
France,2004,54.6588737359681
Faroe Islands,2004,69.154011461318
"Micronesia, Fed. Sts.",2004,7.85714285714286
Gabon,2004,8.10042302169442
United Kingdom,2004,70.4790641921217
Georgia,2004,35.8612750035976
Ghana,2004,52.1647793794498
Gibraltar,2004,
Guinea,2004,57.4635398014
"Gambia, The",2004,47.2332015810277
Guinea-Bissau,2004,24.7830725462304
Equatorial Guinea,2004,3.66666666666667
Greece,2004,62.6842513576416
Grenada,2004,35.2941176470588
Greenland,2004,0.587160433670362
Guatemala,2004,44.0742814483016
Guam,2004,37.037037037037
Guyana,2004,3.65033731267463
High income,2004,29.151002713583
"Hong Kong SAR, China",2004,6.66666666666667
Honduras,2004,28.0632764322102
Heavily indebted poor countries (HIPC),2004,35.7156656605107
Croatia,2004,21.0135086841541
Haiti,2004,60.5950653120465
Hungary,2004,65.431823253738
IBRD only,2004,36.3060606076838
IDA & IBRD total,2004,36.6167612591899
IDA total,2004,37.5805173532256
IDA blend,2004,43.8804497713359
Indonesia,2004,24.8373681438111
IDA only,2004,35.8553763708904
Isle of Man,2004,80.3508771929825
India,2004,60.6671622062499
Not classified,2004,
Ireland,2004,62.4909275656844
"Iran, Islamic Rep.",2004,39.5920823202927
Iraq,2004,19.7304341861582
Iceland,2004,18.7930174563591
Israel,2004,23.7292051756007
Italy,2004,50.3283533636776
Jamaica,2004,43.5826408125577
Jordan,2004,11.7520398912058
Japan,2004,14.0192043895748
Kazakhstan,2004,78.7756046968182
Kenya,2004,47.4259408932776
Kyrgyz Republic,2004,56.1522419186653
Cambodia,2004,29.6283707228643
Kiribati,2004,41.9753086419753
St. Kitts and Nevis,2004,30.8846153846154
"Korea, Rep.",2004,19.5517455071266
Kuwait,2004,8.41750841750842
Latin America & Caribbean (excluding high income),2004,34.0530185870807
Lao PDR,2004,8.4315424610052
Lebanon,2004,62.3949169110459
Liberia,2004,15.449584717608
Libya,2004,8.74376257430919
St. Lucia,2004,18.1967213114754
Latin America & Caribbean,2004,33.6884059317609
Least developed countries: UN classification,2004,35.4198378527537
Low income,2004,36.0553144486714
Liechtenstein,2004,40.6875
Sri Lanka,2004,36.4917875936852
Lower middle income,2004,41.4329376983098
Low & middle income,2004,41.7067195898522
Lesotho,2004,76.2187088274045
Late-demographic dividend,2004,34.3601566458422
Lithuania,2004,41.5491384811742
Luxembourg,2004,49.7191644072932
Latvia,2004,26.3872595497131
"Macao SAR, China",2004,
St. Martin (French part),2004,
Morocco,2004,67.3112256329823
Monaco,2004,
Moldova,2004,76.7031630170316
Madagascar,2004,70.232486157444
Maldives,2004,36.6666666666667
"Middle East, North Africa, Afghanistan & Pakistan",2004,36.7474996066936
Mexico,2004,54.8213688623679
Marshall Islands,2004,47.2222222222222
Middle income,2004,42.7971126939077
North Macedonia,2004,49.6264254817145
Mali,2004,32.5285406371139
Malta,2004,31.25
Myanmar,2004,16.9599951026905
"Middle East, North Africa, Afghanistan & Pakistan (excluding high income)",2004,28.6358378398783
Montenegro,2004,
Mongolia,2004,73.4363531942671
Northern Mariana Islands,2004,6.52173913043478
Mozambique,2004,48.7504056562985
Mauritania,2004,38.5272145144077
Mauritius,2004,48.2758620689655
Malawi,2004,52.8213831141281
Malaysia,2004,21.7065895601887
North America,2004,26.1912102475545
Namibia,2004,47.1522792697591
New Caledonia,2004,12.9431072210066
Niger,2004,30.3718323202021
Nigeria,2004,72.4230531308673
Nicaragua,2004,43.418647166362
Netherlands,2004,57.7428909952607
Norway,2004,2.84741159334582
Nepal,2004,29.424485524939
Nauru,2004,20.0
New Zealand,2004,45.1558998898637
OECD members,2004,35.853421147736
Oman,2004,4.75605815831987
Other small states,2004,26.9999002064958
Pakistan,2004,46.7582503113325
Panama,2004,30.0322841000807
Peru,2004,18.200463671875
Philippines,2004,38.4679880605024
Palau,2004,9.34782608695652
Papua New Guinea,2004,2.47979508015722
Poland,2004,53.2987301276401
Pre-demographic dividend,2004,38.0672231090473
Puerto Rico (US),2004,23.5625704622322
"Korea, Dem. People's Rep.",2004,21.0852753093597
Portugal,2004,42.2908196721311
Paraguay,2004,44.2363521268563
West Bank and Gaza,2004,77.3916611295681
Pacific island small states,2004,11.5264797507788
Post-demographic dividend,2004,35.1963695756497
French Polynesia,2004,9.83411120714491
Qatar,2004,5.61584840654608
Romania,2004,61.4347826086956
Russian Federation,2004,13.1846021330511
Rwanda,2004,76.3275233076611
South Asia,2004,58.7840447429191
Saudi Arabia,2004,80.8390008791965
Sudan,2004,
Senegal,2004,45.1202410014024
Singapore,2004,1.1611030478955
Solomon Islands,2004,2.96534476598785
Sierra Leone,2004,52.2683568855639
El Salvador,2004,61.8098455598456
San Marino,2004,16.6666666666667
"Somalia, Fed. Rep.",2004,70.3876685688781
Serbia,2004,
Sub-Saharan Africa (excluding high income),2004,40.3012138062713
South Sudan,2004,
Sub-Saharan Africa,2004,40.3005341158499
Small states,2004,12.2689351979558
Sao Tome and Principe,2004,36.4583333333333
Suriname,2004,0.482843149929153
Slovak Republic,2004,40.2079002079002
Slovenia,2004,24.428997020854
Sweden,2004,7.74095920432013
Eswatini,2004,71.1627906976744
Sint Maarten (Dutch part),2004,
Seychelles,2004,8.69565217391304
Syrian Arab Republic,2004,75.7476711881026
Turks and Caicos Islands,2004,1.05263157894737
Chad,2004,38.7785895806862
East Asia & Pacific (IDA & IBRD countries),2004,47.7381665249979
Europe & Central Asia (IDA & IBRD countries),2004,28.4031607698664
Togo,2004,63.9823496966354
Thailand,2004,43.5847246961185
Tajikistan,2004,33.2237782223492
Turkmenistan,2004,74.5855765752346
Latin America & the Caribbean (IDA & IBRD countries),2004,33.5637542951057
Timor-Leste,2004,22.4209818426362
"Middle East, North Africa, Afghanistan & Pakistan (IDA & IBRD)",2004,28.6066642679225
Tonga,2004,41.6666666666667
South Asia (IDA & IBRD),2004,58.7840447429191
Sub-Saharan Africa (IDA & IBRD countries),2004,40.3005341158499
Trinidad and Tobago,2004,10.7212475633528
Tunisia,2004,63.2723995880536
Turkiye,2004,53.5452100359913
Tuvalu,2004,56.6666666666667
Tanzania,2004,39.2380898622714
Uganda,2004,66.3730544016816
Ukraine,2004,71.3812269133842
Upper middle income,2004,43.3779271304954
Uruguay,2004,84.7274597188893
United States,2004,45.0758618280884
Uzbekistan,2004,61.2224763853868
St. Vincent and the Grenadines,2004,17.9487179487179
"Venezuela, RB",2004,24.4770704608582
British Virgin Islands,2004,46.6666666666667
Virgin Islands (U.S.),2004,17.1428571428571
Viet Nam,2004,31.5915760957203
Vanuatu,2004,14.8482362592289
World,2004,36.5819694142336
Samoa,2004,15.1943462897526
Kosovo,2004,
"Yemen, Rep.",2004,44.6180654203837
South Africa,2004,80.4622905143064
Zambia,2004,30.8007909710919
Zimbabwe,2004,41.2496238852268
Aruba,2005,11.1111111111111
Africa Eastern and Southern,2005,42.419364070418
Afghanistan,2005,58.134400441562
Africa Western and Central,2005,38.2495491488849
Angola,2005,35.4399614983557
Albania,2005,39.3065693430657
Andorra,2005,46.3829787234043
Arab World,2005,36.482120969082
United Arab Emirates,2005,7.84286116586877
Argentina,2005,47.4737365211259
Armenia,2005,56.3751317175975
American Samoa,2005,12.1
Antigua and Barbuda,2005,20.4545454545455
Australia,2005,53.3993725837314
Austria,2005,34.6194861851672
Azerbaijan,2005,57.5683522864747
Burundi,2005,70.8333333333333
Belgium,2005,45.5939076253585
Benin,2005,30.8048244058177
Burkina Faso,2005,43.4256962719298
Bangladesh,2005,71.5295382960744
Bulgaria,2005,48.4628129602356
Bahrain,2005,12.6621621621622
"Bahamas, The",2005,1.0989010989011
Bosnia and Herzegovina,2005,42.12890625
Belarus,2005,44.1200396385204
Belize,2005,6.66374397194213
Bermuda,2005,7.40740740740741
Bolivia,2005,34.119819071356
Brazil,2005,27.3795365954626
Barbados,2005,37.2093023255814
Brunei Darussalam,2005,2.46679316888046
Bhutan,2005,15.5573628564682
Botswana,2005,45.5507913821396
Central African Republic,2005,7.9487302963177
Canada,2005,6.87695957544345
Central Europe and the Baltics,2005,48.8827730098494
Switzerland,2005,39.2348776376625
Channel Islands,2005,38.3838383838384
Chile,2005,21.364245251045
China,2005,56.0109031839269
Cote d'Ivoire,2005,64.1655880503145
Cameroon,2005,19.4897505870407
"Congo, Dem. Rep.",2005,11.2701528417988
"Congo, Rep.",2005,30.88039238653
Colombia,2005,38.3569175304191
Comoros,2005,71.4669532509404
Cabo Verde,2005,18.8585607940447
Costa Rica,2005,35.3505679592636
Caribbean small states,2005,2.72929647208132
Cuba,2005,62.3543780533634
Curacao,2005,
Cayman Islands,2005,11.25
Cyprus,2005,18.0735930735931
Czechia,2005,46.6669686771939
Germany,2005,48.8330083725198
Djibouti,2005,73.4124245038827
Dominica,2005,29.3333333333333
Denmark,2005,67.675
Dominican Republic,2005,48.2908052163113
Algeria,2005,17.3028962019364
East Asia & Pacific (excluding high income),2005,47.6065120649537
Early-demographic dividend,2005,40.0485619046908
East Asia & Pacific,2005,48.6978574071015
Europe & Central Asia (excluding high income),2005,68.2680222683688
Europe & Central Asia,2005,29.5961603699585
Ecuador,2005,30.1980995329361
"Egypt, Arab Rep.",2005,3.53910291827817
Euro area,2005,45.7058441901936
Eritrea,2005,62.1522804243469
Spain,2005,58.4343505179427
Estonia,2005,20.8044350082567
Ethiopia,2005,29.7634289851903
European Union,2005,43.9187934728377
Finland,2005,7.46511704258183
Fiji,2005,18.7629994526546
France,2005,54.5327024770387
Faroe Islands,2005,69.154011461318
"Micronesia, Fed. Sts.",2005,7.85714285714286
Gabon,2005,8.12005666162145
United Kingdom,2005,70.0863886248088
Georgia,2005,36.2642106777954
Ghana,2005,53.263512349477
Gibraltar,2005,
Guinea,2005,57.5021040208367
"Gambia, The",2005,47.9249011857708
Guinea-Bissau,2005,25.0833926031294
Equatorial Guinea,2005,3.67130124777184
Greece,2005,62.1024049650892
Grenada,2005,26.4705882352941
Greenland,2005,0.587891338774516
Guatemala,2005,42.5718551698395
Guam,2005,37.037037037037
Guyana,2005,3.65252730505461
High income,2005,29.4268702218643
"Hong Kong SAR, China",2005,6.66666666666667
Honduras,2005,28.1526499240325
Heavily indebted poor countries (HIPC),2005,36.1709539483046
Croatia,2005,21.6389107283254
Haiti,2005,64.2235123367199
Hungary,2005,65.4279656288361
IBRD only,2005,36.0694980721297
IDA & IBRD total,2005,36.5251084237061
IDA total,2005,37.9384149972721
IDA blend,2005,43.9464900514463
Indonesia,2005,24.9394340083909
IDA only,2005,36.293194711709
Isle of Man,2005,80.8947368421053
India,2005,60.5834137744308
Not classified,2005,
Ireland,2005,62.4473798809697
"Iran, Islamic Rep.",2005,29.2437191483091
Iraq,2005,20.0640190227953
Iceland,2005,18.7730673316708
Israel,2005,23.775415896488
Italy,2005,49.8312581581101
Jamaica,2005,43.1209602954755
Jordan,2005,11.4800543970988
Japan,2005,13.9368998628258
Kazakhstan,2005,78.6331814646072
Kenya,2005,47.4435112626067
Kyrgyz Republic,2005,56.021897810219
Cambodia,2005,30.3421708588262
Kiribati,2005,41.9753086419753
St. Kitts and Nevis,2005,19.2307692307692
"Korea, Rep.",2005,19.4217862674239
Kuwait,2005,8.41750841750842
Latin America & Caribbean (excluding high income),2005,34.124727526599
Lao PDR,2005,8.60051993067591
Lebanon,2005,63.8318670576735
Liberia,2005,15.75958160299
Libya,2005,8.74376257430919
St. Lucia,2005,17.8688524590164
Latin America & Caribbean,2005,33.7517489415808
Least developed countries: UN classification,2005,35.8279113423564
Low income,2005,36.5777030361621
Liechtenstein,2005,39.875
Sri Lanka,2005,39.7464519215436
Lower middle income,2005,41.5192475451416
Low & middle income,2005,41.6052443321433
Lesotho,2005,76.6469038208169
Late-demographic dividend,2005,34.3641101820619
Lithuania,2005,45.2616464582004
Luxembourg,2005,50.1075953792252
Latvia,2005,27.8657174538384
"Macao SAR, China",2005,
St. Martin (French part),2005,
Morocco,2005,67.1947120770782
Monaco,2005,
Moldova,2005,75.9805411979325
Madagascar,2005,70.3184647659662
Maldives,2005,30.0
"Middle East, North Africa, Afghanistan & Pakistan",2005,35.4136462679794
Mexico,2005,54.8213688623679
Marshall Islands,2005,47.2222222222222
Middle income,2005,42.5752287193352
North Macedonia,2005,48.2894219425875
Mali,2005,33.103041329629
Malta,2005,29.0625
Myanmar,2005,17.2385820986899
"Middle East, North Africa, Afghanistan & Pakistan (excluding high income)",2005,26.9604280886554
Montenegro,2005,
Mongolia,2005,73.2916678442313
Northern Mariana Islands,2005,6.52173913043478
Mozambique,2005,49.0321854574124
Mauritania,2005,38.5272145144077
Mauritius,2005,47.2906403940887
Malawi,2005,54.9427238014425
Malaysia,2005,21.7148379242124
North America,2005,26.1809341839863
Namibia,2005,47.1522792697591
New Caledonia,2005,12.5875273522976
Niger,2005,33.918844240941
Nigeria,2005,72.6784739286538
Nicaragua,2005,43.626391889646
Netherlands,2005,57.396327014218
Norway,2005,2.83646001029449
Nepal,2005,29.3128705964423
Nauru,2005,20.0
New Zealand,2005,44.4798906232198
OECD members,2005,36.2707285263031
Oman,2005,4.73344103392569
Other small states,2005,27.4735355303257
Pakistan,2005,46.6544728102947
Panama,2005,29.9973096583266
Peru,2005,18.274431875
Philippines,2005,38.082302042459
Palau,2005,9.34782608695652
Papua New Guinea,2005,2.50187695976682
Poland,2005,51.9243952600137
Pre-demographic dividend,2005,38.4615360615531
Puerto Rico (US),2005,22.8184892897407
"Korea, Dem. People's Rep.",2005,21.5139606344988
Portugal,2005,41.8048540505084
Paraguay,2005,44.7846566826076
West Bank and Gaza,2005,77.6106146179402
Pacific island small states,2005,11.6666666666667
Post-demographic dividend,2005,35.6726216531111
French Polynesia,2005,9.75583405358686
Qatar,2005,5.56416881998277
Romania,2005,61.6575354378642
Russian Federation,2005,13.1661598924145
Rwanda,2005,76.2464531820024
South Asia,2005,58.7643603915005
Saudi Arabia,2005,80.8384000483791
Sudan,2005,
Senegal,2005,45.5825066223446
Singapore,2005,1.10304789550073
Solomon Islands,2005,3.45837799214005
Sierra Leone,2005,52.8126904959823
El Salvador,2005,58.8127413127413
San Marino,2005,16.6666666666667
"Somalia, Fed. Rep.",2005,70.3382535786017
Serbia,2005,
Sub-Saharan Africa (excluding high income),2005,40.6566479443174
South Sudan,2005,
Sub-Saharan Africa,2005,40.6559606115932
Small states,2005,12.4360952264826
Sao Tome and Principe,2005,35.4166666666667
Suriname,2005,0.453561049223772
Slovak Republic,2005,40.3534303534304
Slovenia,2005,25.2730883813307
Sweden,2005,7.85879696970366
Eswatini,2005,71.1627906976744
Sint Maarten (Dutch part),2005,
Seychelles,2005,8.69565217391304
Syrian Arab Republic,2005,75.3282126709157
Turks and Caicos Islands,2005,1.05263157894737
Chad,2005,38.8580050825921
East Asia & Pacific (IDA & IBRD countries),2005,47.8034235779048
Europe & Central Asia (IDA & IBRD countries),2005,28.3389705572031
Togo,2005,64.7177790034933
Thailand,2005,43.7667599678992
Tajikistan,2005,33.3809659902829
Turkmenistan,2005,74.2238205690209
Latin America & the Caribbean (IDA & IBRD countries),2005,33.6224115894234
Timor-Leste,2005,22.3940820443847
"Middle East, North Africa, Afghanistan & Pakistan (IDA & IBRD)",2005,26.9301210040533
Tonga,2005,41.6666666666667
South Asia (IDA & IBRD),2005,58.7643603915005
Sub-Saharan Africa (IDA & IBRD countries),2005,40.6559606115932
Trinidad and Tobago,2005,10.5263157894737
Tunisia,2005,63.2337796086509
Turkiye,2005,53.5621012694412
Tuvalu,2005,56.6666666666667
Tanzania,2005,39.8670128697223
Uganda,2005,66.3730544016816
Ukraine,2005,71.2899996548034
Upper middle income,2005,43.0247953476924
Uruguay,2005,84.7446006170723
United States,2005,45.0713562222766
Uzbekistan,2005,60.8077568148602
St. Vincent and the Grenadines,2005,17.9487179487179
"Venezuela, RB",2005,24.4827390737487
British Virgin Islands,2005,46.6666666666667
Virgin Islands (U.S.),2005,17.1428571428571
Viet Nam,2005,32.1384618827057
Vanuatu,2005,15.0123051681706
World,2005,36.6346258408372
Samoa,2005,14.8409893992933
Kosovo,2005,
"Yemen, Rep.",2005,44.5536678220353
South Africa,2005,80.359247871139
Zambia,2005,30.6191904653008
Zimbabwe,2005,41.5032089957348
Aruba,2006,11.1111111111111
Africa Eastern and Southern,2006,42.550013769265
Afghanistan,2006,58.123668031216
Africa Western and Central,2006,38.276515259049
Angola,2006,35.4030640891955
Albania,2006,40.8759124087591
Andorra,2006,46.3404255319149
Arab World,2006,36.5027028446298
United Arab Emirates,2006,7.58377921712194
Argentina,2006,47.5533947944415
Armenia,2006,61.6930101861609
American Samoa,2006,12.25
Antigua and Barbuda,2006,20.4545454545455
Australia,2006,53.27857542663
Austria,2006,34.4558894813379
Azerbaijan,2006,57.5529121337899
Burundi,2006,70.9501557632399
Belgium,2006,45.4950054396202
Benin,2006,29.6144554806669
Burkina Faso,2006,43.9294627192982
Bangladesh,2006,71.2913881846816
Bulgaria,2006,47.7768572217619
Bahrain,2006,12.527027027027
"Bahamas, The",2006,1.0989010989011
Bosnia and Herzegovina,2006,42.16796875
Belarus,2006,44.1489571422939
Belize,2006,6.66374397194213
Bermuda,2006,7.40740740740741
Bolivia,2006,34.2857729160897
Brazil,2006,27.3925777744809
Barbados,2006,37.2093023255814
Brunei Darussalam,2006,2.33396584440228
Bhutan,2006,15.1376026444893
Botswana,2006,45.5296172780689
Central African Republic,2006,7.94054383768339
Canada,2006,6.75739131501664
Central Europe and the Baltics,2006,48.7316129652104
Switzerland,2006,39.1590521822101
Channel Islands,2006,42.4242424242424
Chile,2006,21.2499260287385
China,2006,56.0741598447602
Cote d'Ivoire,2006,65.0364025157233
Cameroon,2006,19.4897505870407
"Congo, Dem. Rep.",2006,11.286032509208
"Congo, Rep.",2006,30.8895197657394
Colombia,2006,38.011716989635
Comoros,2006,71.4669532509404
Cabo Verde,2006,18.8585607940447
Costa Rica,2006,35.5464159811986
Caribbean small states,2006,2.72731417529641
Cuba,2006,62.294465846096
Curacao,2006,
Cayman Islands,2006,11.25
Cyprus,2006,16.991341991342
Czechia,2006,46.1611650485437
Germany,2006,48.5948612066988
Djibouti,2006,73.4253666954271
Dominica,2006,29.3333333333333
Denmark,2006,67.75
Dominican Republic,2006,47.6230656178845
Algeria,2006,17.2903003686381
East Asia & Pacific (excluding high income),2006,47.7948768914778
Early-demographic dividend,2006,40.0886907282567
East Asia & Pacific,2006,48.7665895634163
Europe & Central Asia (excluding high income),2006,67.5690018266422
Europe & Central Asia,2006,29.5543407838237
Ecuador,2006,29.9726203897568
"Egypt, Arab Rep.",2006,3.54914862624943
Euro area,2006,45.1872631826882
Eritrea,2006,62.5764277224781
Spain,2006,57.3429796785442
Estonia,2006,21.1960368011323
Ethiopia,2006,30.319510705705
European Union,2006,43.4917335006867
Finland,2006,7.56568346979711
Fiji,2006,18.4455391351943
France,2006,54.3885332591149
Faroe Islands,2006,69.154011461318
"Micronesia, Fed. Sts.",2006,7.85714285714286
Gabon,2006,8.13969030154849
United Kingdom,2006,73.7320712602819
Georgia,2006,36.2354295582098
Ghana,2006,52.930439922651
Gibraltar,2006,
Guinea,2006,57.7930225459873
"Gambia, The",2006,49.0118577075099
Guinea-Bissau,2006,25.3837126600285
Equatorial Guinea,2006,3.67593582887701
Greece,2006,61.0007757951901
Grenada,2006,26.4705882352941
Greenland,2006,0.58862224387867
Guatemala,2006,40.2711011571482
Guam,2006,37.037037037037
Guyana,2006,3.65252730505461
High income,2006,29.3573122583489
"Hong Kong SAR, China",2006,5.71428571428571
Honduras,2006,28.2420234158549
Heavily indebted poor countries (HIPC),2006,36.3184438406742
Croatia,2006,21.9784146951612
Haiti,2006,64.2235123367199
Hungary,2006,64.8253543131347
IBRD only,2006,36.0844466133988
IDA & IBRD total,2006,36.5670263858479
IDA total,2006,38.0661045155052
IDA blend,2006,44.0204643632149
Indonesia,2006,25.5208558741616
IDA only,2006,36.4356077681526
Isle of Man,2006,74.3157894736842
India,2006,60.5094191760365
Not classified,2006,
Ireland,2006,61.837712294963
"Iran, Islamic Rep.",2006,29.3794051916796
Iraq,2006,20.5281569380616
Iceland,2006,18.7630922693267
Israel,2006,23.5120147874307
Italy,2006,48.0288653379233
Jamaica,2006,43.1209602954755
Jordan,2006,11.5367180417044
Japan,2006,13.8639231824417
Kazakhstan,2006,78.481497944216
Kenya,2006,47.5348771831184
Kyrgyz Republic,2006,55.9494264859228
Cambodia,2006,30.3365057783821
Kiribati,2006,41.9753086419753
St. Kitts and Nevis,2006,19.2692307692308
"Korea, Rep.",2006,19.1783649876135
Kuwait,2006,8.41750841750842
Latin America & Caribbean (excluding high income),2006,34.12604362679
Lao PDR,2006,8.7738301559792
Lebanon,2006,66.3734115347019
Liberia,2006,16.0693563122924
Libya,2006,8.74376257430919
St. Lucia,2006,16.5573770491803
Latin America & Caribbean,2006,33.7416979289506
Least developed countries: UN classification,2006,35.9730548697926
Low income,2006,36.7289198953225
Liechtenstein,2006,39.0625
Sri Lanka,2006,38.7529899537554
Lower middle income,2006,41.5717029834293
Low & middle income,2006,41.6557472974993
Lesotho,2006,75.9881422924901
Late-demographic dividend,2006,34.3862126905014
Lithuania,2006,44.5229738353542
Luxembourg,2006,50.1075953792252
Latvia,2006,29.8102110016552
"Macao SAR, China",2006,
St. Martin (French part),2006,
Morocco,2006,67.0983643289267
Monaco,2006,
Moldova,2006,75.4940711462451
Madagascar,2006,70.3184647659662
Maldives,2006,23.3333333333333
"Middle East, North Africa, Afghanistan & Pakistan",2006,35.4657923163763
Mexico,2006,54.8213688623679
Marshall Islands,2006,47.2222222222222
Middle income,2006,42.604742342059
North Macedonia,2006,48.1321274085726
Mali,2006,33.1636876224195
Malta,2006,29.0625
Myanmar,2006,17.7467978637122
"Middle East, North Africa, Afghanistan & Pakistan (excluding high income)",2006,27.028761614797
Montenegro,2006,38.2899628252788
Mongolia,2006,73.6631225279957
Northern Mariana Islands,2006,6.52173913043478
Mozambique,2006,49.3139652585264
Mauritania,2006,38.5272145144077
Mauritius,2006,46.3054187192118
Malawi,2006,56.0564276622826
Malaysia,2006,21.5346218231624
North America,2006,26.1195205268617
Namibia,2006,47.1522792697591
New Caledonia,2006,12.2866520787746
Niger,2006,33.9377911107602
Nigeria,2006,72.4977041404526
Nicaragua,2006,43.2773807545288
Netherlands,2006,56.8601895734597
Norway,2006,2.83372211453166
Nepal,2006,29.1942797349145
Nauru,2006,20.0
New Zealand,2006,43.2000303824389
OECD members,2006,36.1511298028089
Oman,2006,4.72697899838449
Other small states,2006,27.9453844693928
Pakistan,2006,46.875
Panama,2006,29.9219800914716
Peru,2006,18.34840015625
Philippines,2006,38.8369051212396
Palau,2006,9.34782608695652
Papua New Guinea,2006,2.54162434306408
Poland,2006,52.0925829198224
Pre-demographic dividend,2006,38.5697003677416
Puerto Rico (US),2006,22.0744081172492
"Korea, Dem. People's Rep.",2006,21.5474545303546
Portugal,2006,41.0807915163442
Paraguay,2006,45.3439884218475
West Bank and Gaza,2006,77.4817774086379
Pacific island small states,2006,11.5996884735202
Post-demographic dividend,2006,35.5682594769083
French Polynesia,2006,9.67758571016998
Qatar,2006,5.6244616709733
Romania,2006,61.0444386468388
Russian Federation,2006,13.1573709193088
Rwanda,2006,76.3680583704905
South Asia,2006,58.6603230682975
Saudi Arabia,2006,80.8373339876913
Sudan,2006,
Senegal,2006,44.0970238404404
Singapore,2006,1.0806916426513
Solomon Islands,2006,3.46909610575205
Sierra Leone,2006,55.8309781102799
El Salvador,2006,58.730694980695
San Marino,2006,16.6666666666667
"Somalia, Fed. Rep.",2006,70.2585519813817
Serbia,2006,40.441344614681
Sub-Saharan Africa (excluding high income),2006,40.7434513337198
South Sudan,2006,
Sub-Saharan Africa,2006,40.742762134003
Small states,2006,12.879203143259
Sao Tome and Principe,2006,35.4166666666667
Suriname,2006,0.453561049223772
Slovak Republic,2006,40.3118503118503
Slovenia,2006,24.3793445878848
Sweden,2006,7.73334884863911
Eswatini,2006,71.1046511627907
Sint Maarten (Dutch part),2006,
Seychelles,2006,8.69565217391304
Syrian Arab Republic,2006,75.5704405598214
Turks and Caicos Islands,2006,1.05263157894737
Chad,2006,38.8580050825921
East Asia & Pacific (IDA & IBRD countries),2006,47.9929197694871
Europe & Central Asia (IDA & IBRD countries),2006,28.3244791058285
Togo,2006,65.6370656370656
Thailand,2006,43.9487952396798
Tajikistan,2006,33.8310945984567
Turkmenistan,2006,73.8407847977358
Latin America & the Caribbean (IDA & IBRD countries),2006,33.6130626450139
Timor-Leste,2006,22.3671822461332
"Middle East, North Africa, Afghanistan & Pakistan (IDA & IBRD)",2006,26.9985726894665
Tonga,2006,43.0555555555556
South Asia (IDA & IBRD),2006,58.6603230682975
Sub-Saharan Africa (IDA & IBRD countries),2006,40.742762134003
Trinidad and Tobago,2006,10.5263157894737
Tunisia,2006,63.1179196704428
Turkiye,2006,52.6135935449502
Tuvalu,2006,56.6666666666667
Tanzania,2006,40.4959358771732
Uganda,2006,67.3777588709274
Ukraine,2006,71.2579397956366
Upper middle income,2006,43.0435157224562
Uruguay,2006,83.961832933379
United States,2006,45.0668506164647
Uzbekistan,2006,60.3923368131238
St. Vincent and the Grenadines,2006,17.9487179487179
"Venezuela, RB",2006,24.4373901706252
British Virgin Islands,2006,46.6666666666667
Virgin Islands (U.S.),2006,11.4285714285714
Viet Nam,2006,32.2191850892757
Vanuatu,2006,15.1763740771124
World,2006,36.6404685668326
Samoa,2006,14.2049469964664
Kosovo,2006,
"Yemen, Rep.",2006,44.750648711101
South Africa,2006,79.8687648896619
Zambia,2006,31.0039144997915
Zimbabwe,2006,42.0098622204989
Aruba,2007,11.1111111111111
Africa Eastern and Southern,2007,42.6942102377561
Afghanistan,2007,58.129800837128
Africa Western and Central,2007,38.4959050739682
Angola,2007,35.4896927889629
Albania,2007,40.8394160583942
Andorra,2007,44.1914893617021
Arab World,2007,36.5161743521397
United Arab Emirates,2007,7.49929597296536
Argentina,2007,47.4910932549905
Armenia,2007,61.5349490691956
American Samoa,2007,12.4
Antigua and Barbuda,2007,20.4545454545455
Australia,2007,51.8536766332999
Austria,2007,34.2959282598158
Azerbaijan,2007,57.5645354536543
Burundi,2007,71.0669781931464
Belgium,2007,45.0631325618963
Benin,2007,29.9672224192976
Burkina Faso,2007,44.407644371345
Bangladesh,2007,71.1838365214719
Bulgaria,2007,47.1043182027438
Bahrain,2007,12.2133333333333
"Bahamas, The",2007,1.0989010989011
Bosnia and Herzegovina,2007,41.97265625
Belarus,2007,43.9426124070359
Belize,2007,6.66374397194213
Bermuda,2007,7.40740740740741
Bolivia,2007,34.415725653097
Brazil,2007,27.4788170573836
Barbados,2007,37.2093023255814
Brunei Darussalam,2007,2.35294117647059
Bhutan,2007,14.7703124590078
Botswana,2007,45.4960916132903
Central African Republic,2007,7.94664355195994
Canada,2007,6.6931456825485
Central Europe and the Baltics,2007,47.7693143736159
Switzerland,2007,39.0830777765012
Channel Islands,2007,41.4141414141414
Chile,2007,21.1584706508933
China,2007,56.1374176962452
Cote d'Ivoire,2007,66.0606006289308
Cameroon,2007,19.4897505870407
"Congo, Dem. Rep.",2007,11.3142630290466
"Congo, Rep.",2007,30.8914231332357
Colombia,2007,38.2478593961244
Comoros,2007,71.4669532509404
Cabo Verde,2007,18.8585607940447
Costa Rica,2007,35.2526439482961
Caribbean small states,2007,2.72006248199466
Cuba,2007,62.1946636602781
Curacao,2007,
Cayman Islands,2007,11.25
Cyprus,2007,15.9307359307359
Czechia,2007,46.5592233009709
Germany,2007,48.6133019760805
Djibouti,2007,73.4339948231234
Dominica,2007,29.3333333333333
Denmark,2007,66.575
Dominican Republic,2007,47.8957917615401
Algeria,2007,17.3201105074441
East Asia & Pacific (excluding high income),2007,47.9420135077584
Early-demographic dividend,2007,40.1443998466866
East Asia & Pacific,2007,48.4173645558051
Europe & Central Asia (excluding high income),2007,67.2392032168173
Europe & Central Asia,2007,29.3971838360869
Ecuador,2007,29.8437751650829
"Egypt, Arab Rep.",2007,3.55417148023507
Euro area,2007,44.7677952481057
Eritrea,2007,62.5616538406188
Spain,2007,56.1078720121817
Estonia,2007,21.5758433592828
Ethiopia,2007,31.0792400564507
European Union,2007,42.9573595837114
Finland,2007,7.54677891413726
Fiji,2007,18.128078817734
France,2007,54.1907412561462
Faroe Islands,2007,69.154011461318
"Micronesia, Fed. Sts.",2007,7.85714285714286
Gabon,2007,8.15932394147553
United Kingdom,2007,72.9425866986318
Georgia,2007,36.221038998417
Ghana,2007,54.8134481849345
Gibraltar,2007,
Guinea,2007,58.318871479733
"Gambia, The",2007,49.0118577075099
Guinea-Bissau,2007,25.6840327169275
Equatorial Guinea,2007,3.68057040998217
Greece,2007,60.1474010861133
Grenada,2007,26.4705882352941
Greenland,2007,0.589353148982824
Guatemala,2007,41.5080253826055
Guam,2007,35.1851851851852
Guyana,2007,3.65252730505461
High income,2007,29.0861177993216
"Hong Kong SAR, China",2007,5.71428571428571
Honduras,2007,28.2420234158549
Heavily indebted poor countries (HIPC),2007,36.5202949119993
Croatia,2007,21.4780930598242
Haiti,2007,64.2235123367199
Hungary,2007,64.8030353755161
IBRD only,2007,36.0927620383944
IDA & IBRD total,2007,36.6133198208022
IDA total,2007,38.2303417177047
IDA blend,2007,44.0827481901033
Indonesia,2007,26.0490159620222
IDA only,2007,36.6277288171873
Isle of Man,2007,73.8947368421053
India,2007,60.4132261981239
Not classified,2007,
Ireland,2007,62.0699666134417
"Iran, Islamic Rep.",2007,29.51509123505
Iraq,2007,20.8832338752086
Iceland,2007,18.713216957606
Israel,2007,23.9417744916821
Italy,2007,47.8902197363705
Jamaica,2007,42.8439519852262
Jordan,2007,10.9168177697189
Japan,2007,13.7909465020576
Kazakhstan,2007,78.3181835018706
Kenya,2007,47.5565720209439
Kyrgyz Republic,2007,55.9363920750782
Cambodia,2007,30.3365057783821
Kiribati,2007,41.9753086419753
St. Kitts and Nevis,2007,19.5769230769231
"Korea, Rep.",2007,18.9847296739579
Kuwait,2007,8.47362514029181
Latin America & Caribbean (excluding high income),2007,34.2043745748846
Lao PDR,2007,8.93847487001733
Lebanon,2007,66.1876832844575
Liberia,2007,16.3743864202658
Libya,2007,8.74376257430919
St. Lucia,2007,16.2786885245902
Latin America & Caribbean,2007,33.8037349037131
Least developed countries: UN classification,2007,36.1521937503076
Low income,2007,36.8935330956437
Liechtenstein,2007,38.25
Sri Lanka,2007,37.9907510763833
Lower middle income,2007,41.6653714910302
Low & middle income,2007,41.7295050506995
Lesotho,2007,76.7127799736495
Late-demographic dividend,2007,34.3834010772204
Lithuania,2007,43.0105296745373
Luxembourg,2007,50.8844573230891
Latvia,2007,29.5530878878943
"Macao SAR, China",2007,
St. Martin (French part),2007,
Morocco,2007,67.1297333632086
Monaco,2007,
Moldova,2007,75.554879902706
Madagascar,2007,70.3184647659662
Maldives,2007,23.3333333333333
"Middle East, North Africa, Afghanistan & Pakistan",2007,35.4905904139847
Mexico,2007,54.8882430103655
Marshall Islands,2007,47.2222222222222
Middle income,2007,42.6610082239005
North Macedonia,2007,42.6476416963932
Mali,2007,33.2710479515485
Malta,2007,29.0625
Myanmar,2007,18.337617823479
"Middle East, North Africa, Afghanistan & Pakistan (excluding high income)",2007,27.0597063945143
Montenegro,2007,38.2156133828996
Mongolia,2007,73.6327525489621
Northern Mariana Islands,2007,3.69565217391304
Mozambique,2007,49.5957450596404
Mauritania,2007,38.5272145144077
Mauritius,2007,45.320197044335
Malawi,2007,56.0564276622826
Malaysia,2007,21.6320194795313
North America,2007,26.0854685163434
Namibia,2007,47.1377036038334
New Caledonia,2007,11.9310722100656
Niger,2007,34.5638272677035
Nigeria,2007,72.8559424443054
Nicaragua,2007,43.0031577197939
Netherlands,2007,56.7061611374408
Norway,2007,2.82550842724316
Nepal,2007,29.0617370073247
Nauru,2007,20.0
New Zealand,2007,43.625384527743
OECD members,2007,35.7572743402767
Oman,2007,4.73344103392569
Other small states,2007,27.8840679153832
Pakistan,2007,46.7167393109174
Panama,2007,30.0215227333871
Peru,2007,18.422368359375
Philippines,2007,39.5412013281014
Palau,2007,9.34782608695652
Papua New Guinea,2007,2.6763238086826
Poland,2007,50.49947767041
Pre-demographic dividend,2007,38.7241898668616
Puerto Rico (US),2007,21.3077790304397
"Korea, Dem. People's Rep.",2007,21.5648368075741
Portugal,2007,40.0231769979228
Paraguay,2007,45.8482028693682
West Bank and Gaza,2007,77.6293853820598
Pacific island small states,2007,11.5794392523364
Post-demographic dividend,2007,35.153241164156
French Polynesia,2007,9.59930855661193
Qatar,2007,5.68475452196382
Romania,2007,59.2892252816564
Russian Federation,2007,13.1558444571717
Rwanda,2007,76.1248479935144
South Asia,2007,58.5465779845315
Saudi Arabia,2007,80.8353375602994
Sudan,2007,
Senegal,2007,44.1645457850725
Singapore,2007,1.15107913669065
Solomon Islands,2007,3.61557699178278
Sierra Leone,2007,50.2039346079246
El Salvador,2007,59.9083011583012
San Marino,2007,16.6666666666667
"Somalia, Fed. Rep.",2007,70.1788503841617
Serbia,2007,40.8518179739309
Sub-Saharan Africa (excluding high income),2007,40.9195012779991
South Sudan,2007,
Sub-Saharan Africa,2007,40.9187615430741
Small states,2007,12.8507118235217
Sao Tome and Principe,2007,35.4166666666667
Suriname,2007,0.436116393484396
Slovak Republic,2007,40.1247401247401
Slovenia,2007,24.7269116186693
Sweden,2007,7.66166420803079
Eswatini,2007,71.1046511627907
Sint Maarten (Dutch part),2007,
Seychelles,2007,6.52173913043478
Syrian Arab Republic,2007,75.6752341537791
Turks and Caicos Islands,2007,1.05263157894737
Chad,2007,38.8587992376112
East Asia & Pacific (IDA & IBRD countries),2007,48.1410389978028
Europe & Central Asia (IDA & IBRD countries),2007,28.1951240012498
Togo,2007,66.0967089538518
Thailand,2007,44.1288731429466
Tajikistan,2007,33.7882252072021
Turkmenistan,2007,73.5215883216649
Latin America & the Caribbean (IDA & IBRD countries),2007,33.676356130675
Timor-Leste,2007,22.3402824478816
"Middle East, North Africa, Afghanistan & Pakistan (IDA & IBRD)",2007,27.0294476929973
Tonga,2007,43.0555555555556
South Asia (IDA & IBRD),2007,58.5465779845315
Sub-Saharan Africa (IDA & IBRD countries),2007,40.9187615430741
Trinidad and Tobago,2007,10.5263157894737
Tunisia,2007,63.1114830072091
Turkiye,2007,51.3298598027624
Tuvalu,2007,60.0
Tanzania,2007,41.1135696545496
Uganda,2007,68.3824633401732
Ukraine,2007,71.2305594393524
Upper middle income,2007,43.0839037898132
Uruguay,2007,83.1333561878643
United States,2007,45.0623450106528
Uzbekistan,2007,59.9586223347646
St. Vincent and the Grenadines,2007,17.9487179487179
"Venezuela, RB",2007,24.4419250609376
British Virgin Islands,2007,46.6666666666667
Virgin Islands (U.S.),2007,11.4285714285714
Viet Nam,2007,32.1943447296182
Vanuatu,2007,15.3404429860541
World,2007,36.5735462437072
Samoa,2007,13.6042402826855
Kosovo,2007,
"Yemen, Rep.",2007,44.750648711101
South Africa,2007,79.8704135719526
Zambia,2007,30.9178224081572
Zimbabwe,2007,41.7441240791004
Aruba,2008,11.1111111111111
Africa Eastern and Southern,2008,42.8105401183541
Afghanistan,2008,58.132867240084
Africa Western and Central,2008,38.6404725297321
Angola,2008,35.4495869094409
Albania,2008,43.1021897810219
Andorra,2008,44.1702127659574
Arab World,2008,36.445617591847
United Arab Emirates,2008,7.5978597578147
Argentina,2008,46.4235627710848
Armenia,2008,61.4260625219529
American Samoa,2008,12.55
Antigua and Barbuda,2008,20.4545454545455
Australia,2008,50.6733660492301
Austria,2008,34.0450799806108
Azerbaijan,2008,57.5683493289119
Burundi,2008,71.183800623053
Belgium,2008,45.0103847295025
Benin,2008,31.7833628946435
Burkina Faso,2008,44.9132383040936
Bangladesh,2008,71.0839671199201
Bulgaria,2008,46.9662093729859
Bahrain,2008,11.9210526315789
"Bahamas, The",2008,1.0989010989011
Bosnia and Herzegovina,2008,41.6015625
Belarus,2008,43.9473243240579
Belize,2008,6.66374397194213
Bermuda,2008,5.55555555555556
Bolivia,2008,34.534601033878
Brazil,2008,27.5650563402862
Barbados,2008,37.2093023255814
Brunei Darussalam,2008,2.35294117647059
Bhutan,2008,13.6763124065378
Botswana,2008,45.6672489545286
Central African Republic,2008,7.94792770233394
Canada,2008,6.62890005008036
Central Europe and the Baltics,2008,47.9949095427671
Switzerland,2008,38.9991102489111
Channel Islands,2008,40.9090909090909
Chile,2008,20.7361278330993
China,2008,56.2006719746855
Cote d'Ivoire,2008,65.7955125786164
Cameroon,2008,19.5955236825961
"Congo, Dem. Rep.",2008,11.3363181226704
"Congo, Rep.",2008,30.8930483162518
Colombia,2008,38.408292023434
Comoros,2008,71.4669532509404
Cabo Verde,2008,19.3548387096774
Costa Rica,2008,35.1155503329416
Caribbean small states,2008,2.72212005587267
Cuba,2008,61.6967305524239
Curacao,2008,
Cayman Islands,2008,11.25
Cyprus,2008,12.5108225108225
Czechia,2008,46.2404194717763
Germany,2008,48.5356968706078
Djibouti,2008,73.4210526315789
Dominica,2008,29.3333333333333
Denmark,2008,66.7
Dominican Republic,2008,46.9829931691161
Algeria,2008,17.344042590711
East Asia & Pacific (excluding high income),2008,48.046385962321
Early-demographic dividend,2008,39.9013774793904
East Asia & Pacific,2008,48.1075372858401
Europe & Central Asia (excluding high income),2008,67.0237257309698
Europe & Central Asia,2008,29.3836298742286
Ecuador,2008,29.9766468030279
"Egypt, Arab Rep.",2008,3.55818976342358
Euro area,2008,45.0397743896067
Eritrea,2008,62.5487918988311
Spain,2008,56.4194065757819
Estonia,2008,21.3918376975702
Ethiopia,2008,30.5812240163046
European Union,2008,43.1642897002956
Finland,2008,7.55643303718328
Fiji,2008,17.8106185002737
France,2008,54.0126171258929
Faroe Islands,2008,69.154011461318
"Micronesia, Fed. Sts.",2008,7.85714285714286
Gabon,2008,8.17895758140257
United Kingdom,2008,73.0955234985326
Georgia,2008,36.1778673190387
Ghana,2008,52.75890261053
Gibraltar,2008,
Guinea,2008,58.9289268272831
"Gambia, The",2008,55.9288537549407
Guinea-Bissau,2008,25.9843527738265
Equatorial Guinea,2008,3.68520499108734
Greece,2008,59.4026377036462
Grenada,2008,26.4705882352941
Greenland,2008,0.590084054086978
Guatemala,2008,41.3773796192609
Guam,2008,35.1851851851852
Guyana,2008,3.65252730505461
High income,2008,28.9575391429025
"Hong Kong SAR, China",2008,5.71428571428571
Honduras,2008,28.4565197962284
Heavily indebted poor countries (HIPC),2008,36.6471395056396
Croatia,2008,23.0344507183189
Haiti,2008,64.2235123367199
Hungary,2008,64.6133244057583
IBRD only,2008,36.0029500784016
IDA & IBRD total,2008,36.5665721219881
IDA total,2008,38.317369889694
IDA blend,2008,43.9701911211544
Indonesia,2008,26.2043436045121
IDA only,2008,36.769394977673
Isle of Man,2008,77.6842105263158
India,2008,60.4593046525785
Not classified,2008,
Ireland,2008,67.1940775148788
"Iran, Islamic Rep.",2008,28.6629092070041
Iraq,2008,18.7511717767565
Iceland,2008,18.713216957606
Israel,2008,23.826247689464
Italy,2008,48.8884680675508
Jamaica,2008,41.4589104339797
Jordan,2008,11.0210788757933
Japan,2008,13.7152263374486
Kazakhstan,2008,78.1017890876764
Kenya,2008,47.5958372280985
Kyrgyz Republic,2008,55.9290928050052
Cambodia,2008,30.3365057783821
Kiribati,2008,41.9753086419753
St. Kitts and Nevis,2008,19.6153846153846
"Korea, Rep.",2008,18.733890091762
Kuwait,2008,8.47362514029181
Latin America & Caribbean (excluding high income),2008,33.9441481485739
Lao PDR,2008,9.11611785095321
Lebanon,2008,64.8093841642229
Liberia,2008,16.6862728405316
Libya,2008,8.74376257430919
St. Lucia,2008,16.2950819672131
Latin America & Caribbean,2008,33.550093550184
Least developed countries: UN classification,2008,36.3092867102179
Low income,2008,36.9541978147205
Liechtenstein,2008,37.4375
Sri Lanka,2008,41.4224206665604
Lower middle income,2008,41.7416303278248
Low & middle income,2008,41.6707161596115
Lesotho,2008,77.7997364953887
Late-demographic dividend,2008,34.4226088826182
Lithuania,2008,42.6342241723175
Luxembourg,2008,50.8844573230891
Latvia,2008,29.3281051633535
"Macao SAR, China",2008,
St. Martin (French part),2008,
Morocco,2008,67.1767869146314
Monaco,2008,
Moldova,2008,75.4332623897841
Madagascar,2008,70.3219039103071
Maldives,2008,23.3333333333333
"Middle East, North Africa, Afghanistan & Pakistan",2008,35.2549073266679
Mexico,2008,53.1675197407341
Marshall Islands,2008,47.2222222222222
Middle income,2008,42.5792073599617
North Macedonia,2008,42.1323820848197
Mali,2008,33.4627970234144
Malta,2008,29.0625
Myanmar,2008,18.7919976733863
"Middle East, North Africa, Afghanistan & Pakistan (excluding high income)",2008,26.7643950725694
Montenegro,2008,38.1412639405204
Mongolia,2008,73.5213912374525
Northern Mariana Islands,2008,3.69565217391304
Mozambique,2008,49.8775248607543
Mauritania,2008,38.5272145144077
Mauritius,2008,44.8275862068966
Malawi,2008,57.6474331777683
Malaysia,2008,21.7635063156293
North America,2008,26.1862445580715
Namibia,2008,47.1377036038334
New Caledonia,2008,11.5207877461707
Niger,2008,34.5638272677035
Nigeria,2008,72.9272921813411
Nicaragua,2008,42.6458367957454
Netherlands,2008,57.1475118483412
Norway,2008,2.80579557775076
Nepal,2008,28.9640739448901
Nauru,2008,20.0
New Zealand,2008,43.1962325775702
OECD members,2008,35.4659382471701
Oman,2008,4.70823909531502
Other small states,2008,27.6037636684818
Pakistan,2008,45.8086861768369
Panama,2008,29.986548291633
Peru,2008,18.496336640625
Philippines,2008,40.2790354495757
Palau,2008,9.34782608695652
Papua New Guinea,2008,2.74919401139425
Poland,2008,50.9337251061051
Pre-demographic dividend,2008,38.8505147486545
Puerto Rico (US),2008,21.4994363021421
"Korea, Dem. People's Rep.",2008,22.060393655012
Portugal,2008,40.7331365475019
Paraguay,2008,46.683370249182
West Bank and Gaza,2008,77.9329568106312
Pacific island small states,2008,11.4517133956386
Post-demographic dividend,2008,34.9324108918724
French Polynesia,2008,9.52106021319504
Qatar,2008,5.74504737295435
Romania,2008,59.3040452370596
Russian Federation,2008,13.1584362579663
Rwanda,2008,76.2059181191731
South Asia,2008,58.6312595266735
Saudi Arabia,2008,80.8328759960739
Sudan,2008,
Senegal,2008,48.1743104970654
Singapore,2008,1.0
Solomon Islands,2008,3.58342265094677
Sierra Leone,2008,51.430174563591
El Salvador,2008,59.7249034749035
San Marino,2008,16.6666666666667
"Somalia, Fed. Rep.",2008,70.3382535786017
Serbia,2008,41.2028355819803
Sub-Saharan Africa (excluding high income),2008,41.0477723571293
South Sudan,2008,
Sub-Saharan Africa,2008,41.047029862374
Small states,2008,12.7364479218786
Sao Tome and Principe,2008,35.4166666666667
Suriname,2008,0.441100580838504
Slovak Republic,2008,40.2702702702703
Slovenia,2008,30.7035569983421
Sweden,2008,7.55094580763918
Eswatini,2008,71.1046511627907
Sint Maarten (Dutch part),2008,
Seychelles,2008,6.52173913043478
Syrian Arab Republic,2008,75.6806795905032
Turks and Caicos Islands,2008,1.05263157894737
Chad,2008,38.8587992376112
East Asia & Pacific (IDA & IBRD countries),2008,48.2424391773884
Europe & Central Asia (IDA & IBRD countries),2008,28.1511781343281
Togo,2008,66.8321382607097
Thailand,2008,44.3109084147272
Tajikistan,2008,33.7739354101172
Turkmenistan,2008,73.0959930202371
Latin America & the Caribbean (IDA & IBRD countries),2008,33.4236706367591
Timor-Leste,2008,22.649630127774
"Middle East, North Africa, Afghanistan & Pakistan (IDA & IBRD)",2008,26.7337780256021
Tonga,2008,43.0555555555556
South Asia (IDA & IBRD),2008,58.6312595266735
Sub-Saharan Africa (IDA & IBRD countries),2008,41.047029862374
Trinidad and Tobago,2008,10.5263157894737
Tunisia,2008,63.6006694129763
Turkiye,2008,50.8322180788171
Tuvalu,2008,60.0
Tanzania,2008,41.7412508466923
Uganda,2008,69.6374055352585
Ukraine,2008,71.2766691983705
Upper middle income,2008,42.9349611339728
Uruguay,2008,83.8418466460976
United States,2008,45.3549551239585
Uzbekistan,2008,59.5457913098927
St. Vincent and the Grenadines,2008,17.9487179487179
"Venezuela, RB",2008,24.4884076866391
British Virgin Islands,2008,46.6666666666667
Virgin Islands (U.S.),2008,11.4285714285714
Viet Nam,2008,32.7399677741119
Vanuatu,2008,15.3404429860541
World,2008,36.4872317848777
Samoa,2008,13.0742049469965
Kosovo,2008,
"Yemen, Rep.",2008,44.5423035399739
South Africa,2008,80.0501199416366
Zambia,2008,31.0563768681311
Zimbabwe,2008,42.3663220886649
Aruba,2009,11.1111111111111
Africa Eastern and Southern,2009,43.077173636542
Afghanistan,2009,58.132867240084
Africa Western and Central,2009,38.7959397310127
Angola,2009,35.7985080612818
Albania,2009,43.8430656934307
Andorra,2009,44.1914893617021
Arab World,2009,36.4175899646314
United Arab Emirates,2009,5.46184173472261
Argentina,2009,45.4302094866426
Armenia,2009,61.3382507903056
American Samoa,2009,12.7
Antigua and Barbuda,2009,20.4545454545455
Australia,2009,50.0184840477461
Austria,2009,33.8705768298594
Azerbaijan,2009,57.5790951562538
Burundi,2009,71.3006230529595
Belgium,2009,44.9543401575841
Benin,2009,33.170672224193
Burkina Faso,2009,45.4371067251462
Bangladesh,2009,71.0301912883153
Bulgaria,2009,46.3338246131172
Bahrain,2009,11.7763157894737
"Bahamas, The",2009,1.0989010989011
Bosnia and Herzegovina,2009,41.5625
Belarus,2009,43.9974765645792
Belize,2009,6.79526523454625
Bermuda,2009,5.55555555555556
Bolivia,2009,34.6534765069694
Brazil,2009,27.6512956231889
Barbados,2009,37.2093023255814
Brunei Darussalam,2009,2.5426944971537
Bhutan,2009,13.6422068893145
Botswana,2009,45.7325357754133
Central African Republic,2009,7.93813605573213
Canada,2009,6.56465441761223
Central Europe and the Baltics,2009,47.9163379859727
Switzerland,2009,38.9154514632651
Channel Islands,2009,44.4444444444444
Chile,2009,20.3137863602374
China,2009,56.2639250438662
Cote d'Ivoire,2009,65.6981257861635
Cameroon,2009,19.7012967781515
"Congo, Dem. Rep.",2009,11.8599060453012
"Congo, Rep.",2009,30.9318155197657
Colombia,2009,38.3415953132041
Comoros,2009,71.4669532509404
Cabo Verde,2009,19.3548387096774
Costa Rica,2009,35.5660007833921
Caribbean small states,2009,2.75975860242155
Cuba,2009,61.1969184517099
Curacao,2009,
Cayman Islands,2009,11.25
Cyprus,2009,13.8095238095238
Czechia,2009,45.907172449508
Germany,2009,48.4380826711798
Djibouti,2009,73.4253666954271
Dominica,2009,30.6666666666667
Denmark,2009,65.85
Dominican Republic,2009,48.1226019457669
Algeria,2009,17.3738527295171
East Asia & Pacific (excluding high income),2009,48.1455350624515
Early-demographic dividend,2009,39.8531812192665
East Asia & Pacific,2009,47.9688278631017
Europe & Central Asia (excluding high income),2009,66.8833841031184
Europe & Central Asia,2009,29.3010982447306
Ecuador,2009,30.3366081494605
"Egypt, Arab Rep.",2009,3.70586167060124
Euro area,2009,44.7025368773182
Eritrea,2009,62.7077358945754
Spain,2009,56.0903220631292
Estonia,2009,21.9815994338287
Ethiopia,2009,30.9988954345277
European Union,2009,42.8952939704759
Finland,2009,7.55676209279368
Fiji,2009,17.504105090312
France,2009,53.8452546618425
Faroe Islands,2009,69.0616045845272
"Micronesia, Fed. Sts.",2009,7.14285714285714
Gabon,2009,8.19859122132961
United Kingdom,2009,71.6116231967925
Georgia,2009,35.9476183623543
Ghana,2009,54.1024233101872
Gibraltar,2009,
Guinea,2009,58.4625895328016
"Gambia, The",2009,61.4624505928854
Guinea-Bissau,2009,26.2846728307255
Equatorial Guinea,2009,3.68983957219251
Greece,2009,58.6501163692785
Grenada,2009,29.4117647058824
Greenland,2009,0.590814959191132
Guatemala,2009,40.7764091078761
Guam,2009,33.3333333333333
Guyana,2009,3.65252730505461
High income,2009,28.8563363615883
"Hong Kong SAR, China",2009,5.71428571428571
Honduras,2009,28.5816426847797
Heavily indebted poor countries (HIPC),2009,36.8804427630841
Croatia,2009,23.2220713315703
Haiti,2009,65.9045718432511
Hungary,2009,63.8793770020987
IBRD only,2009,35.9847764100018
IDA & IBRD total,2009,36.59812339394
IDA total,2009,38.5033169007379
IDA blend,2009,44.0252977574392
Indonesia,2009,26.5727183586424
IDA only,2009,36.9911801485811
Isle of Man,2009,76.1754385964912
India,2009,60.5639061075814
Not classified,2009,
Ireland,2009,66.6848599216142
"Iran, Islamic Rep.",2009,28.6636459638007
Iraq,2009,18.0645606925769
Iceland,2009,18.7032418952618
Israel,2009,24.1497227356747
Italy,2009,47.2828843695683
Jamaica,2009,41.1819021237304
Jordan,2009,11.5453931065555
Japan,2009,13.6477366255144
Kazakhstan,2009,78.0765640626736
Kenya,2009,47.9865096461328
Kyrgyz Republic,2009,55.3561001042753
Cambodia,2009,30.1876954452753
Kiribati,2009,41.9753086419753
St. Kitts and Nevis,2009,21.1538461538462
"Korea, Rep.",2009,18.4937152276942
Kuwait,2009,8.5016835016835
Latin America & Caribbean (excluding high income),2009,33.8117708221681
Lao PDR,2009,9.39341421143848
Lebanon,2009,64.8093841642229
Liberia,2009,16.9967929817276
Libya,2009,8.74376257430919
St. Lucia,2009,16.2950819672131
Latin America & Caribbean,2009,33.4187740616131
Least developed countries: UN classification,2009,36.5436579496213
Low income,2009,37.1825418743318
Liechtenstein,2009,36.625
Sri Lanka,2009,41.6137777069048
Lower middle income,2009,41.8612166270738
Low & middle income,2009,41.711652870153
Lesotho,2009,77.0421607378129
Late-demographic dividend,2009,34.4346611216753
Lithuania,2009,42.9038691663343
Luxembourg,2009,50.7679280315095
Latvia,2009,29.456666720234
"Macao SAR, China",2009,
St. Martin (French part),2009,
Morocco,2009,67.2251848532377
Monaco,2009,
Moldova,2009,75.1596229857099
Madagascar,2009,70.3219039103071
Maldives,2009,23.3333333333333
"Middle East, North Africa, Afghanistan & Pakistan",2009,35.2275787237205
Mexico,2009,52.8213174207156
Marshall Islands,2009,47.2222222222222
Middle income,2009,42.5840838818948
North Macedonia,2009,40.1665344964314
Mali,2009,33.6473069767823
Malta,2009,29.0625
Myanmar,2009,19.04331853666
"Middle East, North Africa, Afghanistan & Pakistan (excluding high income)",2009,26.7428112952585
Montenegro,2009,38.2156133828996
Mongolia,2009,73.3692547623991
Northern Mariana Islands,2009,3.69565217391304
Mozambique,2009,50.1593046618683
Mauritania,2009,38.5272145144077
Mauritius,2009,44.8275862068966
Malawi,2009,58.1777683495969
Malaysia,2009,21.9753462182316
North America,2009,26.2661439941912
Namibia,2009,47.1377036038334
New Caledonia,2009,11.2472647702407
Niger,2009,34.5638272677035
Nigeria,2009,73.3103218156066
Nicaragua,2009,42.2885158716969
Netherlands,2009,56.8455380966499
Norway,2009,2.77693815641051
Nepal,2009,28.8803627485176
Nauru,2009,20.0
New Zealand,2009,43.6367779423493
OECD members,2009,35.2931393576116
Oman,2009,4.69919224555735
Other small states,2009,27.7472006073259
Pakistan,2009,45.7619863013699
Panama,2009,30.0188323917137
Peru,2009,18.57030484375
Philippines,2009,40.580876681088
Palau,2009,9.34782608695652
Papua New Guinea,2009,2.79777414653535
Poland,2009,50.9958208175526
Pre-demographic dividend,2009,39.0701219828441
Puerto Rico (US),2009,21.6798196166855
"Korea, Dem. People's Rep.",2009,22.1428535835894
Portugal,2009,40.3491647559777
Paraguay,2009,46.8934983639567
West Bank and Gaza,2009,71.3870431893688
Pacific island small states,2009,11.3816199376947
Post-demographic dividend,2009,34.7722160132759
French Polynesia,2009,9.29873235378853
Qatar,2009,5.80534022394488
Romania,2009,59.2062940102582
Russian Federation,2009,13.1584362579663
Rwanda,2009,77.2598297527361
South Asia,2009,58.7216761150558
Saudi Arabia,2009,80.831344752034
Sudan,2009,
Senegal,2009,48.1898924842882
Singapore,2009,1.0
Solomon Islands,2009,3.67988567345481
Sierra Leone,2009,52.6596009975062
El Salvador,2009,59.5415057915058
San Marino,2009,16.6666666666667
"Somalia, Fed. Rep.",2009,70.3382535786017
Serbia,2009,40.2241024468328
Sub-Saharan Africa (excluding high income),2009,41.2674060813725
South Sudan,2009,
Sub-Saharan Africa,2009,41.2666541893757
Small states,2009,12.8040452407409
Sao Tome and Principe,2009,35.4166666666667
Suriname,2009,0.500910829087792
Slovak Republic,2009,40.1330838012061
Slovenia,2009,31.0297928104121
Sweden,2009,7.52983320800796
Eswatini,2009,71.1627906976744
Sint Maarten (Dutch part),2009,
Seychelles,2009,6.30434782608696
Syrian Arab Republic,2009,75.7351339577434
Turks and Caicos Islands,2009,1.05263157894737
Chad,2009,38.9413913595934
East Asia & Pacific (IDA & IBRD countries),2009,48.341712425429
Europe & Central Asia (IDA & IBRD countries),2009,28.1125148840865
Togo,2009,67.1998529141386
Thailand,2009,44.4929436865079
Tajikistan,2009,34.0054301228923
Turkmenistan,2009,72.7874364267018
Latin America & the Caribbean (IDA & IBRD countries),2009,33.2941031552315
Timor-Leste,2009,22.7572293207801
"Middle East, North Africa, Afghanistan & Pakistan (IDA & IBRD)",2009,26.7160914580678
Tonga,2009,44.4444444444444
South Asia (IDA & IBRD),2009,58.7216761150558
Sub-Saharan Africa (IDA & IBRD countries),2009,41.2666541893757
Trinidad and Tobago,2009,10.5263157894737
Tunisia,2009,63.0084963954686
Turkiye,2009,50.5580603666697
Tuvalu,2009,60.0
Tanzania,2009,41.9809212011741
Uganda,2009,70.6421100045043
Ukraine,2009,71.2490506110613
Upper middle income,2009,42.891132813042
Uruguay,2009,84.6417552279739
United States,2009,45.576134822715
Uzbekistan,2009,59.1336063035475
St. Vincent and the Grenadines,2009,17.9487179487179
"Venezuela, RB",2009,24.3750354288306
British Virgin Islands,2009,46.6666666666667
Virgin Islands (U.S.),2009,11.4285714285714
Viet Nam,2009,32.9068109297165
Vanuatu,2009,15.3404429860541
World,2009,36.4700497062242
Samoa,2009,12.3321554770318
Kosovo,2009,
"Yemen, Rep.",2009,44.4191904843078
South Africa,2009,79.9511990041959
Zambia,2009,31.7276261450921
Zimbabwe,2009,41.9757303864547
Aruba,2010,11.1111111111111
Africa Eastern and Southern,2010,43.2947549789473
Afghanistan,2010,58.134400441562
Africa Western and Central,2010,38.997247567374
Angola,2010,35.9749739311783
Albania,2010,43.8430656934307
Andorra,2010,42.063829787234
Arab World,2010,36.4664334068114
United Arab Emirates,2010,5.52379611377077
Argentina,2010,46.1389123357048
Armenia,2010,60.9413417632596
American Samoa,2010,12.85
Antigua and Barbuda,2010,20.4545454545455
Australia,2010,48.9920987204353
Austria,2010,33.6791080950073
Azerbaijan,2010,57.6703445605885
Burundi,2010,71.3785046728972
Belgium,2010,44.6938977351399
Benin,2010,30.9253636041149
Burkina Faso,2010,46.0212825292398
Bangladesh,2010,70.9917799800261
Bulgaria,2010,46.5364775239499
Bahrain,2010,11.6141732283465
"Bahamas, The",2010,1.1988011988012
Bosnia and Herzegovina,2010,41.875
Belarus,2010,43.8536830588166
Belize,2010,6.88294607628233
Bermuda,2010,5.55555555555556
Bolivia,2010,34.7723519800609
Brazil,2010,27.7375349060916
Barbados,2010,34.8837209302326
Brunei Darussalam,2010,2.5426944971537
Bhutan,2010,13.6422068893145
Botswana,2010,45.6319587810774
Central African Republic,2010,7.89688272496709
Canada,2010,6.50040878514409
Central Europe and the Baltics,2010,47.0522120681448
Switzerland,2010,38.8328388786286
Channel Islands,2010,46.010101010101
Chile,2010,19.7952795575712
China,2010,56.1834730812931
Cote d'Ivoire,2010,65.7358081761006
Cameroon,2010,20.5199805377504
"Congo, Dem. Rep.",2010,12.5400851326614
"Congo, Rep.",2010,30.9675080527086
Colombia,2010,38.3082469580892
Comoros,2010,71.4669532509404
Cabo Verde,2010,19.3548387096774
Costa Rica,2010,35.6247551899726
Caribbean small states,2010,2.76502799893839
Cuba,2010,60.7027433295753
Curacao,2010,
Cayman Islands,2010,11.25
Cyprus,2010,12.3917748917749
Czechia,2010,45.6289006862618
Germany,2010,47.9100324181656
Djibouti,2010,73.4383088869715
Dominica,2010,33.3333333333333
Denmark,2010,65.65
Dominican Republic,2010,47.5629331401366
Algeria,2010,17.3713335628574
East Asia & Pacific (excluding high income),2010,48.1491617965991
Early-demographic dividend,2010,39.863271691349
East Asia & Pacific,2010,47.6430213008192
Europe & Central Asia (excluding high income),2010,67.7601556032929
Europe & Central Asia,2010,29.4281474293608
Ecuador,2010,30.1888387824126
"Egypt, Arab Rep.",2010,3.68777939625295
Euro area,2010,44.5264203665938
Eritrea,2010,62.7100610487235
Spain,2010,55.0888982220356
Estonia,2010,22.3826374144845
Ethiopia,2010,31.6178601080481
European Union,2010,42.4953256659804
Finland,2010,7.54162553471537
Fiji,2010,17.4657909140668
France,2010,53.6715836348455
Faroe Islands,2010,69.0508595988539
"Micronesia, Fed. Sts.",2010,7.14285714285714
Gabon,2010,8.21822486125665
United Kingdom,2010,71.1941470673335
Georgia,2010,35.4007770902288
Ghana,2010,54.4978377428144
Gibraltar,2010,
Guinea,2010,61.2889772912258
"Gambia, The",2010,63.6363636363636
Guinea-Bissau,2010,26.5849928876245
Equatorial Guinea,2010,3.69447415329768
Greece,2010,58.0993017843289
Grenada,2010,29.4117647058824
Greenland,2010,0.591545864295286
Guatemala,2010,40.287420679358
Guam,2010,33.3333333333333
Guyana,2010,3.65252730505461
High income,2010,28.6823307065408
"Hong Kong SAR, China",2010,5.23809523809524
Honduras,2010,29.207257127536
Heavily indebted poor countries (HIPC),2010,37.1480171852405
Croatia,2010,23.8331784718748
Haiti,2010,71.988388969521
Hungary,2010,59.0191096873964
IBRD only,2010,36.0819808346724
IDA & IBRD total,2010,36.7117384830529
IDA total,2010,38.6678665854892
IDA blend,2010,44.0844382618194
Indonesia,2010,26.568260667402
IDA only,2010,37.184663977691
Isle of Man,2010,76.1052631578947
India,2010,60.3974182611942
Not classified,2010,
Ireland,2010,66.3086079256786
"Iran, Islamic Rep.",2010,28.5735160490189
Iraq,2010,18.9231442254559
Iceland,2010,18.6932668329177
Israel,2010,23.3133086876155
Italy,2010,48.45088902265
Jamaica,2010,38.9012003693444
Jordan,2010,11.2897048884884
Japan,2010,13.5884773662551
Kazakhstan,2010,80.4392339889617
Kenya,2010,48.11958182521
Kyrgyz Republic,2010,55.3279457768509
Cambodia,2010,30.4861262179923
Kiribati,2010,41.9753086419753
St. Kitts and Nevis,2010,21.9230769230769
"Korea, Rep.",2010,18.2407407407407
Kuwait,2010,8.5297418630752
Latin America & Caribbean (excluding high income),2010,33.9286707702131
Lao PDR,2010,9.50389948006932
Lebanon,2010,62.5610948191593
Liberia,2010,17.3072529069767
Libya,2010,8.72443934210078
St. Lucia,2010,16.2950819672131
Latin America & Caribbean,2010,33.4920167188416
Least developed countries: UN classification,2010,36.7956478637647
Low income,2010,37.4682235394596
Liechtenstein,2010,35.8125
Sri Lanka,2010,41.7796204752033
Lower middle income,2010,41.8745058254017
Low & middle income,2010,41.8684468622982
Lesotho,2010,76.6139657444005
Late-demographic dividend,2010,34.5644555467493
Lithuania,2010,44.2329477463103
Luxembourg,2010,50.8999945619664
Latvia,2010,29.0067012711524
"Macao SAR, China",2010,
St. Martin (French part),2010,
Morocco,2010,67.1931436253641
Monaco,2010,
Moldova,2010,75.0380517503805
Madagascar,2010,70.3219039103071
Maldives,2010,23.0
"Middle East, North Africa, Afghanistan & Pakistan",2010,35.2553147163794
Mexico,2010,52.3712029630392
Marshall Islands,2010,47.2222222222222
Middle income,2010,42.7160941695889
North Macedonia,2010,44.3695479777954
Mali,2010,33.6631545906785
Malta,2010,32.28125
Myanmar,2010,19.1746012307504
"Middle East, North Africa, Afghanistan & Pakistan (excluding high income)",2010,26.7821398018161
Montenegro,2010,38.0669144981413
Mongolia,2010,73.3388467572954
Northern Mariana Islands,2010,3.69565217391304
Mozambique,2010,50.4410844629823
Mauritania,2010,38.5272145144077
Mauritius,2010,44.8275862068966
Malawi,2010,58.1777683495969
Malaysia,2010,22.4906406939583
North America,2010,26.34604342479
Namibia,2010,47.1389182426605
New Caledonia,2010,10.8643326039387
Niger,2010,34.7217178495303
Nigeria,2010,73.4421967126717
Nicaragua,2010,41.9644341033738
Netherlands,2010,55.5084494515268
Norway,2010,2.75404934783323
Nepal,2010,28.782699686083
Nauru,2010,20.0
New Zealand,2010,43.3253579431089
OECD members,2010,35.0097345130204
Oman,2010,4.66300484652666
Other small states,2010,27.7372487116224
Pakistan,2010,45.7165836446658
Panama,2010,30.4868173258004
Peru,2010,18.644273125
Philippines,2010,40.580876681088
Palau,2010,9.34782608695652
Papua New Guinea,2010,2.79777414653535
Poland,2010,47.1757868616952
Pre-demographic dividend,2010,39.314132584964
Puerto Rico (US),2010,21.8602029312289
"Korea, Dem. People's Rep.",2010,22.2015447221992
Portugal,2010,39.8970411616989
Paraguay,2010,47.4473657186006
West Bank and Gaza,2010,62.2757475083056
Pacific island small states,2010,11.3317757009346
Post-demographic dividend,2010,34.5273567718823
French Polynesia,2010,9.22048401037165
Qatar,2010,5.8656330749354
Romania,2010,61.5344490328189
Russian Federation,2010,13.1584362579663
Rwanda,2010,77.9083907580057
South Asia,2010,58.5712207613453
Saudi Arabia,2010,80.8209750708242
Sudan,2010,
Senegal,2010,48.1898924842882
Singapore,2010,1.05413105413105
Solomon Islands,2010,3.35476956055734
Sierra Leone,2010,54.4524799113328
El Salvador,2010,59.3581081081081
San Marino,2010,16.6666666666667
"Somalia, Fed. Rep.",2010,70.3382535786017
Serbia,2010,40.2652641207409
Sub-Saharan Africa (excluding high income),2010,41.4781917423391
South Sudan,2010,
Sub-Saharan Africa,2010,41.4774119670503
Small states,2010,12.7988509704579
Sao Tome and Principe,2010,34.375
Suriname,2010,0.48782733728326
Slovak Republic,2010,40.4379197770893
Slovenia,2010,30.9666339061461
Sweden,2010,7.54579040540365
Eswatini,2010,70.9908895348837
Sint Maarten (Dutch part),2010,
Seychelles,2010,5.21739130434783
Syrian Arab Republic,2010,75.7392582911289
Turks and Caicos Islands,2010,1.05263157894737
Chad,2010,39.1002223634053
East Asia & Pacific (IDA & IBRD countries),2010,48.3449172197099
Europe & Central Asia (IDA & IBRD countries),2010,28.3125895636356
Togo,2010,67.3837102408531
Thailand,2010,44.6749789582885
Tajikistan,2010,27.2092026293227
Turkmenistan,2010,72.3512012427383
Latin America & the Caribbean (IDA & IBRD countries),2010,33.3703237237626
Timor-Leste,2010,22.7303295225286
"Middle East, North Africa, Afghanistan & Pakistan (IDA & IBRD)",2010,26.7608966462757
Tonga,2010,44.4444444444444
South Asia (IDA & IBRD),2010,58.5712207613453
Sub-Saharan Africa (IDA & IBRD countries),2010,41.4774119670503
Trinidad and Tobago,2010,10.5263157894737
Tunisia,2010,64.6112255406797
Turkiye,2010,50.6892922573184
Tuvalu,2010,60.0
Tanzania,2010,42.2205915556559
Uganda,2010,71.1400359066427
Ukraine,2010,71.2335151556998
Upper middle income,2010,43.0735670630431
Uruguay,2010,82.4648611587247
United States,2010,45.7973145105396
Uzbekistan,2010,58.7255558716379
St. Vincent and the Grenadines,2010,17.9487179487179
"Venezuela, RB",2010,24.3750354288306
British Virgin Islands,2010,46.6666666666667
Virgin Islands (U.S.),2010,11.4285714285714
Viet Nam,2010,34.3450560815081
Vanuatu,2010,15.3404429860541
World,2010,36.491915878973
Samoa,2010,14.6643109540636
Kosovo,2010,
"Yemen, Rep.",2010,44.6597344546092
South Africa,2010,79.871237913098
Zambia,2010,31.5258478053243
Zimbabwe,2010,41.7133537546853
Aruba,2011,11.1111111111111
Africa Eastern and Southern,2011,43.5562176011708
Afghanistan,2011,58.131334038606
Africa Western and Central,2011,39.1218944192762
Angola,2011,36.3487607283228
Albania,2011,43.8321167883212
Andorra,2011,42.063829787234
Arab World,2011,36.4850086371838
United Arab Emirates,2011,5.47029005913827
Argentina,2011,45.7919603608739
Armenia,2011,59.6452406041447
American Samoa,2011,13.0
Antigua and Barbuda,2011,20.4545454545455
Australia,2011,51.5628132199992
Austria,2011,33.413717886573
Azerbaijan,2011,57.691935444845
Burundi,2011,71.690031152648
Belgium,2011,44.0345498302179
Benin,2011,32.0979514012061
Burkina Faso,2011,46.7589671052632
Bangladesh,2011,70.1236844126911
Bulgaria,2011,46.8680913780398
Bahrain,2011,11.3950456323338
"Bahamas, The",2011,1.2987012987013
Bosnia and Herzegovina,2011,42.01171875
Belarus,2011,43.7386033216697
Belize,2011,6.88294607628233
Bermuda,2011,5.55555555555556
Bolivia,2011,34.8967660851103
Brazil,2011,27.8237741889942
Barbados,2011,32.5581395348837
Brunei Darussalam,2011,2.5426944971537
Bhutan,2011,13.631712884015
Botswana,2011,45.7466518447938
Central African Republic,2011,7.84808501075476
Canada,2011,6.43568354118357
Central Europe and the Baltics,2011,47.2142049195397
Switzerland,2011,38.7502111350433
Channel Islands,2011,48.5353535353535
Chile,2011,19.3910934566367
China,2011,56.1036602181182
Cote d'Ivoire,2011,66.200179245283
Cameroon,2011,20.6257536333058
"Congo, Dem. Rep.",2011,13.0724950927417
"Congo, Rep.",2011,31.0296193265007
Colombia,2011,37.603424966201
Comoros,2011,71.4669532509404
Cabo Verde,2011,19.6029776674938
Costa Rica,2011,35.6247551899726
Caribbean small states,2011,2.77004647181158
Cuba,2011,59.9627560521415
Curacao,2011,
Cayman Islands,2011,11.25
Cyprus,2011,12.5865800865801
Czechia,2011,45.3714877638224
Germany,2011,47.9659169153087
Djibouti,2011,73.4598792062122
Dominica,2011,33.3333333333333
Denmark,2011,67.25
Dominican Republic,2011,48.0161270958394
Algeria,2011,17.3772116183966
East Asia & Pacific (excluding high income),2011,48.1887445169774
Early-demographic dividend,2011,39.8566922872942
East Asia & Pacific,2011,48.4722162176107
Europe & Central Asia (excluding high income),2011,67.5253167417636
Europe & Central Asia,2011,29.3396424441319
Ecuador,2011,29.5784345305202
"Egypt, Arab Rep.",2011,3.63654628559948
Euro area,2011,44.1223412028225
Eritrea,2011,62.6976908693159
Spain,2011,54.0409698327599
Estonia,2011,22.3165841000236
Ethiopia,2011,32.186781367053
European Union,2011,42.2531647599187
Finland,2011,7.52443318305966
Fiji,2011,17.4274767378216
France,2011,53.5830782076259
Faroe Islands,2011,69.0565902578797
"Micronesia, Fed. Sts.",2011,7.14285714285714
Gabon,2011,8.26433810688089
United Kingdom,2011,70.9461414458728
Georgia,2011,35.147503237876
Ghana,2011,54.0909101696405
Gibraltar,2011,
Guinea,2011,61.4914850236041
"Gambia, The",2011,63.6363636363636
Guinea-Bissau,2011,26.8852773826458
Equatorial Guinea,2011,3.69910873440285
Greece,2011,57.377812257564
Grenada,2011,29.4117647058824
Greenland,2011,0.59227676939944
Guatemala,2011,40.0783874580067
Guam,2011,33.3333333333333
Guyana,2011,3.65252730505461
High income,2011,29.0641793998301
"Hong Kong SAR, China",2011,5.23809523809524
Honduras,2011,29.591563142372
Heavily indebted poor countries (HIPC),2011,37.3636144249007
Croatia,2011,23.6955900221571
Haiti,2011,72.8955007256894
Hungary,2011,58.9528333149232
IBRD only,2011,36.061516723163
IDA & IBRD total,2011,36.748556318921
IDA total,2011,38.8825896796186
IDA blend,2011,44.399980751676
Indonesia,2011,27.0964207552627
IDA only,2011,37.3718320496376
Isle of Man,2011,74.7543859649123
India,2011,60.4300431523044
Not classified,2011,
Ireland,2011,66.1199012919147
"Iran, Islamic Rep.",2011,28.4833861342371
Iraq,2011,19.6313777859643
Iceland,2011,18.6852867830424
Israel,2011,23.8909426987061
Italy,2011,46.8439526846523
Jamaica,2011,38.8273314866113
Jordan,2011,11.2930840279342
Japan,2011,13.4951989026063
Kazakhstan,2011,80.3750416712968
Kenya,2011,49.0740895034614
Kyrgyz Republic,2011,55.3102189781022
Cambodia,2011,30.7794912757761
Kiribati,2011,41.9753086419753
St. Kitts and Nevis,2011,23.0769230769231
"Korea, Rep.",2011,18.068731350962
Kuwait,2011,8.55780022446689
Latin America & Caribbean (excluding high income),2011,33.8655436463345
Lao PDR,2011,9.61785095320624
Lebanon,2011,63.6363636363636
Liberia,2011,17.6148162375415
Libya,2011,8.72443934210078
St. Lucia,2011,16.2950819672131
Latin America & Caribbean,2011,33.4224645676816
Least developed countries: UN classification,2011,37.0072490298786
Low income,2011,37.7130927539861
Liechtenstein,2011,35.0
Sri Lanka,2011,43.5337266783607
Lower middle income,2011,42.0106293672415
Low & middle income,2011,41.9131632741659
Lesotho,2011,76.1528326745718
Late-demographic dividend,2011,34.5473007138277
Lithuania,2011,44.7697609854166
Luxembourg,2011,50.9893336855108
Latvia,2011,29.183473411863
"Macao SAR, China",2011,
St. Martin (French part),2011,
Morocco,2011,67.4519381581896
Monaco,2011,
Moldova,2011,74.9467275494673
Madagascar,2011,70.2910819102949
Maldives,2011,23.0
"Middle East, North Africa, Afghanistan & Pakistan",2011,35.3238191103063
Mexico,2011,52.1217109493557
Marshall Islands,2011,47.2222222222222
Middle income,2011,42.7222686686814
North Macedonia,2011,44.3298969072165
Mali,2011,33.8087234774912
Malta,2011,32.28125
Myanmar,2011,19.2227035466638
"Middle East, North Africa, Afghanistan & Pakistan (excluding high income)",2011,26.8685271934017
Montenegro,2011,38.1412639405204
Mongolia,2011,73.3264775940588
Northern Mariana Islands,2011,3.69565217391304
Mozambique,2011,50.7035885958443
Mauritania,2011,38.5272145144077
Mauritius,2011,44.5668502754131
Malawi,2011,58.1777683495969
Malaysia,2011,22.9207122203622
North America,2011,26.425705463195
Namibia,2011,47.1389182426605
New Caledonia,2011,10.410284463895
Niger,2011,35.1164443040973
Nigeria,2011,73.4914686474082
Nicaragua,2011,42.1381086920392
Netherlands,2011,55.1126927639383
Norway,2011,2.73515786706969
Nepal,2011,28.7868852459016
Nauru,2011,20.0
New Zealand,2011,43.1848391629638
OECD members,2011,35.5139865691672
Oman,2011,4.64232633279483
Other small states,2011,27.736781588217
Pakistan,2011,46.6168534661685
Panama,2011,30.4412160344364
Peru,2011,18.718241328125
Philippines,2011,41.1174833148875
Palau,2011,9.34782608695652
Papua New Guinea,2011,2.83972971779358
Poland,2011,48.2611109296934
Pre-demographic dividend,2011,39.5581358586769
Puerto Rico (US),2011,22.0405862457723
"Korea, Dem. People's Rep.",2011,21.8594801096254
Portugal,2011,39.8445245114095
Paraguay,2011,47.9879557009816
West Bank and Gaza,2011,64.3249833887043
Pacific island small states,2011,11.4781931464174
Post-demographic dividend,2011,35.1612997203136
French Polynesia,2011,9.43030826851052
Qatar,2011,5.92592592592593
Romania,2011,60.7464048312117
Russian Federation,2011,13.1584362579663
Rwanda,2011,78.759627077422
South Asia,2011,58.5993583319618
Saudi Arabia,2011,80.8180482767283
Sudan,2011,
Senegal,2011,46.5641718173791
Singapore,2011,1.03693181818182
Solomon Islands,2011,3.48338692390139
Sierra Leone,2011,55.6612635078969
El Salvador,2011,59.1698841698842
San Marino,2011,16.6666666666667
"Somalia, Fed. Rep.",2011,70.1788503841617
Serbia,2011,40.3407271895724
Sub-Saharan Africa (excluding high income),2011,41.6818656543765
South Sudan,2011,
Sub-Saharan Africa,2011,41.6810394345239
Small states,2011,12.8134828647577
Sao Tome and Principe,2011,35.4166666666667
Suriname,2011,0.498418735410739
Slovak Republic,2011,40.1285143902845
Slovenia,2011,30.8056189814355
Sweden,2011,7.51976789888145
Eswatini,2011,70.9883720930233
Sint Maarten (Dutch part),2011,
Seychelles,2011,3.26086956521739
Syrian Arab Republic,2011,75.7773784240048
Turks and Caicos Islands,2011,1.05263157894737
Chad,2011,39.1796378653113
East Asia & Pacific (IDA & IBRD countries),2011,48.3873953112368
Europe & Central Asia (IDA & IBRD countries),2011,28.2600417114585
Togo,2011,67.3837102408531
Thailand,2011,44.6828084323436
Tajikistan,2011,26.8076593312375
Turkmenistan,2011,72.0064690485817
Latin America & the Caribbean (IDA & IBRD countries),2011,33.3035876063593
Timor-Leste,2011,22.7706792199059
"Middle East, North Africa, Afghanistan & Pakistan (IDA & IBRD)",2011,26.8461092602479
Tonga,2011,44.4444444444444
South Asia (IDA & IBRD),2011,58.5993583319618
Sub-Saharan Africa (IDA & IBRD countries),2011,41.6810394345239
Trinidad and Tobago,2011,10.5263157894737
Tunisia,2011,64.8300720906282
Turkiye,2011,49.6953081350779
Tuvalu,2011,60.0
Tanzania,2011,42.4602619101377
Uganda,2011,71.6387392778775
Ukraine,2011,71.2576814195954
Upper middle income,2011,43.0245412054146
Uruguay,2011,82.9962290023997
United States,2011,46.0184942092962
Uzbekistan,2011,58.3214206223369
St. Vincent and the Grenadines,2011,17.9487179487179
"Venezuela, RB",2011,24.3750354288306
British Virgin Islands,2011,46.6666666666667
Virgin Islands (U.S.),2011,11.4285714285714
Viet Nam,2011,34.3732843043373
Vanuatu,2011,15.3404429860541
World,2011,36.6741248854261
Samoa,2011,16.9611307420495
Kosovo,2011,
"Yemen, Rep.",2011,44.4191904843078
South Africa,2011,79.4450535409574
Zambia,2011,31.7948855916814
Zimbabwe,2011,42.2313842574641
Aruba,2012,11.1111111111111
Africa Eastern and Southern,2012,45.7754970149074
Afghanistan,2012,58.129800837128
Africa Western and Central,2012,39.4335641923637
Angola,2012,36.3383331996471
Albania,2012,43.8430656934307
Andorra,2012,39.9148936170213
Arab World,2012,39.8188245692201
United Arab Emirates,2012,5.30413967896367
Argentina,2012,45.5813044224958
Armenia,2012,59.1148577449947
American Samoa,2012,13.15
Antigua and Barbuda,2012,20.4545454545455
Australia,2012,50.3854314463116
Austria,2012,33.1459040232671
Azerbaijan,2012,57.6870962278303
Burundi,2012,72.4299065420561
Belgium,2012,43.9125704678073
Benin,2012,33.3912380276694
Burkina Faso,2012,47.3285230263158
Bangladesh,2012,70.0622263194284
Bulgaria,2012,47.1904937361828
Bahrain,2012,11.2207792207792
"Bahamas, The",2012,1.2987012987013
Bosnia and Herzegovina,2012,42.109375
Belarus,2012,43.3516182928452
Belize,2012,7.01446733888645
Bermuda,2012,5.55555555555556
Bolivia,2012,35.0257956244808
Brazil,2012,27.9100134718969
Barbados,2012,30.2325581395349
Brunei Darussalam,2012,2.5426944971537
Bhutan,2012,13.631712884015
Botswana,2012,45.677836006564
Central African Republic,2012,7.85225849947029
Canada,2012,6.44363616895263
Central Europe and the Baltics,2012,46.8803414197218
Switzerland,2012,38.6676558338134
Channel Islands,2012,48.2828282828283
Chile,2012,18.8793126590382
China,2012,56.0235278052443
Cote d'Ivoire,2012,68.963858490566
Cameroon,2012,20.6257536333058
"Congo, Dem. Rep.",2012,13.6238724333385
"Congo, Rep.",2012,31.045411420205
Colombia,2012,38.411536728256
Comoros,2012,71.4669532509404
Cabo Verde,2012,19.6029776674938
Costa Rica,2012,35.4876615746181
Caribbean small states,2012,2.75298366404275
Cuba,2012,60.062447842924
Curacao,2012,
Cayman Islands,2012,11.25
Cyprus,2012,12.6515151515152
Czechia,2012,45.6544089084553
Germany,2012,47.8108681930338
Djibouti,2012,73.4598792062122
Dominica,2012,33.3333333333333
Denmark,2012,65.6
Dominican Republic,2012,47.674021941627
Algeria,2012,17.381490003107
East Asia & Pacific (excluding high income),2012,48.1709265402165
Early-demographic dividend,2012,39.8632073512882
East Asia & Pacific,2012,48.0841743075503
Europe & Central Asia (excluding high income),2012,67.633912209867
Europe & Central Asia,2012,29.3293543341225
Ecuador,2012,30.2258817845064
"Egypt, Arab Rep.",2012,3.71289366618112
Euro area,2012,43.99491330487
Eritrea,2012,62.701247715187
Spain,2012,53.8613782211471
Estonia,2012,22.550129747582
Ethiopia,2012,32.3308335299665
European Union,2012,42.0204645857074
Finland,2012,7.51949718648195
Fiji,2012,17.3891625615764
France,2012,53.5203636700993
Faroe Islands,2012,69.0565902578797
"Micronesia, Fed. Sts.",2012,7.14285714285714
Gabon,2012,8.31045135250514
United Kingdom,2012,71.020543132311
Georgia,2012,35.0410130954094
Ghana,2012,54.277658433682
Gibraltar,2012,
Guinea,2012,63.3314846166368
"Gambia, The",2012,63.6363636363636
Guinea-Bissau,2012,27.1855618776671
Equatorial Guinea,2012,3.70374331550802
Greece,2012,56.5011636927851
Grenada,2012,23.5294117647059
Greenland,2012,0.593007674503594
Guatemala,2012,39.7760358342665
Guam,2012,33.3333333333333
Guyana,2012,3.65252730505461
High income,2012,28.8958776823266
"Hong Kong SAR, China",2012,4.85714285714286
Honduras,2012,30.0116185539369
Heavily indebted poor countries (HIPC),2012,39.7473525072974
Croatia,2012,23.7831463083411
Haiti,2012,73.4397677793904
Hungary,2012,58.9638793770021
IBRD only,2012,36.065249149749
IDA & IBRD total,2012,37.3018114563256
IDA total,2012,40.7630339717992
IDA blend,2012,44.6564360886926
Indonesia,2012,27.0919630640223
IDA only,2012,39.8276630753443
Isle of Man,2012,67.3684210526316
India,2012,60.4206256579633
Not classified,2012,
Ireland,2012,65.8005516040064
"Iran, Islamic Rep.",2012,28.3932562194553
Iraq,2012,19.7276201878799
Iceland,2012,18.6753117206983
Israel,2012,24.3160813308688
Italy,2012,46.4259869199711
Jamaica,2012,38.7626962142198
Jordan,2012,11.769542689795
Japan,2012,13.4567901234568
Kazakhstan,2012,80.3837833833389
Kenya,2012,49.6703443792388
Kyrgyz Republic,2012,55.2205422314911
Cambodia,2012,31.1509018808067
Kiribati,2012,41.9753086419753
St. Kitts and Nevis,2012,23.0769230769231
"Korea, Rep.",2012,18.3742678039256
Kuwait,2012,8.5297418630752
Latin America & Caribbean (excluding high income),2012,33.9110819674861
Lao PDR,2012,9.782712305026
Lebanon,2012,64.3206256109482
Liberia,2012,17.926040282392
Libya,2012,8.72671266353706
St. Lucia,2012,16.2950819672131
Latin America & Caribbean,2012,33.430885488152
Least developed countries: UN classification,2012,39.5100392448457
Low income,2012,41.0007310877281
Liechtenstein,2012,34.1875
Sri Lanka,2012,43.6931908786477
Lower middle income,2012,42.1436938271123
Low & middle income,2012,42.4440860514639
Lesotho,2012,75.2733860342556
Late-demographic dividend,2012,34.5496307804831
Lithuania,2012,45.3489485273
Luxembourg,2012,51.0475983313005
Latvia,2012,29.5852282771144
"Macao SAR, China",2012,
St. Martin (French part),2012,
Morocco,2012,68.1223392336993
Monaco,2012,
Moldova,2012,74.8630553864881
Madagascar,2012,70.2910819102949
Maldives,2012,21.3333333333333
"Middle East, North Africa, Afghanistan & Pakistan",2012,35.3516656677283
Mexico,2012,51.7050335656781
Marshall Islands,2012,41.6666666666667
Middle income,2012,42.7791539029594
North Macedonia,2012,50.2379064234734
Mali,2012,33.9656543653038
Malta,2012,32.1875
Myanmar,2012,19.2130444767664
"Middle East, North Africa, Afghanistan & Pakistan (excluding high income)",2012,26.9060949247793
Montenegro,2012,38.1412639405204
Mongolia,2012,73.2494851072419
Northern Mariana Islands,2012,3.69565217391304
Mozambique,2012,50.9660927287062
Mauritania,2012,38.5272145144077
Mauritius,2012,43.565348022033
Malawi,2012,58.1777683495969
Malaysia,2012,23.8295541013544
North America,2012,26.5413415366942
Namibia,2012,47.1389182426605
New Caledonia,2012,10.0675054704595
Niger,2012,35.3532801768375
Nigeria,2012,73.755240730371
Nicaragua,2012,42.1555592487951
Netherlands,2012,54.6174377224199
Norway,2012,2.71818291334012
Nepal,2012,28.5151398674573
Nauru,2012,20.0
New Zealand,2012,42.571113896168
OECD members,2012,35.2900844938499
Oman,2012,4.60032310177706
Other small states,2012,27.764048840138
Pakistan,2012,46.781600249066
Panama,2012,30.3066989507667
Peru,2012,18.792209609375
Philippines,2012,41.6876278632995
Palau,2012,9.34782608695652
Papua New Guinea,2012,2.83972971779358
Poland,2012,47.4462804519626
Pre-demographic dividend,2012,41.8140852862355
Puerto Rico (US),2012,22.1871476888388
"Korea, Dem. People's Rep.",2012,21.8528361431775
Portugal,2012,40.0088437602358
Paraguay,2012,48.5392985149761
West Bank and Gaza,2012,66.5519435215947
Pacific island small states,2012,11.5669781931464
Post-demographic dividend,2012,34.9190965654767
French Polynesia,2012,9.35205992509363
Qatar,2012,5.98621877691645
Romania,2012,59.7035040431267
Russian Federation,2012,13.1584362579663
Rwanda,2012,79.4081880826915
South Asia,2012,58.579806991798
Saudi Arabia,2012,80.8132607957426
Sudan,2012,59.6712847965739
Senegal,2012,46.5641718173791
Singapore,2012,1.03399433427762
Solomon Islands,2012,3.47981421936406
Sierra Leone,2012,53.1539207536714
El Salvador,2012,58.9864864864865
San Marino,2012,16.6666666666667
"Somalia, Fed. Rep.",2012,70.1788503841617
Serbia,2012,39.5906700205808
Sub-Saharan Africa (excluding high income),2012,43.3750334393977
South Sudan,2012,45.0966285822797
Sub-Saharan Africa,2012,43.3742610741004
Small states,2012,12.822129736441
Sao Tome and Principe,2012,36.4583333333333
Suriname,2012,0.456053142900826
Slovak Republic,2012,40.0806854100815
Slovenia,2012,30.36826717364
Sweden,2012,7.44219137000395
Eswatini,2012,70.9302325581395
Sint Maarten (Dutch part),2012,
Seychelles,2012,3.26086956521739
Syrian Arab Republic,2012,75.8100528236127
Turks and Caicos Islands,2012,1.05263157894737
Chad,2012,39.4575921219822
East Asia & Pacific (IDA & IBRD countries),2012,48.369492661123
Europe & Central Asia (IDA & IBRD countries),2012,28.268157011559
Togo,2012,70.7850707850708
Thailand,2012,44.6906379063986
Tajikistan,2012,26.2146327522149
Turkmenistan,2012,73.5761177196604
Latin America & the Caribbean (IDA & IBRD countries),2012,33.3117484885502
Timor-Leste,2012,22.8043039677202
"Middle East, North Africa, Afghanistan & Pakistan (IDA & IBRD)",2012,26.882366626004
Tonga,2012,45.8333333333333
South Asia (IDA & IBRD),2012,58.579806991798
Sub-Saharan Africa (IDA & IBRD countries),2012,43.3742610741004
Trinidad and Tobago,2012,10.5263157894737
Tunisia,2012,63.8645726055613
Turkiye,2012,49.9032002390759
Tuvalu,2012,60.0
Tanzania,2012,42.3318965906525
Uganda,2012,71.8880909634949
Ukraine,2012,71.2853000069046
Upper middle income,2012,43.0490670364349
Uruguay,2012,81.3449891440978
United States,2012,46.2396739080528
Uzbekistan,2012,57.907296925195
St. Vincent and the Grenadines,2012,17.9487179487179
"Venezuela, RB",2012,24.3750354288306
British Virgin Islands,2012,46.6666666666667
Virgin Islands (U.S.),2012,11.4285714285714
Viet Nam,2012,34.4331120376958
Vanuatu,2012,15.3404429860541
World,2012,37.0262047663279
Samoa,2012,19.2579505300353
Kosovo,2012,
"Yemen, Rep.",2012,44.5119987878099
South Africa,2012,79.4178502831612
Zambia,2012,32.0639233780384
Zimbabwe,2012,41.8512917151351
Aruba,2013,11.1111111111111
Africa Eastern and Southern,2013,45.9028139353423
Afghanistan,2013,58.123668031216
Africa Western and Central,2013,39.7276397170835
Angola,2013,36.4867249538782
Albania,2013,43.3321167883212
Andorra,2013,40.0212765957447
Arab World,2013,39.8722185230812
United Arab Emirates,2013,5.34215713883413
Argentina,2013,44.9219312381015
Armenia,2013,59.1148577449947
American Samoa,2013,13.3
Antigua and Barbuda,2013,20.4545454545455
Australia,2013,48.3937102169923
Austria,2013,32.9180804653417
Azerbaijan,2013,57.7045451795933
Burundi,2013,73.481308411215
Belgium,2013,44.0609237464148
Benin,2013,35.3010287335935
Burkina Faso,2013,48.1173768274854
Bangladesh,2013,69.9700391795345
Bulgaria,2013,46.0114222549742
Bahrain,2013,11.0779220779221
"Bahamas, The",2013,1.2987012987013
Bosnia and Herzegovina,2013,42.20703125
Belarus,2013,42.9317720346167
Belize,2013,7.01446733888645
Bermuda,2013,5.55555555555556
Bolivia,2013,35.1557483614881
Brazil,2013,27.9962527547995
Barbados,2013,29.0697674418605
Brunei Darussalam,2013,2.5426944971537
Bhutan,2013,13.631712884015
Botswana,2013,45.6690134632012
Central African Republic,2013,7.8614080708851
Canada,2013,6.45155533545478
Central Europe and the Baltics,2013,46.9565221325583
Switzerland,2013,38.5853758563219
Channel Islands,2013,47.7777777777778
Chile,2013,18.4482291279999
China,2013,55.9433953923703
Cote d'Ivoire,2013,70.8868805031447
Cameroon,2013,20.6257536333058
"Congo, Dem. Rep.",2013,13.8638318519662
"Congo, Rep.",2013,31.1297335285505
Colombia,2013,40.392609283461
Comoros,2013,71.4669532509404
Cabo Verde,2013,19.6029776674938
Costa Rica,2013,35.2722287504896
Caribbean small states,2013,2.77682141019038
Cuba,2013,60.8549222797927
Curacao,2013,
Cayman Islands,2013,11.25
Cyprus,2013,11.7781385281385
Czechia,2013,45.5969955969956
Germany,2013,47.8588626461821
Djibouti,2013,73.4598792062122
Dominica,2013,33.3333333333333
Denmark,2013,65.7
Dominican Republic,2013,50.0752101014283
Algeria,2013,17.3955322579291
East Asia & Pacific (excluding high income),2013,48.1860668205987
Early-demographic dividend,2013,39.8442504549626
East Asia & Pacific,2013,47.4625626070285
Europe & Central Asia (excluding high income),2013,67.7148582779242
Europe & Central Asia,2013,29.3331721776098
Ecuador,2013,30.2504429054598
"Egypt, Arab Rep.",2013,3.74802350695665
Euro area,2013,43.8421080130626
Eritrea,2013,62.7182592530622
Spain,2013,53.4439535395134
Estonia,2013,22.1992178513918
Ethiopia,2013,32.5914011165082
European Union,2013,41.9064752224123
Finland,2013,7.43196551383724
Fiji,2013,17.3508483853311
France,2013,53.3884404861304
Faroe Islands,2013,69.0565902578797
"Micronesia, Fed. Sts.",2013,7.14285714285714
Gabon,2013,8.35656459812939
United Kingdom,2013,71.3024428553714
Georgia,2013,35.7763707008203
Ghana,2013,54.7731216489409
Gibraltar,2013,
Guinea,2013,63.6899243040859
"Gambia, The",2013,63.6363636363636
Guinea-Bissau,2013,27.4858463726885
Equatorial Guinea,2013,3.70837789661319
Greece,2013,55.4926299456943
Grenada,2013,23.5294117647059
Greenland,2013,0.592203678889024
Guatemala,2013,39.408361328854
Guam,2013,33.3333333333333
Guyana,2013,3.65252730505461
High income,2013,28.6044105233749
"Hong Kong SAR, China",2013,4.85714285714286
Honduras,2013,30.1188667441237
Heavily indebted poor countries (HIPC),2013,39.9918907561356
Croatia,2013,28.0055035379887
Haiti,2013,75.0362844702467
Hungary,2013,58.0691483486137
IBRD only,2013,36.089126739893
IDA & IBRD total,2013,37.3673072205401
IDA total,2013,40.9450078052876
IDA blend,2013,44.7725977851627
Indonesia,2013,27.3538142623324
IDA only,2013,40.0254451554215
Isle of Man,2013,68.0701754385965
India,2013,60.4394606466455
Not classified,2013,
Ireland,2013,64.9876614893308
"Iran, Islamic Rep.",2013,28.2141015250866
Iraq,2013,20.4671202963181
Iceland,2013,18.6753117206983
Israel,2013,24.043438077634
Italy,2013,46.0912085162215
Jamaica,2013,38.6703601108033
Jordan,2013,11.901329128182
Japan,2013,13.4211248285322
Kazakhstan,2013,80.3771159758492
Kenya,2013,49.7928697684225
Kyrgyz Republic,2013,55.0401459854015
Cambodia,2013,31.4524427826875
Kiribati,2013,41.9753086419753
St. Kitts and Nevis,2013,23.0769230769231
"Korea, Rep.",2013,18.154291462238
Kuwait,2013,8.61952861952862
Latin America & Caribbean (excluding high income),2013,33.9417471715228
Lao PDR,2013,10.1490467937608
Lebanon,2013,64.5161290322581
Liberia,2013,18.2366206395349
Libya,2013,8.72671266353706
St. Lucia,2013,16.2950819672131
Latin America & Caribbean,2013,33.4477323489072
Least developed countries: UN classification,2013,39.710826946094
Low income,2013,41.2076591401931
Liechtenstein,2013,33.375
Sri Lanka,2013,43.6931908786477
Lower middle income,2013,42.2593471073999
Low & middle income,2013,42.526427156034
Lesotho,2013,74.1798418972332
Late-demographic dividend,2013,34.5966778617541
Lithuania,2013,46.1332269644994
Luxembourg,2013,50.8378456064573
Latvia,2013,30.1637552830765
"Macao SAR, China",2013,
St. Martin (French part),2013,
Morocco,2013,68.5301366793637
Monaco,2013,
Moldova,2013,74.8479318734793
Madagascar,2013,70.2904778274321
Maldives,2013,21.3333333333333
"Middle East, North Africa, Afghanistan & Pakistan",2013,35.3932949239667
Mexico,2013,51.1772422130199
Marshall Islands,2013,38.8888888888889
Middle income,2013,42.8325870605031
North Macedonia,2013,49.9603489294211
Mali,2013,34.1165621747433
Malta,2013,31.96875
Myanmar,2013,19.2732896429228
"Middle East, North Africa, Afghanistan & Pakistan (excluding high income)",2013,26.9598018739297
Montenegro,2013,16.5895910780669
Mongolia,2013,73.2252730410926
Northern Mariana Islands,2013,3.69565217391304
Mozambique,2013,51.2706884712226
Mauritania,2013,38.5272145144077
Mauritius,2013,43.064596895343
Malawi,2013,58.8141705557913
Malaysia,2013,24.529904124182
North America,2013,26.5924021910374
Namibia,2013,47.1389182426605
New Caledonia,2013,10.050875273523
Niger,2013,36.063787795058
Nigeria,2013,73.5484116736388
Nicaragua,2013,42.1555592487951
Netherlands,2013,54.8411991688928
Norway,2013,2.70359004539183
Nepal,2013,28.2957244506453
Nauru,2013,20.0
New Zealand,2013,42.1784208727356
OECD members,2013,34.8866312902422
Oman,2013,4.58642972536349
Other small states,2013,26.5983838420565
Pakistan,2013,47.063096720631
Panama,2013,30.1721818670971
Peru,2013,18.76575328125
Philippines,2013,41.8184257302881
Palau,2013,9.34782608695652
Papua New Guinea,2013,2.83972971779358
Poland,2013,47.059207733255
Pre-demographic dividend,2013,42.0344415116538
Puerto Rico (US),2013,21.6685456595265
"Korea, Dem. People's Rep.",2013,21.8528361431775
Portugal,2013,40.4027282294018
Paraguay,2013,49.0869360684621
West Bank and Gaza,2013,68.8420431893688
Pacific island small states,2013,11.6635514018692
Post-demographic dividend,2013,34.4501904189462
French Polynesia,2013,9.21074618265629
Qatar,2013,6.04651162790698
Romania,2013,60.4486371342868
Russian Federation,2013,13.1584362579663
Rwanda,2013,80.2594244021078
South Asia,2013,58.5835547250359
Saudi Arabia,2013,80.8084732682387
Sudan,2013,59.664539614561
Senegal,2013,46.5797538046019
Singapore,2013,0.947666195190948
Solomon Islands,2013,3.51196856020007
Sierra Leone,2013,54.7055971183153
El Salvador,2013,58.8030888030888
San Marino,2013,16.6666666666667
"Somalia, Fed. Rep.",2013,70.3382535786017
Serbia,2013,39.9176766521839
Sub-Saharan Africa (excluding high income),2013,43.5654877770141
South Sudan,2013,45.0407877454781
Sub-Saharan Africa,2013,43.5647138362945
Small states,2013,12.4307282257094
Sao Tome and Principe,2013,36.4583333333333
Suriname,2013,0.518355484827168
Slovak Republic,2013,39.3736483114291
Slovenia,2013,30.298411122145
Sweden,2013,7.4534350567843
Eswatini,2013,70.8573546511628
Sint Maarten (Dutch part),2013,
Seychelles,2013,3.3695652173913
Syrian Arab Republic,2013,75.8100528236127
Turks and Caicos Islands,2013,1.05263157894737
Chad,2013,39.7363405336722
East Asia & Pacific (IDA & IBRD countries),2013,48.3847538763022
Europe & Central Asia (IDA & IBRD countries),2013,28.2960108593033
Togo,2013,70.2334988049274
Thailand,2013,44.6989868660573
Tajikistan,2013,26.4568448128037
Turkmenistan,2013,75.145766390739
Latin America & the Caribbean (IDA & IBRD countries),2013,33.3280331468541
Timor-Leste,2013,22.8379287155346
"Middle East, North Africa, Afghanistan & Pakistan (IDA & IBRD)",2013,26.9347346010381
Tonga,2013,45.8333333333333
South Asia (IDA & IBRD),2013,58.5835547250359
Sub-Saharan Africa (IDA & IBRD countries),2013,43.5647138362945
Trinidad and Tobago,2013,10.5263157894737
Tunisia,2013,63.9997425334707
Turkiye,2013,49.9239894494757
Tuvalu,2013,60.0
Tanzania,2013,42.9396026191014
Uganda,2013,71.8880909634949
Ukraine,2013,71.6805910377684
Upper middle income,2013,43.0760876711736
Uruguay,2013,81.9717746543252
United States,2013,46.3330187965568
Uzbekistan,2013,57.5048934231933
St. Vincent and the Grenadines,2013,17.9487179487179
"Venezuela, RB",2013,24.3750354288306
British Virgin Islands,2013,46.6666666666667
Virgin Islands (U.S.),2013,11.4285714285714
Viet Nam,2013,34.6726704451298
Vanuatu,2013,15.3404429860541
World,2013,36.9588368085513
Samoa,2013,21.5547703180212
Kosovo,2013,
"Yemen, Rep.",2013,44.5082106937894
South Africa,2013,79.4178502831612
Zambia,2013,31.9307496737917
Zimbabwe,2013,41.8442528111671
Aruba,2014,11.1111111111111
Africa Eastern and Southern,2014,46.0256565674244
Afghanistan,2014,58.123668031216
Africa Western and Central,2014,39.899894249031
Angola,2014,36.6359188256998
Albania,2014,42.857299270073
Andorra,2014,40.0
Arab World,2014,39.8429765230693
United Arab Emirates,2014,5.3858068149817
Argentina,2014,44.1959177327355
Armenia,2014,59.0340709518792
American Samoa,2014,13.45
Antigua and Barbuda,2014,20.4545454545455
Australia,2014,48.7383986566523
Austria,2014,32.8914202617547
Azerbaijan,2014,57.7005431692535
Burundi,2014,74.5327102803738
Belgium,2014,43.8894932911351
Benin,2014,35.4549663001064
Burkina Faso,2014,48.686932748538
Bangladesh,2014,69.900898824614
Bulgaria,2014,45.8456153279293
Bahrain,2014,10.9338521400778
"Bahamas, The",2014,1.2987012987013
Bosnia and Herzegovina,2014,42.12890625
Belarus,2014,42.4879171121282
Belize,2014,7.01446733888645
Bermuda,2014,5.55555555555556
Bolivia,2014,35.2829317825164
Brazil,2014,28.0824920377022
Barbados,2014,27.906976744186
Brunei Darussalam,2014,2.5426944971537
Bhutan,2014,13.7891229635071
Botswana,2014,45.8842835212535
Central African Republic,2014,7.87778098815371
Canada,2014,6.45947450195693
Central Europe and the Baltics,2014,46.8621980917691
Switzerland,2014,38.5028064078332
Channel Islands,2014,48.0808080808081
Chile,2014,18.0003149864236
China,2014,55.8632629794963
Cote d'Ivoire,2014,72.5917201257862
Cameroon,2014,20.6257536333058
"Congo, Dem. Rep.",2014,14.2250942855252
"Congo, Rep.",2014,31.1315256222548
Colombia,2014,40.3785488958991
Comoros,2014,71.4669532509404
Cabo Verde,2014,19.6029776674938
Costa Rica,2014,34.9588719153937
Caribbean small states,2014,2.78811297415504
Cuba,2014,60.3622380311479
Curacao,2014,
Cayman Islands,2014,11.25
Cyprus,2014,11.7943722943723
Czechia,2014,45.5322455322455
Germany,2014,47.9363714531384
Djibouti,2014,73.4598792062122
Dominica,2014,33.3333333333333
Denmark,2014,66.315775
Dominican Republic,2014,50.2703291244049
Algeria,2014,17.3952656461243
East Asia & Pacific (excluding high income),2014,48.1495128245301
Early-demographic dividend,2014,39.7737924627764
East Asia & Pacific,2014,47.5455706882654
Europe & Central Asia (excluding high income),2014,67.873246462024
Europe & Central Asia,2014,29.3037692895895
Ecuador,2014,22.0446126590433
"Egypt, Arab Rep.",2014,3.73217137977799
Euro area,2014,43.2709506251138
Eritrea,2014,62.7250437544772
Spain,2014,53.1336838527818
Estonia,2014,22.4062571888659
Ethiopia,2014,32.7461141549206
European Union,2014,41.4836717679817
Finland,2014,7.46026522754944
Fiji,2014,17.3125342090859
France,2014,53.3750811763614
Faroe Islands,2014,69.067335243553
"Micronesia, Fed. Sts.",2014,7.14285714285714
Gabon,2014,8.35656459812939
United Kingdom,2014,71.2272144835283
Georgia,2014,34.7675924593467
Ghana,2014,54.3845249186956
Gibraltar,2014,
Guinea,2014,65.2257594009442
"Gambia, The",2014,63.6363636363636
Guinea-Bissau,2014,27.7861308677098
Equatorial Guinea,2014,3.71301247771836
Greece,2014,48.1070597362296
Grenada,2014,23.5294117647059
Greenland,2014,0.592228042392496
Guatemala,2014,39.9860022396417
Guam,2014,33.3333333333333
Guyana,2014,3.65252730505461
High income,2014,28.634511518125
"Hong Kong SAR, China",2014,4.85714285714286
Honduras,2014,30.1635534900349
Heavily indebted poor countries (HIPC),2014,40.1530154511411
Croatia,2014,26.954828103781
Haiti,2014,75.0362844702467
Hungary,2014,57.6813499890423
IBRD only,2014,36.0288559973977
IDA & IBRD total,2014,37.3612969934537
IDA total,2014,41.0909697097567
IDA blend,2014,45.0018253869089
Indonesia,2014,27.5091419048223
IDA only,2014,40.1513465550399
Isle of Man,2014,68.2456140350877
India,2014,60.4495508191538
Not classified,2014,
Ireland,2014,64.8279866453767
"Iran, Islamic Rep.",2014,28.2141015250866
Iraq,2014,21.5010319537095
Iceland,2014,18.6753117206983
Israel,2014,24.8475046210721
Italy,2014,44.5086196984965
Jamaica,2014,38.5872576177285
Jordan,2014,11.9846812345123
Japan,2014,13.360768175583
Kazakhstan,2014,80.304996851502
Kenya,2014,49.747157992761
Kyrgyz Republic,2014,55.0422314911366
Cambodia,2014,31.6826087695445
Kiribati,2014,41.9753086419753
St. Kitts and Nevis,2014,23.0769230769231
"Korea, Rep.",2014,17.9441650415683
Kuwait,2014,8.53535353535353
Latin America & Caribbean (excluding high income),2014,33.7449133926096
Lao PDR,2014,10.3431542461005
Lebanon,2014,64.7116324535679
Liberia,2014,18.5462344269103
Libya,2014,8.72387101174171
St. Lucia,2014,16.2950819672131
Latin America & Caribbean,2014,33.2533549069624
Least developed countries: UN classification,2014,39.8463474141077
Low income,2014,41.3320242658108
Liechtenstein,2014,32.75
Sri Lanka,2014,43.6931908786477
Lower middle income,2014,42.3395394330459
Low & middle income,2014,42.5226031110008
Lesotho,2014,74.9769433465086
Late-demographic dividend,2014,34.5584683236814
Lithuania,2014,47.1252992817239
Luxembourg,2014,50.8805730133698
Latvia,2014,30.0834043100262
"Macao SAR, China",2014,
St. Martin (French part),2014,
Morocco,2014,67.404212413175
Monaco,2014,
Moldova,2014,70.4075425790754
Madagascar,2014,70.2904778274321
Maldives,2014,21.3333333333333
"Middle East, North Africa, Afghanistan & Pakistan",2014,35.3627868819144
Mexico,2014,50.7976028190025
Marshall Islands,2014,38.8888888888889
Middle income,2014,42.7990064916644
North Macedonia,2014,50.0
Mali,2014,34.2535671493784
Malta,2014,31.96875
Myanmar,2014,19.342193911925
"Middle East, North Africa, Afghanistan & Pakistan (excluding high income)",2014,26.9281015238373
Montenegro,2014,17.1241635687732
Mongolia,2014,73.001629001279
Northern Mariana Islands,2014,3.69565217391304
Mozambique,2014,51.5212390956026
Mauritania,2014,38.5272145144077
Mauritius,2014,43.064596895343
Malawi,2014,59.9384811200679
Malaysia,2014,24.6203013239994
North America,2014,26.6434628453805
Namibia,2014,47.1389182426605
New Caledonia,2014,10.050875273523
Niger,2014,36.063787795058
Nigeria,2014,73.6946120315777
Nicaragua,2014,42.1555592487951
Netherlands,2014,54.5888987830217
Norway,2014,2.7026523658753
Nepal,2014,28.1675388908266
Nauru,2014,20.0
New Zealand,2014,42.2163989214234
OECD members,2014,34.9167274365621
Oman,2014,4.58739903069467
Other small states,2014,26.6787136182668
Pakistan,2014,47.0267745952677
Panama,2014,30.1268213707501
Peru,2014,18.75578140625
Philippines,2014,41.9156856826642
Palau,2014,9.34782608695652
Papua New Guinea,2014,2.8816852890518
Poland,2014,47.1080048336001
Pre-demographic dividend,2014,42.2104806833071
Puerto Rico (US),2014,21.1499436302142
"Korea, Dem. People's Rep.",2014,21.8349223486421
Portugal,2014,39.996244771062
Paraguay,2014,49.6341485023911
West Bank and Gaza,2014,69.8431063122924
Pacific island small states,2014,11.803738317757
Post-demographic dividend,2014,34.5059243789137
French Polynesia,2014,9.06940363007779
Qatar,2014,6.1792863359443
Romania,2014,60.1095271210014
Russian Federation,2014,13.1584362579663
Rwanda,2014,81.3133360356709
South Asia,2014,58.586130895859
Saudi Arabia,2014,80.7661454907452
Sudan,2014,59.6600428265525
Senegal,2014,46.6005297875656
Singapore,2014,0.930888575458392
Solomon Islands,2014,3.59056806002144
Sierra Leone,2014,54.7104461069548
El Salvador,2014,58.6003861003861
San Marino,2014,16.6666666666667
"Somalia, Fed. Rep.",2014,70.3382535786017
Serbia,2014,40.0914703864624
Sub-Saharan Africa (excluding high income),2014,43.7070373622515
South Sudan,2014,44.9849469086766
Sub-Saharan Africa,2014,43.7062606945821
Small states,2014,12.4789734193767
Sao Tome and Principe,2014,38.5416666666667
Suriname,2014,0.549506655790339
Slovak Republic,2014,39.2970049916805
Slovenia,2014,30.5283018867925
Sweden,2014,7.45341050724985
Eswatini,2014,70.6976744186046
Sint Maarten (Dutch part),2014,
Seychelles,2014,3.3695652173913
Syrian Arab Republic,2014,75.7991613570767
Turks and Caicos Islands,2014,1.05263157894737
Chad,2014,39.8951715374841
East Asia & Pacific (IDA & IBRD countries),2014,48.3480549723519
Europe & Central Asia (IDA & IBRD countries),2014,28.3287327005832
Togo,2014,70.2334988049274
Thailand,2014,44.7102115915363
Tajikistan,2014,26.800974161659
Turkmenistan,2014,76.7154150618177
Latin America & the Caribbean (IDA & IBRD countries),2014,33.1355049401182
Timor-Leste,2014,22.871553463349
"Middle East, North Africa, Afghanistan & Pakistan (IDA & IBRD)",2014,26.9024161234768
Tonga,2014,47.2222222222222
South Asia (IDA & IBRD),2014,58.586130895859
Sub-Saharan Africa (IDA & IBRD countries),2014,43.7062606945821
Trinidad and Tobago,2014,10.5263157894737
Tunisia,2014,62.8282698249228
Turkiye,2014,50.0942011096241
Tuvalu,2014,60.0
Tanzania,2014,43.1792729735832
Uganda,2014,71.8880909634949
Ukraine,2014,71.658409432236
Upper middle income,2014,42.9941656680805
Uruguay,2014,82.7054050965604
United States,2014,46.4263636850609
Uzbekistan,2014,58.6109332727536
St. Vincent and the Grenadines,2014,17.9487179487179
"Venezuela, RB",2014,24.3750354288306
British Virgin Islands,2014,46.6666666666667
Virgin Islands (U.S.),2014,11.4285714285714
Viet Nam,2014,34.6991265943562
Vanuatu,2014,15.3404429860541
World,2014,36.9686293169555
Samoa,2014,23.8515901060071
Kosovo,2014,
"Yemen, Rep.",2014,44.4184328655037
South Africa,2014,79.4178502831612
Zambia,2014,31.9320948627235
Zimbabwe,2014,41.8387654129508
Aruba,2015,11.1111111111111
Africa Eastern and Southern,2015,46.0975040198567
Afghanistan,2015,58.123668031216
Africa Western and Central,2015,40.1932060695706
Angola,2015,36.7281623486003
Albania,2015,42.8576642335766
Andorra,2015,40.0212765957447
Arab World,2015,39.8713061412487
United Arab Emirates,2015,5.39003097718952
Argentina,2015,44.1239360687546
Armenia,2015,58.8935721812434
American Samoa,2015,13.6
Antigua and Barbuda,2015,20.4545454545455
Australia,2015,45.3144240657095
Austria,2015,32.9429229277751
Azerbaijan,2015,57.7017529003303
Burundi,2015,75.5841121495327
Belgium,2015,43.7807008868229
Benin,2015,36.122942532813
Burkina Faso,2015,49.293038377193
Bangladesh,2015,70.3867250518553
Bulgaria,2015,46.1670965364775
Bahrain,2015,10.694087403599
"Bahamas, The",2015,1.2987012987013
Bosnia and Herzegovina,2015,42.5
Belarus,2015,42.242016376159
Belize,2015,7.45287154756686
Bermuda,2015,5.55555555555556
Bolivia,2015,35.2820086771901
Brazil,2015,28.168707391836
Barbados,2015,25.5813953488372
Brunei Darussalam,2015,2.5426944971537
Bhutan,2015,13.7891229635071
Botswana,2015,45.6330174862809
Central African Republic,2015,7.89351183023532
Canada,2015,6.46750520601544
Central Europe and the Baltics,2015,46.9550718027164
Switzerland,2015,38.4205685464246
Channel Islands,2015,46.7676767676768
Chile,2015,17.5651877090955
China,2015,55.7831305666223
Cote d'Ivoire,2015,76.9368119496855
Cameroon,2015,20.6257536333058
"Congo, Dem. Rep.",2015,14.3137557618932
"Congo, Rep.",2015,31.1081434846266
Colombia,2015,40.3644885083371
Comoros,2015,71.4669532509404
Cabo Verde,2015,19.6029776674938
Costa Rica,2015,34.4533666274971
Caribbean small states,2015,2.80768501836046
Cuba,2015,59.9452449567723
Curacao,2015,
Cayman Islands,2015,11.25
Cyprus,2015,13.7099567099567
Czechia,2015,45.2532055433234
Germany,2015,47.9590666743106
Djibouti,2015,73.4598792062122
Dominica,2015,33.3333333333333
Denmark,2015,65.847475
Dominican Republic,2015,50.0964851997516
Algeria,2015,17.4059228102468
East Asia & Pacific (excluding high income),2015,48.2392846149473
Early-demographic dividend,2015,39.8296421263747
East Asia & Pacific,2015,46.5106401873053
Europe & Central Asia (excluding high income),2015,67.8487776332438
Europe & Central Asia,2015,29.2948434348914
Ecuador,2015,23.3089064261556
"Egypt, Arab Rep.",2015,3.80719985936009
Euro area,2015,43.2327549280376
Eritrea,2015,62.6978016748456
Spain,2015,53.1890621841609
Estonia,2015,22.8433402346446
Ethiopia,2015,32.9671104083739
European Union,2015,41.4382367036087
Finland,2015,7.48050409660755
Fiji,2015,17.2742200328407
France,2015,53.301604972632
Faroe Islands,2015,69.067335243553
"Micronesia, Fed. Sts.",2015,7.14285714285714
Gabon,2015,8.35656459812939
United Kingdom,2015,70.8386723432398
Georgia,2015,34.7978126349115
Ghana,2015,54.564096422607
Gibraltar,2015,
Guinea,2015,66.0886985186391
"Gambia, The",2015,63.6363636363636
Guinea-Bissau,2015,28.0864153627312
Equatorial Guinea,2015,3.71764705882353
Greece,2015,48.0915438324282
Grenada,2015,23.5294117647059
Greenland,2015,0.59227676939944
Guatemala,2015,41.6573348264278
Guam,2015,31.4814814814815
Guyana,2015,3.65252730505461
High income,2015,28.1248676328714
"Hong Kong SAR, China",2015,4.85714285714286
Honduras,2015,30.1635534900349
Heavily indebted poor countries (HIPC),2015,40.3453118020294
Croatia,2015,27.4676577800014
Haiti,2015,75.0362844702467
Hungary,2015,57.6813499890423
IBRD only,2015,36.0635669221521
IDA & IBRD total,2015,37.426987231449
IDA total,2015,41.2424695720881
IDA blend,2015,45.2557347471195
Indonesia,2015,27.6112077694021
IDA only,2015,40.2768734262188
Isle of Man,2015,72.1052631578947
India,2015,60.4317248477225
Not classified,2015,
Ireland,2015,64.3054144287995
"Iran, Islamic Rep.",2015,28.2141015250866
Iraq,2015,21.364205948476
Iceland,2015,18.6733167082294
Israel,2015,24.6719038817006
Italy,2015,43.7748124902779
Jamaica,2015,38.5041551246537
Jordan,2015,11.8979499887362
Japan,2015,13.2949245541838
Kazakhstan,2015,80.1050857502685
Kenya,2015,49.5619679036477
Kyrgyz Republic,2015,55.0375391032325
Cambodia,2015,31.9960571040109
Kiribati,2015,41.9753086419753
St. Kitts and Nevis,2015,23.0769230769231
"Korea, Rep.",2015,17.815177792601
Kuwait,2015,8.38383838383838
Latin America & Caribbean (excluding high income),2015,33.8200276598132
Lao PDR,2015,10.4545060658579
Lebanon,2015,65.0048875855327
Liberia,2015,18.8585257475083
Libya,2015,8.72387101174171
St. Lucia,2015,16.2950819672131
Latin America & Caribbean,2015,33.3051836416749
Least developed countries: UN classification,2015,39.971918635211
Low income,2015,41.4276186398958
Liechtenstein,2015,32.625
Sri Lanka,2015,44.2699497519913
Lower middle income,2015,42.4750132671993
Low & middle income,2015,42.6069563855382
Lesotho,2015,73.2213438735178
Late-demographic dividend,2015,34.5772598638534
Lithuania,2015,47.9792498004789
Luxembourg,2015,50.9893336855108
Latvia,2015,30.2842817426519
"Macao SAR, China",2015,
St. Martin (French part),2015,
Morocco,2015,67.3246695048174
Monaco,2015,
Moldova,2015,70.4987834549878
Madagascar,2015,70.2904778274321
Maldives,2015,21.3333333333333
"Middle East, North Africa, Afghanistan & Pakistan",2015,35.3637712522962
Mexico,2015,50.7626224954345
Marshall Islands,2015,38.8888888888889
Middle income,2015,42.880724852437
North Macedonia,2015,50.0396510705789
Mali,2015,34.3826333603783
Malta,2015,31.96875
Myanmar,2015,19.5213448582103
"Middle East, North Africa, Afghanistan & Pakistan (excluding high income)",2015,26.9293342570035
Montenegro,2015,17.2044609665428
Mongolia,2015,72.990217275856
Northern Mariana Islands,2015,3.69565217391304
Mozambique,2015,51.8231643734581
Mauritania,2015,38.5272145144077
Mauritius,2015,43.064596895343
Malawi,2015,60.5218498090793
Malaysia,2015,26.0842185359915
North America,2015,26.6945787029737
Namibia,2015,47.1401328814877
New Caledonia,2015,10.0672866520788
Niger,2015,36.0740506828768
Nigeria,2015,73.9246242190674
Nicaragua,2015,42.1555592487951
Netherlands,2015,54.8262548262548
Norway,2015,2.70004137564292
Nepal,2015,27.9640516219044
Nauru,2015,20.0
New Zealand,2015,40.6820857544339
OECD members,2015,34.1656908906125
Oman,2015,4.63327948303716
Other small states,2015,26.8073517915902
Pakistan,2015,46.9619136571191
Panama,2015,29.9919050188883
Peru,2015,18.995159375
Philippines,2015,42.0129456350404
Palau,2015,9.34782608695652
Papua New Guinea,2015,2.91922448438811
Poland,2015,46.9349096965936
Pre-demographic dividend,2015,42.3866734678984
Puerto Rico (US),2015,20.6313416009019
"Korea, Dem. People's Rep.",2015,21.8469645378291
Portugal,2015,39.7222440549486
Paraguay,2015,50.1495819280141
West Bank and Gaza,2015,71.4953156146179
Pacific island small states,2015,11.9442367601246
Post-demographic dividend,2015,33.6705918189662
French Polynesia,2015,8.92808988764045
Qatar,2015,6.1792863359443
Romania,2015,60.2312239221141
Russian Federation,2015,13.1584362579663
Rwanda,2015,81.3538710985002
South Asia,2015,58.5947758901949
Saudi Arabia,2015,80.7626139582917
Sudan,2015,59.8232762312634
Senegal,2015,48.4495922713343
Singapore,2015,0.930888575458392
Solomon Islands,2015,3.61200428724544
Sierra Leone,2015,54.7104461069548
El Salvador,2015,59.0250965250965
San Marino,2015,38.3333333333333
"Somalia, Fed. Rep.",2015,70.3382535786017
Serbia,2015,39.8010519094443
Sub-Saharan Africa (excluding high income),2015,43.8629287917312
South Sudan,2015,44.929106071875
Sub-Saharan Africa,2015,43.8621491880713
Small states,2015,12.5497278860472
Sao Tome and Principe,2015,38.5416666666667
Suriname,2015,0.542030374759178
Slovak Republic,2015,39.2787321658833
Slovenia,2015,30.6062772432556
Sweden,2015,7.43498868578537
Eswatini,2015,70.4651162790698
Sint Maarten (Dutch part),2015,
Seychelles,2015,3.3695652173913
Syrian Arab Republic,2015,75.7882698905408
Turks and Caicos Islands,2015,1.05263157894737
Chad,2015,39.8959656925032
East Asia & Pacific (IDA & IBRD countries),2015,48.4384137585527
Europe & Central Asia (IDA & IBRD countries),2015,28.3324115002143
Togo,2015,70.2334988049274
Thailand,2015,44.7180410655914
Tajikistan,2015,27.076158224656
Turkmenistan,2015,78.2850637328964
Latin America & the Caribbean (IDA & IBRD countries),2015,33.189960194799
Timor-Leste,2015,22.9051782111634
"Middle East, North Africa, Afghanistan & Pakistan (IDA & IBRD)",2015,26.902660720196
Tonga,2015,48.6111111111111
South Asia (IDA & IBRD),2015,58.5947758901949
Sub-Saharan Africa (IDA & IBRD countries),2015,43.8621491880713
Trinidad and Tobago,2015,10.5263157894737
Tunisia,2015,63.2981462409887
Turkiye,2015,50.0903031326741
Tuvalu,2015,60.0
Tanzania,2015,43.418943328065
Uganda,2015,71.8880909634949
Ukraine,2015,71.6532306789345
Upper middle income,2015,43.0531159605647
Uruguay,2015,82.6625528511027
United States,2015,46.519708562633
Uzbekistan,2015,57.984566500227
St. Vincent and the Grenadines,2015,17.9487179487179
"Venezuela, RB",2015,24.3750354288306
British Virgin Islands,2015,46.6666666666667
Virgin Islands (U.S.),2015,11.4285714285714
Viet Nam,2015,38.7634300520449
Vanuatu,2015,15.3404429860541
World,2015,36.8157447313887
Samoa,2015,26.7208480565371
Kosovo,2015,
"Yemen, Rep.",2015,44.382445972309
South Africa,2015,79.4178502831612
Zambia,2015,31.9334400516553
Zimbabwe,2015,41.8325022618586
Aruba,2016,11.1111111111111
Africa Eastern and Southern,2016,46.1990378341486
Afghanistan,2016,58.123668031216
Africa Western and Central,2016,40.2808880052356
Angola,2016,36.7562364642657
Albania,2016,43.1277372262774
Andorra,2016,40.0425531914894
Arab World,2016,39.9374316563858
United Arab Emirates,2016,5.40411151788229
Argentina,2016,43.4324236577764
Armenia,2016,58.8970846505093
American Samoa,2016,13.75
Antigua and Barbuda,2016,20.4545454545455
Australia,2016,44.5399257932247
Austria,2016,32.3578526417838
Azerbaijan,2016,57.7355751784202
Burundi,2016,76.6355140186916
Belgium,2016,44.5323574984341
Benin,2016,34.3804984036893
Burkina Faso,2016,49.8260445906433
Bangladesh,2016,70.6323269570562
Bulgaria,2016,46.2509211495947
Bahrain,2016,10.5519897304236
"Bahamas, The",2016,1.2987012987013
Bosnia and Herzegovina,2016,43.14453125
Belarus,2016,42.0354897826473
Belize,2016,7.45287154756686
Bermuda,2016,5.55555555555556
Bolivia,2016,35.1546201421582
Brazil,2016,28.2549706035075
Barbados,2016,23.2558139534884
Brunei Darussalam,2016,2.5426944971537
Bhutan,2016,13.6063338926174
Botswana,2016,45.6330174862809
Central African Republic,2016,7.89270923625156
Canada,2016,6.47475514717938
Central Europe and the Baltics,2016,46.6831370243936
Switzerland,2016,38.3386607265115
Channel Islands,2016,46.9191919191919
Chile,2016,17.0258627541733
China,2016,55.7030573453299
Cote d'Ivoire,2016,75.4266364779874
Cameroon,2016,20.6257536333058
"Congo, Dem. Rep.",2016,14.4116803775832
"Congo, Rep.",2016,31.1140761346999
Colombia,2016,40.3504281207751
Comoros,2016,71.4669532509404
Cabo Verde,2016,19.6029776674938
Costa Rica,2016,34.1310771641206
Caribbean small states,2016,2.80517578192387
Cuba,2016,59.8490965013456
Curacao,2016,
Cayman Islands,2016,11.25
Cyprus,2016,11.8387445887446
Czechia,2016,45.17549540215
Germany,2016,47.6843370735058
Djibouti,2016,73.4598792062122
Dominica,2016,33.3333333333333
Denmark,2016,65.6275
Dominican Republic,2016,51.825944938936
Algeria,2016,17.3655321884285
East Asia & Pacific (excluding high income),2016,48.2235848681392
Early-demographic dividend,2016,39.8023067016835
East Asia & Pacific,2016,46.2494139391239
Europe & Central Asia (excluding high income),2016,67.9344460010634
Europe & Central Asia,2016,29.2851952420798
Ecuador,2016,22.2096956031567
"Egypt, Arab Rep.",2016,3.75083168416294
Euro area,2016,43.0052877417236
Eritrea,2016,62.7036614635264
Spain,2016,52.5772473596977
Estonia,2016,23.0733839429492
Ethiopia,2016,33.1082473792896
European Union,2016,41.1918482423318
Finland,2016,7.48576881313547
Fiji,2016,17.2359058565955
France,2016,53.2851303460432
Faroe Islands,2016,69.0186246418338
"Micronesia, Fed. Sts.",2016,7.14285714285714
Gabon,2016,8.35656459812939
United Kingdom,2016,71.7148836440293
Georgia,2016,34.4510001439056
Ghana,2016,54.3110758547948
Gibraltar,2016,
Guinea,2016,66.5092104834771
"Gambia, The",2016,63.6363636363636
Guinea-Bissau,2016,28.2661948790896
Equatorial Guinea,2016,3.7222816399287
Greece,2016,47.6027928626843
Grenada,2016,23.5294117647059
Greenland,2016,0.592301132902911
Guatemala,2016,41.9354236655468
Guam,2016,31.4814814814815
Guyana,2016,3.65252730505461
High income,2016,28.0009758891289
"Hong Kong SAR, China",2016,4.76190476190476
Honduras,2016,30.6014835999643
Heavily indebted poor countries (HIPC),2016,40.4387960522603
Croatia,2016,27.6249017225359
Haiti,2016,75.0362844702467
Hungary,2016,57.8785886478194
IBRD only,2016,36.0327009989565
IDA & IBRD total,2016,37.4353284827178
IDA total,2016,41.3603042851889
IDA blend,2016,45.3342488598272
Indonesia,2016,27.8730589677122
IDA only,2016,40.4037767398994
Isle of Man,2016,70.5263157894737
India,2016,60.3990999566123
Not classified,2016,
Ireland,2016,64.7554071708521
"Iran, Islamic Rep.",2016,28.2141015250866
Iraq,2016,21.4745420705414
Iceland,2016,18.6733167082294
Israel,2016,25.5083179297597
Italy,2016,43.3250596852407
Jamaica,2016,38.5041551246537
Jordan,2016,12.0067582788916
Japan,2016,13.2043895747599
Kazakhstan,2016,80.0985665073897
Kenya,2016,49.6614869747445
Kyrgyz Republic,2016,54.958811261731
Cambodia,2016,32.2909811919329
Kiribati,2016,41.9753086419753
St. Kitts and Nevis,2016,23.0769230769231
"Korea, Rep.",2016,17.4460708387613
Kuwait,2016,8.41750841750842
Latin America & Caribbean (excluding high income),2016,33.7185088099809
Lao PDR,2016,10.5112651646447
Lebanon,2016,65.5913978494624
Liberia,2016,19.1702938122924
Libya,2016,8.72387101174171
St. Lucia,2016,16.2950819672131
Latin America & Caribbean,2016,33.1779352053336
Least developed countries: UN classification,2016,40.1000452201262
Low income,2016,41.5804460045839
Liechtenstein,2016,32.5
Sri Lanka,2016,44.4315189116701
Lower middle income,2016,42.5361367482798
Low & middle income,2016,42.6289639859966
Lesotho,2016,77.6021080368907
Late-demographic dividend,2016,34.5685969345028
Lithuania,2016,47.1552632419144
Luxembourg,2016,50.7488949138849
Latvia,2016,31.0315457920195
"Macao SAR, China",2016,
St. Martin (French part),2016,
Morocco,2016,69.1799238180596
Monaco,2016,
Moldova,2016,70.4957420924574
Madagascar,2016,70.2904778274321
Maldives,2016,21.3333333333333
"Middle East, North Africa, Afghanistan & Pakistan",2016,35.4564148791701
Mexico,2016,50.5866920445485
Marshall Islands,2016,38.8888888888889
Middle income,2016,42.8723581297707
North Macedonia,2016,50.1586042823156
Mali,2016,34.6059572689499
Malta,2016,32.4375
Myanmar,2016,19.5471674990043
"Middle East, North Africa, Afghanistan & Pakistan (excluding high income)",2016,27.044215798992
Montenegro,2016,19.0111524163569
Mongolia,2016,72.9236771309318
Northern Mariana Islands,2016,3.69565217391304
Mozambique,2016,52.2482896309672
Mauritania,2016,38.5272145144077
Mauritius,2016,43.064596895343
Malawi,2016,61.1158252015274
Malaysia,2016,26.0873535230558
North America,2016,26.7453081046917
Namibia,2016,47.1401328814877
New Caledonia,2016,10.0672866520788
Niger,2016,36.6266677192705
Nigeria,2016,74.1530467626294
Nicaragua,2016,42.1555592487951
Netherlands,2016,53.9055539055539
Norway,2016,2.69388608214041
Nepal,2016,27.7312179979072
Nauru,2016,20.0
New Zealand,2016,40.3099008772929
OECD members,2016,33.9819429168151
Oman,2016,4.63974151857835
Other small states,2016,26.8412939628157
Pakistan,2016,47.7298671647987
Panama,2016,29.8569886670264
Peru,2016,18.75
Philippines,2016,42.1102055874166
Palau,2016,9.34782608695652
Papua New Guinea,2016,2.93247361215387
Poland,2016,46.9447075345374
Pre-demographic dividend,2016,42.4913822597114
Puerto Rico (US),2016,20.1127395715896
"Korea, Dem. People's Rep.",2016,21.6178058300806
Portugal,2016,39.5066458819112
Paraguay,2016,50.6678494840171
West Bank and Gaza,2016,72.1624916943522
Pacific island small states,2016,11.835046728972
Post-demographic dividend,2016,33.4914739411238
French Polynesia,2016,8.78674733506194
Qatar,2016,6.1792863359443
Romania,2016,58.7665159944367
Russian Federation,2016,13.1584362579663
Rwanda,2016,81.2728009728415
South Asia,2016,58.5659179868105
Saudi Arabia,2016,80.7596872107141
Sudan,2016,59.9865096359743
Senegal,2016,48.2418324416974
Singapore,2016,0.930888575458392
Solomon Islands,2016,3.62986780993212
Sierra Leone,2016,54.7104461069548
El Salvador,2016,58.5955598455598
San Marino,2016,38.3333333333333
"Somalia, Fed. Rep.",2016,70.3382535786017
Serbia,2016,39.5152069517494
Sub-Saharan Africa (excluding high income),2016,43.9594042543117
South Sudan,2016,44.8732652350735
Sub-Saharan Africa,2016,43.9586228574712
Small states,2016,12.5520471886287
Sao Tome and Principe,2016,41.6666666666667
Suriname,2016,0.542030374759178
Slovak Republic,2016,39.2262895174709
Slovenia,2016,30.6563399860987
Sweden,2016,7.41674708031197
Eswatini,2016,70.2325581395349
Sint Maarten (Dutch part),2016,
Seychelles,2016,3.3695652173913
Syrian Arab Republic,2016,75.7835103196645
Turks and Caicos Islands,2016,1.05263157894737
Chad,2016,39.9761753494282
East Asia & Pacific (IDA & IBRD countries),2016,48.4243381925214
Europe & Central Asia (IDA & IBRD countries),2016,28.340702485747
Togo,2016,70.2334988049274
Thailand,2016,44.7102115915363
Tajikistan,2016,27.3643634267599
Turkmenistan,2016,79.8547124039751
Latin America & the Caribbean (IDA & IBRD countries),2016,33.062731437602
Timor-Leste,2016,22.9388029589778
"Middle East, North Africa, Afghanistan & Pakistan (IDA & IBRD)",2016,27.0172117040271
Tonga,2016,48.6111111111111
South Asia (IDA & IBRD),2016,58.5659179868105
Sub-Saharan Africa (IDA & IBRD countries),2016,43.9586228574713
Trinidad and Tobago,2016,10.5263157894737
Tunisia,2016,62.45236869207
Turkiye,2016,49.8005535127269
Tuvalu,2016,60.0
Tanzania,2016,43.6586136825469
Uganda,2016,71.8880909634949
Ukraine,2016,71.665314436638
Upper middle income,2016,43.0152349230515
Uruguay,2016,81.5066849502914
United States,2016,46.613053451137
Uzbekistan,2016,57.9805306962693
St. Vincent and the Grenadines,2016,17.9487179487179
"Venezuela, RB",2016,24.3750354288306
British Virgin Islands,2016,46.6666666666667
Virgin Islands (U.S.),2016,11.4285714285714
Viet Nam,2016,38.8407942894887
Vanuatu,2016,15.3404429860541
World,2016,36.7787589726626
Samoa,2016,24.3144876325088
Kosovo,2016,
"Yemen, Rep.",2016,44.2938045722295
South Africa,2016,79.4178502831612
Zambia,2016,31.9334400516553
Zimbabwe,2016,41.8275321183921
Aruba,2017,11.1111111111111
Africa Eastern and Southern,2017,46.2868085471531
Afghanistan,2017,58.123668031216
Africa Western and Central,2017,40.4592061823303
Angola,2017,36.7089115264298
Albania,2017,42.8569708029197
Andorra,2017,40.0425531914894
Arab World,2017,39.9860168710732
United Arab Emirates,2017,5.40411151788229
Argentina,2017,42.9825761047104
Armenia,2017,58.872497365648
American Samoa,2017,13.9
Antigua and Barbuda,2017,20.4545454545455
Australia,2017,48.3406179391109
Austria,2017,32.1694134755211
Azerbaijan,2017,57.7956013645932
Burundi,2017,77.6869158878505
Belgium,2017,43.7477334915768
Benin,2017,36.3017018446258
Burkina Faso,2017,50.3590508040936
Bangladesh,2017,70.5794729968503
Bulgaria,2017,46.3294030950626
Bahrain,2017,10.3974358974359
"Bahamas, The",2017,1.2987012987013
Bosnia and Herzegovina,2017,43.515625
Belarus,2017,41.8448381185095
Belize,2017,7.54055238930294
Bermuda,2017,5.55555555555556
Bolivia,2017,35.0226160804948
Brazil,2017,28.3411141713348
Barbados,2017,23.2558139534884
Brunei Darussalam,2017,2.5426944971537
Bhutan,2017,13.4490352348993
Botswana,2017,45.6330174862809
Central African Republic,2017,7.89399338662557
Canada,2017,6.45441069689781
Central Europe and the Baltics,2017,46.6336578921674
Switzerland,2017,38.259882464098
Channel Islands,2017,46.5656565656566
Chile,2017,16.5754635041584
China,2017,55.6228503623161
Cote d'Ivoire,2017,77.7044808176101
Cameroon,2017,20.6701480823338
"Congo, Dem. Rep.",2017,14.6841490042125
"Congo, Rep.",2017,31.1174758418741
Colombia,2017,39.195132942767
Comoros,2017,71.4669532509404
Cabo Verde,2017,19.6029776674938
Costa Rica,2017,33.8087877007442
Caribbean small states,2017,2.80266654548728
Cuba,2017,60.6936416184971
Curacao,2017,
Cayman Islands,2017,11.25
Cyprus,2017,13.1406926406926
Czechia,2017,45.6029011786038
Germany,2017,47.7631164667831
Djibouti,2017,73.4598792062122
Dominica,2017,33.3333333333333
Denmark,2017,65.7825
Dominican Republic,2017,52.3864086110536
Algeria,2017,17.3550108093197
East Asia & Pacific (excluding high income),2017,48.1833322642647
Early-demographic dividend,2017,39.7758288793532
East Asia & Pacific,2017,47.4166346861835
Europe & Central Asia (excluding high income),2017,67.9818823245194
Europe & Central Asia,2017,29.297925292461
Ecuador,2017,22.507650185215
"Egypt, Arab Rep.",2017,3.85450680596715
Euro area,2017,42.9938202279303
Eritrea,2017,62.70688595366
Spain,2017,52.6387138276281
Estonia,2017,22.9707602339181
Ethiopia,2017,33.263928812192
European Union,2017,41.182274592069
Finland,2017,7.4690708081074
Fiji,2017,17.1975916803503
France,2017,53.2470526022822
Faroe Islands,2017,69.0186246418338
"Micronesia, Fed. Sts.",2017,7.14285714285714
Gabon,2017,8.35656459812939
United Kingdom,2017,72.1950667548465
Georgia,2017,34.3186069938121
Ghana,2017,53.1069873428848
Gibraltar,2017,
Guinea,2017,67.2847460524174
"Gambia, The",2017,62.6482213438735
Guinea-Bissau,2017,28.2675711237553
Equatorial Guinea,2017,3.72691622103387
Greece,2017,46.9630783553142
Grenada,2017,23.5294117647059
Greenland,2017,0.592301132902911
Guatemala,2017,42.2135125046659
Guam,2017,31.4814814814815
Guyana,2017,3.65252730505461
High income,2017,28.5713840325287
"Hong Kong SAR, China",2017,4.85714285714286
Honduras,2017,31.1734739476271
Heavily indebted poor countries (HIPC),2017,40.5971684378194
Croatia,2017,26.7493388606962
Haiti,2017,72.9317851959361
Hungary,2017,58.1087004163927
IBRD only,2017,35.9837161490656
IDA & IBRD total,2017,37.4375324882277
IDA total,2017,41.5050926840269
IDA blend,2017,45.4906218970412
Indonesia,2017,27.7598939877572
IDA only,2017,40.5453905704735
Isle of Man,2017,70.8771929824561
India,2017,60.2840719900175
Not classified,2017,
Ireland,2017,65.1618522281899
"Iran, Islamic Rep.",2017,28.6194144838213
Iraq,2017,21.5116279069767
Iceland,2017,18.6733167082294
Israel,2017,29.7597042513863
Italy,2017,43.3743295977925
Jamaica,2017,38.5041551246537
Jordan,2017,11.3426447398063
Japan,2017,13.1083676268861
Kazakhstan,2017,80.088046820017
Kenya,2017,48.9288901383398
Kyrgyz Republic,2017,54.9535974973931
Cambodia,2017,32.7703597326082
Kiribati,2017,41.9753086419753
St. Kitts and Nevis,2017,23.0769230769231
"Korea, Rep.",2017,17.1951594708235
Kuwait,2017,8.49607182940516
Latin America & Caribbean (excluding high income),2017,33.5770418250953
Lao PDR,2017,10.2235701906412
Lebanon,2017,65.8181818181818
Liberia,2017,19.4838901578073
Libya,2017,8.72387101174171
St. Lucia,2017,16.2950819672131
Latin America & Caribbean,2017,33.0250537446026
Least developed countries: UN classification,2017,40.2465803501802
Low income,2017,41.7166802594139
Liechtenstein,2017,32.375
Sri Lanka,2017,44.5963194545425
Lower middle income,2017,42.6112999232338
Low & middle income,2017,42.6393003605192
Lesotho,2017,79.6442687747035
Late-demographic dividend,2017,34.5312228369113
Lithuania,2017,46.8590859022046
Luxembourg,2017,50.9458294166544
Latvia,2017,31.0636861812397
"Macao SAR, China",2017,
St. Martin (French part),2017,
Morocco,2017,69.5643024871163
Monaco,2017,
Moldova,2017,70.456065673457
Madagascar,2017,70.2904778274321
Maldives,2017,21.3333333333333
"Middle East, North Africa, Afghanistan & Pakistan",2017,35.5620171486224
Mexico,2017,49.8706242444507
Marshall Islands,2017,38.8888888888889
Middle income,2017,42.8534850199663
North Macedonia,2017,50.1982553528945
Mali,2017,34.7400371253657
Malta,2017,32.4375
Myanmar,2017,19.997855227882
"Middle East, North Africa, Afghanistan & Pakistan (excluding high income)",2017,27.1609584528202
Montenegro,2017,19.0557620817844
Mongolia,2017,72.8635713833453
Northern Mariana Islands,2017,3.69565217391304
Mozambique,2017,52.5799231923498
Mauritania,2017,38.5272145144077
Mauritius,2017,43.064596895343
Malawi,2017,61.6991938905388
Malaysia,2017,26.0873535230558
North America,2017,26.7823788564983
Namibia,2017,47.1413475203148
New Caledonia,2017,10.0672866520788
Niger,2017,36.7845583010973
Nigeria,2017,74.3371732709685
Nicaragua,2017,42.222037560246
Netherlands,2017,54.024354024354
Norway,2017,2.69802778789613
Nepal,2017,27.5400788280433
Nauru,2017,20.0
New Zealand,2017,40.4238350233565
OECD members,2017,34.7375527526107
Oman,2017,4.68794830371567
Other small states,2017,26.8502453142428
Pakistan,2017,48.0009858862599
Panama,2017,29.7220723151646
Peru,2017,18.945396875
Philippines,2017,42.224234497099
Palau,2017,9.34782608695652
Papua New Guinea,2017,3.10250408514773
Poland,2017,47.2321107808877
Pre-demographic dividend,2017,42.6381127616632
Puerto Rico (US),2017,19.5941375422773
"Korea, Dem. People's Rep.",2017,21.5679760817208
Portugal,2017,40.1000899508327
Paraguay,2017,51.1846647369746
West Bank and Gaza,2017,71.3877906976744
Pacific island small states,2017,11.7443491816056
Post-demographic dividend,2017,34.4488095203578
French Polynesia,2017,8.93353500432152
Qatar,2017,6.26631853785901
Romania,2017,58.1449930458971
Russian Federation,2017,13.1584362579663
Rwanda,2017,81.2728009728415
South Asia,2017,58.4547513972765
Saudi Arabia,2017,80.7591328517135
Sudan,2017,60.1497430406852
Senegal,2017,48.4236222926297
Singapore,2017,0.926966292134832
Solomon Islands,2017,3.6691675598428
Sierra Leone,2017,54.7104461069548
El Salvador,2017,58.1660231660232
San Marino,2017,38.3333333333333
"Somalia, Fed. Rep.",2017,70.3393694009628
Serbia,2017,39.0921564143609
Sub-Saharan Africa (excluding high income),2017,44.0816349999544
South Sudan,2017,44.817424398272
Sub-Saharan Africa,2017,44.0808513138064
Small states,2017,12.532217426345
Sao Tome and Principe,2017,42.7083333333333
Suriname,2017,0.523339672181275
Slovak Republic,2017,39.0806988352745
Slovenia,2017,30.5411136105194
Sweden,2017,7.39330060221358
Eswatini,2017,70.0
Sint Maarten (Dutch part),2017,
Seychelles,2017,3.3695652173913
Syrian Arab Republic,2017,75.804775908076
Turks and Caicos Islands,2017,1.05263157894737
Chad,2017,39.9761753494282
East Asia & Pacific (IDA & IBRD countries),2017,48.3841602991826
Europe & Central Asia (IDA & IBRD countries),2017,28.3487617271006
Togo,2017,70.2334988049274
Thailand,2017,44.7199984341052
Tajikistan,2017,27.6799481230636
Turkmenistan,2017,81.4243610750537
Latin America & the Caribbean (IDA & IBRD countries),2017,32.9050448561766
Timor-Leste,2017,22.9724277067922
"Middle East, North Africa, Afghanistan & Pakistan (IDA & IBRD)",2017,27.1344714178457
Tonga,2017,48.6111111111111
South Asia (IDA & IBRD),2017,58.4547513972765
Sub-Saharan Africa (IDA & IBRD countries),2017,44.0808513138064
Trinidad and Tobago,2017,10.5263157894737
Tunisia,2017,62.7117662203914
Turkiye,2017,49.3275989761314
Tuvalu,2017,60.0
Tanzania,2017,43.8982840370287
Uganda,2017,71.8880909634949
Ukraine,2017,71.6191955808735
Upper middle income,2017,42.9564268320441
Uruguay,2017,81.2644269226374
United States,2017,46.7063983396411
Uzbekistan,2017,57.9525543137807
St. Vincent and the Grenadines,2017,17.9487179487179
"Venezuela, RB",2017,24.3750354288306
British Virgin Islands,2017,46.6666666666667
Virgin Islands (U.S.),2017,11.4285714285714
Viet Nam,2017,38.8279627189274
Vanuatu,2017,15.3404429860541
World,2017,37.012933229899
Samoa,2017,22.3021582733813
Kosovo,2017,
"Yemen, Rep.",2017,44.4191904843078
South Africa,2017,79.4178502831612
Zambia,2017,32.0679589448338
Zimbabwe,2017,41.8217862220499
Aruba,2018,11.1111111111111
Africa Eastern and Southern,2018,46.4015260566861
Afghanistan,2018,58.2769881790166
Africa Western and Central,2018,40.7899382363931
Angola,2018,36.7193390551055
Albania,2018,42.8496715328467
Andorra,2018,40.0723404255319
Arab World,2018,39.9727655557089
United Arab Emirates,2018,5.37524640946212
Argentina,2018,42.3613927774063
Armenia,2018,58.9146469968388
American Samoa,2018,14.05
Antigua and Barbuda,2018,20.4545454545455
Australia,2018,46.6580950127535
Austria,2018,32.1477217644207
Azerbaijan,2018,57.8253926004791
Burundi,2018,78.7383177570093
Belgium,2018,44.403633620831
Benin,2018,39.5602039730401
Burkina Faso,2018,51.1961505847953
Bangladesh,2018,70.694476453868
Bulgaria,2018,46.3338246131172
Bahrain,2018,10.4113110539846
"Bahamas, The",2018,1.2987012987013
Bosnia and Herzegovina,2018,43.18359375
Belarus,2018,41.6444969947778
Belize,2018,7.54055238930294
Bermuda,2018,5.55555555555556
Bolivia,2018,35.2631302501615
Brazil,2018,28.338218790305
Barbados,2018,23.2558139534884
Brunei Darussalam,2018,2.5426944971537
Bhutan,2018,13.4504457262716
Botswana,2018,45.6330174862809
Central African Republic,2018,8.30203216796687
Canada,2018,6.45681990811536
Central Europe and the Baltics,2018,46.7211321228008
Switzerland,2018,38.1824051503393
Channel Islands,2018,43.2828282828283
Chile,2018,16.0160767248496
China,2018,55.54274989588
Cote d'Ivoire,2018,81.3420738993711
Cameroon,2018,20.7145425313617
"Congo, Dem. Rep.",2018,14.8275512229549
"Congo, Rep.",2018,31.1317628111274
Colombia,2018,39.7007661108607
Comoros,2018,71.4669532509404
Cabo Verde,2018,19.6029776674938
Costa Rica,2018,33.7196494320407
Caribbean small states,2018,2.80266654548728
Cuba,2018,60.6936416184971
Curacao,2018,
Cayman Islands,2018,11.25
Cyprus,2018,14.3340800865801
Czechia,2018,45.628804558995
Germany,2018,47.6415364359723
Djibouti,2018,73.4598792062122
Dominica,2018,33.3333333333333
Denmark,2018,65.8125
Dominican Republic,2018,53.3660298074933
Algeria,2018,17.3565679895505
East Asia & Pacific (excluding high income),2018,48.2133165055377
Early-demographic dividend,2018,39.7970720278114
East Asia & Pacific,2018,46.8988389345933
Europe & Central Asia (excluding high income),2018,67.9786852625397
Europe & Central Asia,2018,29.2738777734865
Ecuador,2018,21.9358995007248
"Egypt, Arab Rep.",2018,3.88065698930132
Euro area,2018,42.7875357388301
Eritrea,2018,62.7035294042634
Spain,2018,52.408209711446
Estonia,2018,23.0409356725146
Ethiopia,2018,33.5852351498111
European Union,2018,41.0537392738522
Finland,2018,7.47565148723348
Fiji,2018,17.1592775041051
France,2018,53.1776602653307
Faroe Islands,2018,69.0078796561605
"Micronesia, Fed. Sts.",2018,7.14285714285714
Gabon,2018,8.35656459812939
United Kingdom,2018,71.7185202331253
Georgia,2018,34.1660670600086
Ghana,2018,53.694038850312
Gibraltar,2018,
Guinea,2018,67.9785214878724
"Gambia, The",2018,62.6482213438735
Guinea-Bissau,2018,28.8265931721195
Equatorial Guinea,2018,3.73155080213904
Greece,2018,46.1108642358417
Grenada,2018,23.5294117647059
Greenland,2018,0.592301132902911
Guatemala,2018,42.491601343785
Guam,2018,29.6296296296296
Guyana,2018,3.65252730505461
High income,2018,28.2754761399234
"Hong Kong SAR, China",2018,4.76190476190476
Honduras,2018,31.361158280454
Heavily indebted poor countries (HIPC),2018,40.8231880579411
Croatia,2018,26.5170466728611
Haiti,2018,72.3875181422351
Hungary,2018,58.031996493535
IBRD only,2018,35.9658039285949
IDA & IBRD total,2018,37.4724402929702
IDA total,2018,41.6874771725055
IDA blend,2018,45.8663002669363
Indonesia,2018,28.411834447481
IDA only,2018,40.6808264339281
Isle of Man,2018,72.280701754386
India,2018,60.2437112999842
Not classified,2018,
Ireland,2018,65.5537813906227
"Iran, Islamic Rep.",2018,28.9152542372881
Iraq,2018,21.60422732466
Iceland,2018,18.565903005058
Israel,2018,29.6349353049908
Italy,2018,41.948748469826
Jamaica,2018,38.5041551246537
Jordan,2018,11.5093489524668
Japan,2018,13.0205761316872
Kazakhstan,2018,80.0222617327851
Kenya,2018,49.5521664949056
Kyrgyz Republic,2018,54.0709071949948
Cambodia,2018,33.1881078631317
Kiribati,2018,41.9753086419753
St. Kitts and Nevis,2018,23.0769230769231
"Korea, Rep.",2018,16.9401148482363
Kuwait,2018,8.41750841750842
Latin America & Caribbean (excluding high income),2018,33.5054051825466
Lao PDR,2018,10.0511265164645
Lebanon,2018,65.6451612903226
Liberia,2018,19.7975892857143
Libya,2018,8.72387101174171
St. Lucia,2018,16.2950819672131
Latin America & Caribbean,2018,32.9345196580606
Least developed countries: UN classification,2018,40.3806123061792
Low income,2018,41.8487154721183
Liechtenstein,2018,32.375
Sri Lanka,2018,45.448079658606
Lower middle income,2018,42.7300456788304
Low & middle income,2018,42.687176236446
Lesotho,2018,80.1482213438735
Late-demographic dividend,2018,34.4977212876491
Lithuania,2018,47.0541274149768
Luxembourg,2018,51.1015902363991
Latvia,2018,31.1440371542899
"Macao SAR, China",2018,
St. Martin (French part),2018,
Morocco,2018,68.3975066099036
Monaco,2018,
Moldova,2018,68.6355301608926
Madagascar,2018,70.2904778274321
Maldives,2018,21.3333333333333
"Middle East, North Africa, Afghanistan & Pakistan",2018,35.5658550574805
Mexico,2018,49.6494251395355
Marshall Islands,2018,38.8888888888889
Middle income,2018,42.8818175707435
North Macedonia,2018,50.1189532117367
Mali,2018,34.911642121309
Malta,2018,32.4375
Myanmar,2018,20.0265052857362
"Middle East, North Africa, Afghanistan & Pakistan (excluding high income)",2018,27.1655838934796
Montenegro,2018,19.092936802974
Mongolia,2018,72.8416347996956
Northern Mariana Islands,2018,1.17391304347826
Mozambique,2018,52.7751621353544
Mauritania,2018,38.5272145144077
Mauritius,2018,43.064596895343
Malawi,2018,62.2931692829869
Malaysia,2018,26.0873535230558
North America,2018,26.7206038304729
Namibia,2018,47.1413475203148
New Caledonia,2018,10.0672866520788
Niger,2018,36.7845583010973
Nigeria,2018,74.7367722915775
Nicaragua,2018,42.2469669270401
Netherlands,2018,54.1431541431541
Norway,2018,2.70133768638321
Nepal,2018,26.9733247296826
Nauru,2018,20.0
New Zealand,2018,39.8693555125138
OECD members,2018,34.3037433042492
Oman,2018,4.71369951534733
Other small states,2018,26.8413741552026
Pakistan,2018,47.9361249481112
Panama,2018,29.563224588838
Peru,2018,18.82389765625
Philippines,2018,42.3013717007077
Palau,2018,9.34782608695652
Papua New Guinea,2018,3.10250408514773
Poland,2018,47.39850409903
Pre-demographic dividend,2018,42.8542925533175
Puerto Rico (US),2018,19.0417136414882
"Korea, Dem. People's Rep.",2018,21.5762810397807
Portugal,2018,40.791900276839
Paraguay,2018,51.7095343569091
West Bank and Gaza,2018,71.2277242524917
Pacific island small states,2018,11.6472330475448
Post-demographic dividend,2018,33.9619823499175
French Polynesia,2018,9.08029386343993
Qatar,2018,6.44038294168842
Romania,2018,58.3014603616134
Russian Federation,2018,13.1584362579663
Rwanda,2018,79.0028374543981
South Asia,2018,58.415030860343
Saudi Arabia,2018,80.7582529108848
Sudan,2018,60.3131691648822
Senegal,2018,48.605412143562
Singapore,2018,0.92436974789916
Solomon Islands,2018,3.71561271882815
Sierra Leone,2018,54.7104461069548
El Salvador,2018,57.707528957529
San Marino,2018,38.3333333333333
"Somalia, Fed. Rep.",2018,70.3392099977684
Serbia,2018,39.6066773382118
Sub-Saharan Africa (excluding high income),2018,44.2783007096882
South Sudan,2018,44.7057427246689
Sub-Saharan Africa,2018,44.2775133027772
Small states,2018,12.5316457618288
Sao Tome and Principe,2018,43.75
Suriname,2018,0.523339672181275
Slovak Republic,2018,39.2886855241265
Slovenia,2018,30.3927216384259
Sweden,2018,7.36634329022193
Eswatini,2018,69.8255813953488
Sint Maarten (Dutch part),2018,
Seychelles,2018,3.3695652173913
Syrian Arab Republic,2018,75.7920165550291
Turks and Caicos Islands,2018,1.05263157894737
Chad,2018,39.9761753494282
East Asia & Pacific (IDA & IBRD countries),2018,48.4143084710546
Europe & Central Asia (IDA & IBRD countries),2018,28.3512956803807
Togo,2018,70.2334988049274
Thailand,2018,44.7174470042475
Tajikistan,2018,27.7728943007421
Turkmenistan,2018,82.9940097461324
Latin America & the Caribbean (IDA & IBRD countries),2018,32.8142261498041
Timor-Leste,2018,23.0060524546066
"Middle East, North Africa, Afghanistan & Pakistan (IDA & IBRD)",2018,27.1391954909306
Tonga,2018,48.6111111111111
South Asia (IDA & IBRD),2018,58.415030860343
Sub-Saharan Africa (IDA & IBRD countries),2018,44.2775133027772
Trinidad and Tobago,2018,10.5263157894737
Tunisia,2018,62.4388516992791
Turkiye,2018,49.1171082208334
Tuvalu,2018,60.0
Tanzania,2018,44.1379543915105
Uganda,2018,71.8880909634949
Ukraine,2018,71.3306869175009
Upper middle income,2018,42.9463352501076
Uruguay,2018,81.0810193120786
United States,2018,46.5817145490204
Uzbekistan,2018,57.9234067278426
St. Vincent and the Grenadines,2018,17.9487179487179
"Venezuela, RB",2018,24.3750354288306
British Virgin Islands,2018,46.6666666666667
Virgin Islands (U.S.),2018,9.42857142857143
Viet Nam,2018,38.7344502263671
Vanuatu,2018,15.3404429860541
World,2018,36.923348360296
Samoa,2018,19.8453237410072
Kosovo,2018,
"Yemen, Rep.",2018,44.4191904843078
South Africa,2018,79.4178502831612
Zambia,2018,32.0679589448338
Zimbabwe,2018,41.8168160785834
Aruba,2019,11.1111111111111
Africa Eastern and Southern,2019,46.4392032275872
Afghanistan,2019,58.2769881790166
Africa Western and Central,2019,40.9452051693095
Angola,2019,36.7819042271597
Albania,2019,42.8467153284672
Andorra,2019,40.0002127659574
Arab World,2019,39.9131952372974
United Arab Emirates,2019,5.49704308645452
Argentina,2019,42.605848671205
Armenia,2019,58.9041095890411
American Samoa,2019,14.2
Antigua and Barbuda,2019,20.4545454545455
Australia,2019,47.1237724290889
Austria,2019,32.1280901599612
Azerbaijan,2019,57.8278123260822
Burundi,2019,79.7897196261682
Belgium,2019,44.4677641503247
Benin,2019,41.071385242994
Burkina Faso,2019,51.6768903508772
Bangladesh,2019,72.1902127986479
Bulgaria,2019,46.3983050847458
Bahrain,2019,10.3846153846154
"Bahamas, The",2019,1.2987012987013
Bosnia and Herzegovina,2019,43.28125
Belarus,2019,41.3223954869066
Belize,2019,7.62823323103902
Bermuda,2019,5.55555555555556
Bolivia,2019,35.5444151204652
Brazil,2019,28.3353473380441
Barbados,2019,23.2558139534884
Brunei Darussalam,2019,2.5426944971537
Bhutan,2019,13.4504457262716
Botswana,2019,45.63372328975
Central African Republic,2019,8.81890269350541
Canada,2019,6.43435624426279
Central Europe and the Baltics,2019,47.1607908068912
Switzerland,2019,38.1050341397781
Channel Islands,2019,43.2828282828283
Chile,2019,15.435346965027
China,2019,55.462649429444
Cote d'Ivoire,2019,81.5248
Cameroon,2019,20.7589369803897
"Congo, Dem. Rep.",2019,14.9255199488322
"Congo, Rep.",2019,31.20878477306
Colombia,2019,39.9765660207301
Comoros,2019,71.4669532509404
Cabo Verde,2019,19.6029776674938
Costa Rica,2019,33.6305131218175
Caribbean small states,2019,2.80768501836046
Cuba,2019,61.6666666666667
Curacao,2019,
Cayman Islands,2019,11.25
Cyprus,2019,13.5636796536797
Czechia,2019,45.6399997409511
Germany,2019,47.7002776267209
Djibouti,2019,73.4598792062122
Dominica,2019,33.3333333333333
Denmark,2019,65.649125
Dominican Republic,2019,53.7012184317945
Algeria,2019,17.3469816184806
East Asia & Pacific (excluding high income),2019,48.2111997881127
Early-demographic dividend,2019,39.8364059229789
East Asia & Pacific,2019,47.0355154608272
Europe & Central Asia (excluding high income),2019,67.7343777319299
Europe & Central Asia,2019,29.2721464051844
Ecuador,2019,21.4607827347399
"Egypt, Arab Rep.",2019,3.93992666633181
Euro area,2019,43.0793001651091
Eritrea,2019,62.7020628070177
Spain,2019,52.4584917258728
Estonia,2019,23.1204678362573
Ethiopia,2019,33.8392563550947
European Union,2019,41.3634336445269
Finland,2019,7.48198598361465
Fiji,2019,17.1209633278599
France,2019,52.915574914185
Faroe Islands,2019,69.0078796561605
"Micronesia, Fed. Sts.",2019,7.14285714285714
Gabon,2019,8.35656459812939
United Kingdom,2019,72.4229988013062
Georgia,2019,34.1430421643402
Ghana,2019,54.8490737607292
Gibraltar,2019,
Guinea,2019,67.9118492593196
"Gambia, The",2019,62.6482213438735
Guinea-Bissau,2019,29.0523897581792
Equatorial Guinea,2019,3.73618538324421
Greece,2019,45.4892645461598
Grenada,2019,23.5294117647059
Greenland,2019,0.592301132902911
Guatemala,2019,42.7696901829041
Guam,2019,29.6296296296296
Guyana,2019,3.65252730505461
High income,2019,28.3319932912149
"Hong Kong SAR, China",2019,4.76190476190476
Honduras,2019,31.361158280454
Heavily indebted poor countries (HIPC),2019,40.9329165023273
Croatia,2019,26.8744192695304
Haiti,2019,64.9492017416546
Hungary,2019,57.8347578347578
IBRD only,2019,35.9447939021545
IDA & IBRD total,2019,37.4690453940825
IDA total,2019,41.7330605789878
IDA blend,2019,45.785023928178
Indonesia,2019,28.7503293442037
IDA only,2019,40.7565873641754
Isle of Man,2019,70.5263157894737
India,2019,60.2198312250478
Not classified,2019,
Ireland,2019,65.6699085498621
"Iran, Islamic Rep.",2019,28.9602465331279
Iraq,2019,21.7695160435814
Iceland,2019,18.565903005058
Israel,2019,29.5009242144177
Italy,2019,44.3699956377212
Jamaica,2019,38.5041551246537
Jordan,2019,11.6730860193256
Japan,2019,12.9355281207133
Kazakhstan,2019,79.2585472459903
Kenya,2019,49.5174851803854
Kyrgyz Republic,2019,54.0583941605839
Cambodia,2019,33.7162803081804
Kiribati,2019,41.9753086419753
St. Kitts and Nevis,2019,23.0769230769231
"Korea, Rep.",2019,16.7725409836066
Kuwait,2019,8.41750841750842
Latin America & Caribbean (excluding high income),2019,33.5398685803201
Lao PDR,2019,9.80459272097054
Lebanon,2019,65.6207233626589
Liberia,2019,19.9651162790698
Libya,2019,8.72387101174171
St. Lucia,2019,16.2950819672131
Latin America & Caribbean,2019,32.9409231059901
Least developed countries: UN classification,2019,40.4476203695213
Low income,2019,41.9336417021332
Liechtenstein,2019,32.3125
Sri Lanka,2019,45.4472947072851
Lower middle income,2019,42.6960494343012
Low & middle income,2019,42.684967420254
Lesotho,2019,70.961791831357
Late-demographic dividend,2019,34.4217939088889
Lithuania,2019,47.5087831363781
Luxembourg,2019,51.1106795211423
Latvia,2019,31.4975814357112
"Macao SAR, China",2019,
St. Martin (French part),2019,
Morocco,2019,66.34978041676
Monaco,2019,
Moldova,2019,68.7711146722455
Madagascar,2019,70.2904778274321
Maldives,2019,21.3333333333333
"Middle East, North Africa, Afghanistan & Pakistan",2019,35.4558467364556
Mexico,2019,49.4385143650814
Marshall Islands,2019,38.8888888888889
Middle income,2019,42.8593762760588
North Macedonia,2019,50.1586042823156
Mali,2019,35.0888286250502
Malta,2019,32.4375
Myanmar,2019,19.8857055308718
"Middle East, North Africa, Afghanistan & Pakistan (excluding high income)",2019,27.0256225371482
Montenegro,2019,19.1078066914498
Mongolia,2019,72.6641956567248
Northern Mariana Islands,2019,1.17391304347826
Mozambique,2019,52.7979246674636
Mauritania,2019,38.5272145144077
Mauritius,2019,43.064596895343
Malawi,2019,62.8765379719983
Malaysia,2019,26.0873535230558
North America,2019,26.646517248545
Namibia,2019,47.1413475203148
New Caledonia,2019,10.0672866520788
Niger,2019,36.7845583010973
Nigeria,2019,74.9047952831121
Nicaragua,2019,42.2469669270401
Netherlands,2019,53.959013959014
Norway,2019,2.69589201685045
Nepal,2019,26.7748852459016
Nauru,2019,20.0
New Zealand,2019,39.2882913675895
OECD members,2019,34.3704397937387
Oman,2019,4.71369951534733
Other small states,2019,26.8114797867
Pakistan,2019,47.0553134080531
Panama,2019,29.4284173631707
Peru,2019,18.6431953125
Philippines,2019,42.3785089043163
Palau,2019,9.34782608695652
Papua New Guinea,2019,3.10250408514773
Poland,2019,47.4437293783281
Pre-demographic dividend,2019,42.9438320187454
Puerto Rico (US),2019,19.0417136414882
"Korea, Dem. People's Rep.",2019,21.5513661656009
Portugal,2019,43.1253165745326
Paraguay,2019,52.2353553989429
West Bank and Gaza,2019,70.6523754152824
Pacific island small states,2019,11.5434138737334
Post-demographic dividend,2019,34.0581456555585
French Polynesia,2019,8.93898012100259
Qatar,2019,6.44038294168842
Romania,2019,60.0921418636996
Russian Federation,2019,13.1584362579663
Rwanda,2019,77.1787596270774
South Asia,2019,58.44347383416
Saudi Arabia,2019,80.7636691802074
Sudan,2019,60.3131691648822
Senegal,2019,48.7975899859762
Singapore,2019,0.921787709497207
Solomon Islands,2019,3.70846730975348
Sierra Leone,2019,54.7104461069548
El Salvador,2019,57.707528957529
San Marino,2019,38.3333333333333
"Somalia, Fed. Rep.",2019,70.3412822392961
Serbia,2019,39.5609421449806
Sub-Saharan Africa (excluding high income),2019,44.3606599480532
South Sudan,2019,44.7057427246689
Sub-Saharan Africa,2019,44.3598710206483
Small states,2019,12.5141856524878
Sao Tome and Principe,2019,43.75
Suriname,2019,0.523339672181275
Slovak Republic,2019,39.2054908485857
Slovenia,2019,30.4066268051886
Sweden,2019,7.37821646042035
Eswatini,2019,69.593023255814
Sint Maarten (Dutch part),2019,
Seychelles,2019,3.3695652173913
Syrian Arab Republic,2019,75.7574143658444
Turks and Caicos Islands,2019,1.05263157894737
Chad,2019,39.9761753494282
East Asia & Pacific (IDA & IBRD countries),2019,48.4123647998862
Europe & Central Asia (IDA & IBRD countries),2019,28.30804641255
Togo,2019,70.2334988049274
Thailand,2019,45.019475816712
Tajikistan,2019,27.8406225232365
Turkmenistan,2019,84.5636584172111
Latin America & the Caribbean (IDA & IBRD countries),2019,32.8156013619408
Timor-Leste,2019,22.9589778076664
"Middle East, North Africa, Afghanistan & Pakistan (IDA & IBRD)",2019,26.9994949230665
Tonga,2019,48.6111111111111
South Asia (IDA & IBRD),2019,58.44347383416
Sub-Saharan Africa (IDA & IBRD countries),2019,44.3598710206483
Trinidad and Tobago,2019,10.5263157894737
Tunisia,2019,62.4388516992791
Turkiye,2019,49.0053662149344
Tuvalu,2019,60.0
Tanzania,2019,44.3776247459923
Uganda,2019,71.8880909634949
Ukraine,2019,71.2996202968588
Upper middle income,2019,42.9288131421109
Uruguay,2019,80.7182036338704
United States,2019,46.4570307583996
Uzbekistan,2019,58.0070592775022
St. Vincent and the Grenadines,2019,17.9487179487179
"Venezuela, RB",2019,24.3750354288306
British Virgin Islands,2019,46.6666666666667
Virgin Islands (U.S.),2019,9.42857142857143
Viet Nam,2019,39.5241027473527
Vanuatu,2019,15.3404429860541
World,2019,36.9446740270509
Samoa,2019,17.773381294964
Kosovo,2019,
"Yemen, Rep.",2019,44.4191904843078
South Africa,2019,79.4178502831612
Zambia,2019,32.0679589448338
Zimbabwe,2019,41.8196029468786
Aruba,2020,11.1111111111111
Africa Eastern and Southern,2020,46.4926809067678
Afghanistan,2020,58.7415482268525
Africa Western and Central,2020,41.1117283437452
Angola,2020,36.7883211678832
Albania,2020,42.538503649635
Andorra,2020,39.9517021276596
Arab World,2020,39.9379439031186
United Arab Emirates,2020,5.48859476203886
Argentina,2020,43.0004859885482
Armenia,2020,59.4380831430972
American Samoa,2020,14.35
Antigua and Barbuda,2020,20.4545454545455
Australia,2020,46.2524798427461
Austria,2020,31.5398121667475
Azerbaijan,2020,57.8382498850519
Burundi,2020,80.8411214953271
Belgium,2020,44.7500918213419
Benin,2020,39.3140173820504
Burkina Faso,2020,52.1594579678363
Bangladesh,2020,72.4437274333564
Bulgaria,2020,46.4904200442152
Bahrain,2020,10.3184713375796
"Bahamas, The",2020,1.2987012987013
Bosnia and Herzegovina,2020,43.7890625
Belarus,2020,40.7971228692482
Belize,2020,7.89127575624726
Bermuda,2020,5.55555555555556
Bolivia,2020,35.5645909720299
Brazil,2020,28.3324758857832
Barbados,2020,23.2558139534884
Brunei Darussalam,2020,2.5426944971537
Bhutan,2020,13.5422128998427
Botswana,2020,45.63372328975
Central African Republic,2020,8.96866673087418
Canada,2020,6.37073522211031
Central Europe and the Baltics,2020,46.3028102508104
Switzerland,2020,38.0271063029444
Channel Islands,2020,43.2828282828283
Chile,2020,14.9026289456383
China,2020,55.4526368711394
Cote d'Ivoire,2020,82.6258229559748
Cameroon,2020,20.8033316409638
"Congo, Dem. Rep.",2020,14.9434286848548
"Congo, Rep.",2020,31.1645680819912
Colombia,2020,39.8467278954484
Comoros,2020,71.4669532509404
Cabo Verde,2020,19.6029776674938
Costa Rica,2020,33.541374853114
Caribbean small states,2020,2.7153395902854
Cuba,2020,61.6666666666667
Curacao,2020,
Cayman Islands,2020,11.25
Cyprus,2020,13.8147186147186
Czechia,2020,45.6468665918898
Germany,2020,47.4970663155786
Djibouti,2020,73.5030198446937
Dominica,2020,33.3333333333333
Denmark,2020,65.499675
Dominican Republic,2020,52.3243921638275
Algeria,2020,17.3352255074022
East Asia & Pacific (excluding high income),2020,48.2074485448659
Early-demographic dividend,2020,40.0520852065017
East Asia & Pacific,2020,46.7493470334039
Europe & Central Asia (excluding high income),2020,67.8578678547391
Europe & Central Asia,2020,29.2091911996098
Ecuador,2020,21.8231599291351
"Egypt, Arab Rep.",2020,3.98915063539103
Euro area,2020,42.6742017990909
Eritrea,2020,62.7226371689837
Spain,2020,52.3316792232841
Estonia,2020,23.0409356725146
Ethiopia,2020,34.0927476985506
European Union,2020,40.8412386713647
Finland,2020,7.46857932486675
Fiji,2020,17.0552818828681
France,2020,52.729670655905
Faroe Islands,2020,70.3294289897511
"Micronesia, Fed. Sts.",2020,7.14285714285714
Gabon,2020,8.35656459812939
United Kingdom,2020,71.3400491877816
Georgia,2020,34.2193121312419
Ghana,2020,55.393750274689
Gibraltar,2020,
Guinea,2020,69.0970645450106
"Gambia, The",2020,62.6482213438735
Guinea-Bissau,2020,29.3353982930299
Equatorial Guinea,2020,3.74046345811052
Greece,2020,43.6358456167572
Grenada,2020,23.5294117647059
Greenland,2020,0.592301132902911
Guatemala,2020,43.0384471817842
Guam,2020,29.6296296296296
Guyana,2020,3.40532348204982
High income,2020,28.1024997545865
"Hong Kong SAR, China",2020,3.80952380952381
Honduras,2020,31.6203414067388
Heavily indebted poor countries (HIPC),2020,41.0090004035199
Croatia,2020,26.8942101501072
Haiti,2020,64.9492017416546
Hungary,2020,53.8754394039009
IBRD only,2020,36.0161934902284
IDA & IBRD total,2020,37.5496488170857
IDA total,2020,41.8364509430501
IDA blend,2020,46.0448175159798
Indonesia,2020,28.9649906072855
IDA only,2020,40.8225699573647
Isle of Man,2020,70.5263157894737
India,2020,60.0459439188212
Not classified,2020,
Ireland,2020,65.495717811003
"Iran, Islamic Rep.",2020,28.9848998459168
Iraq,2020,21.7755050330546
Iceland,2020,18.565903005058
Israel,2020,25.0369685767098
Italy,2020,42.332263616904
Jamaica,2020,38.5041551246537
Jordan,2020,11.5886208527603
Japan,2020,12.8449931412894
Kazakhstan,2020,79.3233322220988
Kenya,2020,49.3892110936528
Kyrgyz Republic,2020,54.0552659019812
Cambodia,2020,34.3013919102651
Kiribati,2020,41.9753086419753
St. Kitts and Nevis,2020,23.0769230769231
"Korea, Rep.",2020,16.608606557377
Kuwait,2020,8.41750841750842
Latin America & Caribbean (excluding high income),2020,33.8532860656004
Lao PDR,2020,9.56629116117851
Lebanon,2020,65.8958944281525
Liberia,2020,19.9651162790698
Libya,2020,8.72387101174171
St. Lucia,2020,16.2950819672131
Latin America & Caribbean,2020,33.1872618521146
Least developed countries: UN classification,2020,40.5346737695037
Low income,2020,42.014487785284
Liechtenstein,2020,32.3125
Sri Lanka,2020,45.4574846427417
Lower middle income,2020,42.7951281348197
Low & middle income,2020,42.8042513545899
Lesotho,2020,77.3847167325428
Late-demographic dividend,2020,34.390284324212
Lithuania,2020,46.9945704247844
Luxembourg,2020,51.3218694405817
Latvia,2020,31.6406877711715
"Macao SAR, China",2020,
St. Martin (French part),2020,
Morocco,2020,67.0205229666144
Monaco,2020,
Moldova,2020,75.1445965588756
Madagascar,2020,70.2904778274321
Maldives,2020,21.3333333333333
"Middle East, North Africa, Afghanistan & Pakistan",2020,35.5324414078585
Mexico,2020,51.5149441086448
Marshall Islands,2020,38.8888888888889
Middle income,2020,42.9875864662635
North Macedonia,2020,50.0396510705789
Mali,2020,35.2476788860751
Malta,2020,28.46875
Myanmar,2020,19.8875388787596
"Middle East, North Africa, Afghanistan & Pakistan (excluding high income)",2020,27.1296044901379
Montenegro,2020,19.17843866171
Mongolia,2020,72.2189891455646
Northern Mariana Islands,2020,1.17391304347826
Mozambique,2020,52.7793585798215
Mauritania,2020,38.5272145144077
Mauritius,2020,43.064596895343
Malawi,2020,63.4705133644463
Malaysia,2020,26.0873535230558
North America,2020,26.5520586301688
Namibia,2020,47.1413475203148
New Caledonia,2020,10.0672866520788
Niger,2020,36.786689823952
Nigeria,2020,75.4191119602095
Nicaragua,2020,42.3051354495596
Netherlands,2020,53.8892188892189
Norway,2020,2.70656765993659
Nepal,2020,26.5011008022323
Nauru,2020,20.0
New Zealand,2020,38.5629106376514
OECD members,2020,34.1798845146262
Oman,2020,4.71382875605816
Other small states,2020,26.8154795248038
Pakistan,2020,47.572903694479
Panama,2020,29.3084389323268
Peru,2020,19.125773046875
Philippines,2020,42.455646107925
Palau,2020,9.34782608695652
Papua New Guinea,2020,3.10250408514773
Poland,2020,48.1266128768824
Pre-demographic dividend,2020,43.0401191327769
Puerto Rico (US),2020,19.0417136414882
"Korea, Dem. People's Rep.",2020,21.5638236026908
Portugal,2020,43.1660902826901
Paraguay,2020,52.7540030203876
West Bank and Gaza,2020,67.7514285714286
Pacific island small states,2020,11.5371784879189
Post-demographic dividend,2020,33.7237486447884
French Polynesia,2020,9.085738980121
Qatar,2020,6.44038294168842
Romania,2020,56.7150556328234
Russian Federation,2020,13.1584362579663
Rwanda,2020,79.3919740575598
South Asia,2020,58.2883925653046
Saudi Arabia,2020,80.7734077936819
Sudan,2020,60.3131691648822
Senegal,2020,48.9793798369085
Singapore,2020,0.919220055710306
Solomon Islands,2020,3.73704894605216
Sierra Leone,2020,54.7104461069548
El Salvador,2020,57.707528957529
San Marino,2020,38.3333333333333
"Somalia, Fed. Rep.",2020,70.341601045685
Serbia,2020,41.4080152217862
Sub-Saharan Africa (excluding high income),2020,44.4570878720714
South Sudan,2020,44.7054262339183
Sub-Saharan Africa,2020,44.4562971521009
Small states,2020,12.2799371037304
Sao Tome and Principe,2020,43.75
Suriname,2020,0.498418735410739
Slovak Republic,2020,39.1638935108153
Slovenia,2020,30.3177330605272
Sweden,2020,7.38067177371833
Eswatini,2020,69.4767441860465
Sint Maarten (Dutch part),2020,
Seychelles,2020,3.3695652173913
Syrian Arab Republic,2020,75.7685345531776
Turks and Caicos Islands,2020,1.05263157894737
Chad,2020,39.9761753494282
East Asia & Pacific (IDA & IBRD countries),2020,48.4084878864067
Europe & Central Asia (IDA & IBRD countries),2020,28.3095002291012
Togo,2020,70.2334988049274
Thailand,2020,45.5516837283955
Tajikistan,2020,27.8312558541682
Turkmenistan,2020,84.5587640712447
Latin America & the Caribbean (IDA & IBRD countries),2020,33.0635692733375
Timor-Leste,2020,22.9589778076664
"Middle East, North Africa, Afghanistan & Pakistan (IDA & IBRD)",2020,27.1052764970403
Tonga,2020,48.6111111111111
South Asia (IDA & IBRD),2020,58.2883925653046
Sub-Saharan Africa (IDA & IBRD countries),2020,44.4562971521009
Trinidad and Tobago,2020,10.5263157894737
Tunisia,2020,62.4388516992791
Turkiye,2020,49.0651351948339
Tuvalu,2020,60.0
Tanzania,2020,44.6163919620682
Uganda,2020,71.8880909634949
Ukraine,2020,71.2996202968588
Upper middle income,2020,43.0694233085666
Uruguay,2020,80.3531025025711
United States,2020,46.3323469677789
Uzbekistan,2020,58.2832179734483
St. Vincent and the Grenadines,2020,17.9487179487179
"Venezuela, RB",2020,24.3750354288306
British Virgin Islands,2020,46.6666666666667
Virgin Islands (U.S.),2020,9.42857142857143
Viet Nam,2020,39.4347683207361
Vanuatu,2020,15.3404429860541
World,2020,36.9234906505633
Samoa,2020,17.773381294964
Kosovo,2020,
"Yemen, Rep.",2020,44.4191904843078
South Africa,2020,79.4178502831612
Zambia,2020,32.0679589448338
Zimbabwe,2020,41.8169598035414
Aruba,2021,11.1111111111111
Africa Eastern and Southern,2021,46.5176129329446
Afghanistan,2021,58.7415482268525
Africa Western and Central,2021,41.3187314340079
Angola,2021,36.8308334001765
Albania,2021,41.471897810219
Andorra,2021,39.9068085106383
Arab World,2021,39.9330434729508
United Arab Emirates,2021,5.51339763446916
Argentina,2021,43.1097420606645
Armenia,2021,59.3969093973882
American Samoa,2021,14.5
Antigua and Barbuda,2021,20.4545454545455
Australia,2021,47.2592374954823
Austria,2021,31.5376684440136
Azerbaijan,2021,57.8415003024803
Burundi,2021,81.892523364486
Belgium,2021,44.7848757132551
Benin,2021,41.002345689961
Burkina Faso,2021,52.6708998538012
Bangladesh,2021,72.3515402934624
Bulgaria,2021,46.4904200442152
Bahrain,2021,10.253164556962
"Bahamas, The",2021,1.2987012987013
Bosnia and Herzegovina,2021,44.19921875
Belarus,2021,40.2759300320276
Belize,2021,7.97895659798334
Bermuda,2021,5.55555555555556
Bolivia,2021,35.6827879627065
Brazil,2021,28.3296044335223
Barbados,2021,23.2558139534884
Brunei Darussalam,2021,2.5426944971537
Bhutan,2021,13.6339800734137
Botswana,2021,45.63372328975
Central African Republic,2021,9.00526501653344
Canada,2021,6.48457678610033
Central Europe and the Baltics,2021,46.1892360819652
Switzerland,2021,37.9496922648985
Channel Islands,2021,43.2828282828283
Chile,2021,14.5631870231053
China,2021,55.4426243128349
Cote d'Ivoire,2021,84.3928672955975
Cameroon,2021,20.8477260899917
"Congo, Dem. Rep.",2021,14.9450533953817
"Congo, Rep.",2021,31.2521229868228
Colombia,2021,38.7691151870212
Comoros,2021,71.4669532509404
Cabo Verde,2021,19.6029776674938
Costa Rica,2021,33.342687034861
Caribbean small states,2021,2.71776196756723
Cuba,2021,61.6666666666667
Curacao,2021,
Cayman Islands,2021,11.25
Cyprus,2021,13.160854978355
Czechia,2021,45.730560511424
Germany,2021,47.4856177910072
Djibouti,2021,73.5030198446937
Dominica,2021,33.3333333333333
Denmark,2021,65.45
Dominican Republic,2021,52.4107297353709
Algeria,2021,17.3306070351928
East Asia & Pacific (excluding high income),2021,48.1990811354556
Early-demographic dividend,2021,40.0833527050021
East Asia & Pacific,2021,47.0600947043775
Europe & Central Asia (excluding high income),2021,67.9129544926117
Europe & Central Asia,2021,29.2100458848784
Ecuador,2021,22.024480592688
"Egypt, Arab Rep.",2021,4.04942488321865
Euro area,2021,42.6103910072997
Eritrea,2021,62.6515330315189
Spain,2021,52.4848941208322
Estonia,2021,23.0877192982456
Ethiopia,2021,34.3554706330212
European Union,2021,40.7774734266518
Finland,2021,7.46181004166177
Fiji,2021,17.0552818828681
France,2021,52.7417272474256
Faroe Islands,2021,70.1240875912409
"Micronesia, Fed. Sts.",2021,7.14285714285714
Gabon,2021,8.35656459812939
United Kingdom,2021,71.1575290373248
Georgia,2021,34.2480932508275
Ghana,2021,55.393019913595
Gibraltar,2021,
Guinea,2021,70.5533212599707
"Gambia, The",2021,62.6482213438735
Guinea-Bissau,2021,29.8490327169275
Equatorial Guinea,2021,3.74046345811052
Greece,2021,44.3128673390225
Grenada,2021,23.5294117647059
Greenland,2021,0.592301132902911
Guatemala,2021,43.0384471817842
Guam,2021,29.6296296296296
Guyana,2021,3.41005967604433
High income,2021,28.3125312141516
"Hong Kong SAR, China",2021,3.80952380952381
Honduras,2021,31.9599606756636
Heavily indebted poor countries (HIPC),2021,41.1249496486906
Croatia,2021,26.3759828448892
Haiti,2021,65.1306240928882
Hungary,2021,55.2672430418584
IBRD only,2021,36.0173197428514
IDA & IBRD total,2021,37.5655851768851
IDA total,2021,41.8946924782424
IDA blend,2021,46.0836069035959
Indonesia,2021,28.9558492042508
IDA only,2021,40.8855009829716
Isle of Man,2021,68.7719298245614
India,2021,60.0507647678083
Not classified,2021,
Ireland,2021,62.9554362026419
"Iran, Islamic Rep.",2021,29.008936825886
Iraq,2021,21.8439177204985
Iceland,2021,18.565903005058
Israel,2021,24.9075785582255
Italy,2021,41.9422315930434
Jamaica,2021,38.5041551246537
Jordan,2021,11.5210487195081
Japan,2021,12.7818930041152
Kazakhstan,2021,79.3664851650183
Kenya,2021,49.4013975092459
Kyrgyz Republic,2021,54.0464025026069
Cambodia,2021,34.6999756401541
Kiribati,2021,41.9753086419753
St. Kitts and Nevis,2021,23.0769230769231
"Korea, Rep.",2021,16.4241803278689
Kuwait,2021,8.41750841750842
Latin America & Caribbean (excluding high income),2021,33.859207383396
Lao PDR,2021,9.57712305025997
Lebanon,2021,66.6294916911046
Liberia,2021,19.9651162790698
Libya,2021,8.72387101174171
St. Lucia,2021,16.2950819672131
Latin America & Caribbean,2021,33.1804658644641
Least developed countries: UN classification,2021,40.6055985821145
Low income,2021,42.0617664352744
Liechtenstein,2021,32.3125
Sri Lanka,2021,45.4574846427417
Lower middle income,2021,42.8498012604376
Low & middle income,2021,42.8287855288558
Lesotho,2021,73.4321475625823
Late-demographic dividend,2021,34.3520135929187
Lithuania,2021,46.9222168982591
Luxembourg,2021,51.5843322483161
Latvia,2021,31.6567571910654
"Macao SAR, China",2021,
St. Martin (French part),2021,
Morocco,2021,67.0350365225185
Monaco,2021,
Moldova,2021,75.0684098510185
Madagascar,2021,70.2904778274321
Maldives,2021,19.6666666666667
"Middle East, North Africa, Afghanistan & Pakistan",2021,35.4780741709664
Mexico,2021,51.5064078294195
Marshall Islands,2021,38.8888888888889
Middle income,2021,43.0067993540953
North Macedonia,2021,49.9603489294211
Mali,2021,35.4343856284677
Malta,2021,27.34375
Myanmar,2021,19.8875388787596
"Middle East, North Africa, Afghanistan & Pakistan (excluding high income)",2021,27.0607519378435
Montenegro,2021,19.0007434944238
Mongolia,2021,72.1791744756203
Northern Mariana Islands,2021,1.17391304347826
Mozambique,2021,52.7742719804675
Mauritania,2021,38.5272145144077
Mauritius,2021,43.064596895343
Malawi,2021,64.1705557912601
Malaysia,2021,26.0873535230558
North America,2021,26.7432844039091
Namibia,2021,47.142562159142
New Caledonia,2021,10.0672866520788
Niger,2021,36.7873213862793
Nigeria,2021,75.6659597922637
Nicaragua,2021,42.3051354495596
Netherlands,2021,53.8164538164538
Norway,2021,2.70403821341313
Nepal,2021,26.3199051273108
Nauru,2021,20.0
New Zealand,2021,38.6426645398959
OECD members,2021,34.4929169372593
Oman,2021,4.73738287560582
Other small states,2021,26.8053248605039
Pakistan,2021,46.7180365296804
Panama,2021,29.4057158263683
Peru,2021,19.60835078125
Philippines,2021,42.5361371029949
Palau,2021,9.34782608695652
Papua New Guinea,2021,3.10250408514773
Poland,2021,47.3691604050964
Pre-demographic dividend,2021,43.1410551497965
Puerto Rico (US),2021,19.0417136414882
"Korea, Dem. People's Rep.",2021,21.5596711236608
Portugal,2021,43.2538567511157
Paraguay,2021,53.2711832368487
West Bank and Gaza,2021,64.9294605809129
Pacific island small states,2021,11.6042088854248
Post-demographic dividend,2021,34.1230984494717
French Polynesia,2021,8.94442523768367
Qatar,2021,6.44038294168842
Romania,2021,56.8454450625869
Russian Federation,2021,13.1584362579663
Rwanda,2021,81.2509120389137
South Asia,2021,58.2822255386151
Saudi Arabia,2021,80.7732356758416
Sudan,2021,60.3131691648822
Senegal,2021,49.4000934919233
Singapore,2021,0.919220055710306
Solomon Islands,2021,3.89067524115756
Sierra Leone,2021,54.7104461069548
El Salvador,2021,57.707528957529
San Marino,2021,38.3333333333333
"Somalia, Fed. Rep.",2021,70.3414416424905
Serbia,2021,41.443691283149
Sub-Saharan Africa (excluding high income),2021,44.550930704482
South Sudan,2021,44.7085911414239
Sub-Saharan Africa,2021,44.5501381810002
Small states,2021,12.2832731165051
Sao Tome and Principe,2021,44.7916666666667
Suriname,2021,0.48595826702547
Slovak Republic,2021,38.6023294509151
Slovenia,2021,30.3410738761646
Sweden,2021,7.3733058338244
Eswatini,2021,69.4767441860465
Sint Maarten (Dutch part),2021,
Seychelles,2021,3.3695652173913
Syrian Arab Republic,2021,74.9930675815499
Turks and Caicos Islands,2021,1.05263157894737
Chad,2021,39.9761753494282
East Asia & Pacific (IDA & IBRD countries),2021,48.39989842393
Europe & Central Asia (IDA & IBRD countries),2021,28.3135577253079
Togo,2021,70.2334988049274
Thailand,2021,45.9981600735971
Tajikistan,2021,27.7887455868578
Turkmenistan,2021,84.5536569276275
Latin America & the Caribbean (IDA & IBRD countries),2021,33.056730819048
Timor-Leste,2021,22.9589778076664
"Middle East, North Africa, Afghanistan & Pakistan (IDA & IBRD)",2021,27.0380539207679
Tonga,2021,48.6111111111111
South Asia (IDA & IBRD),2021,58.2822255386151
Sub-Saharan Africa (IDA & IBRD countries),2021,44.5501381810002
Trinidad and Tobago,2021,10.5263157894737
Tunisia,2021,62.4388516992791
Turkiye,2021,49.4900146823798
Tuvalu,2021,60.0
Tanzania,2021,44.6163919620682
Uganda,2021,71.8880909634949
Ukraine,2021,71.2996202968588
Upper middle income,2021,43.0735353185575
Uruguay,2021,80.3908124785739
United States,2021,46.2076631880902
Uzbekistan,2021,58.3012029873846
St. Vincent and the Grenadines,2021,17.9487179487179
"Venezuela, RB",2021,24.3750354288306
British Virgin Islands,2021,46.6666666666667
Virgin Islands (U.S.),2021,9.42857142857143
Viet Nam,2021,39.4347683207361
Vanuatu,2021,15.3404429860541
World,2021,37.0347609965302
Samoa,2021,17.773381294964
Kosovo,2021,
"Yemen, Rep.",2021,44.4191904843078
South Africa,2021,79.4178502831612
Zambia,2021,32.0679589448338
Zimbabwe,2021,41.8091454051958
Aruba,2022,11.1111111111111
Africa Eastern and Southern,2022,46.5665511398067
Afghanistan,2022,58.7415482268525
Africa Western and Central,2022,41.4309066787327
Angola,2022,36.9471404507901
Albania,2022,41.4452554744526
Andorra,2022,39.9068085106383
Arab World,2022,39.8835618172048
United Arab Emirates,2022,5.51339763446916
Argentina,2022,43.4276443440799
Armenia,2022,58.6134209413894
American Samoa,2022,14.5
Antigua and Barbuda,2022,20.4545454545455
Australia,2022,47.2592374954823
Austria,2022,31.4765838584586
Azerbaijan,2022,57.8402903811252
Burundi,2022,82.8079633956386
Belgium,2022,44.5661441595068
Benin,2022,43.0623652004257
Burkina Faso,2022,53.3497394005848
Bangladesh,2022,72.3706433287272
Bulgaria,2022,46.2601326455416
Bahrain,2022,10.253164556962
"Bahamas, The",2022,1.2987012987013
Bosnia and Herzegovina,2022,21.81640625
Belarus,2022,39.8738854130745
Belize,2022,7.97895659798334
Bermuda,2022,5.55555555555556
Bolivia,2022,35.8307014677375
Brazil,2022,28.3267329812614
Barbados,2022,23.2558139534884
Brunei Darussalam,2022,2.5426944971537
Bhutan,2022,13.7257472469848
Botswana,2022,45.63372328975
Central African Republic,2022,9.04218433978619
Canada,2022,6.49436207857817
Central Europe and the Baltics,2022,45.4858884198187
Switzerland,2022,37.8712936567617
Channel Islands,2022,
Chile,2022,14.3199327104591
China,2022,55.4326117545304
Cote d'Ivoire,2022,84.1568125786164
Cameroon,2022,20.8921205390197
"Congo, Dem. Rep.",2022,15.3036258573918
"Congo, Rep.",2022,31.1897510980966
Colombia,2022,37.6412798557909
Comoros,2022,71.4669532509404
Cabo Verde,2022,19.6029776674938
Costa Rica,2022,33.1439992166079
Caribbean small states,2022,2.7032277038763
Cuba,2022,61.6666666666667
Curacao,2022,
Cayman Islands,2022,11.25
Cyprus,2022,13.3160497835498
Czechia,2022,45.7476202749375
Germany,2022,47.5011449507671
Djibouti,2022,73.5030198446937
Dominica,2022,33.3333333333333
Denmark,2022,65.6
Dominican Republic,2022,54.6941243644449
Algeria,2022,17.351348174024
East Asia & Pacific (excluding high income),2022,48.1717528204146
Early-demographic dividend,2022,40.070798660118
East Asia & Pacific,2022,47.0588933173834
Europe & Central Asia (excluding high income),2022,67.8265701384006
Europe & Central Asia,2022,29.1923748654532
Ecuador,2022,21.5332581736189
"Egypt, Arab Rep.",2022,4.07654829474107
Euro area,2022,42.794955375032
Eritrea,2022,62.6515330315189
Spain,2022,53.3572810066811
Estonia,2022,23.075122864498
Ethiopia,2022,34.0779564851996
European Union,2022,40.7349975415071
Finland,2022,7.45522996225995
Fiji,2022,17.0552818828681
France,2022,52.6738892290565
Faroe Islands,2022,70.0729927007299
"Micronesia, Fed. Sts.",2022,7.14285714285714
Gabon,2022,8.35656459812939
United Kingdom,2022,71.9816417972141
Georgia,2022,34.3056554899986
Ghana,2022,55.393019913595
Gibraltar,2022,
Guinea,2022,71.948919501872
"Gambia, The",2022,62.6482213438735
Guinea-Bissau,2022,29.6239118065434
Equatorial Guinea,2022,3.74046345811052
Greece,2022,41.6760170674942
Grenada,2022,23.5294117647059
Greenland,2022,0.592301132902911
Guatemala,2022,43.0384471817842
Guam,2022,29.6296296296296
Guyana,2022,3.41005967604433
High income,2022,28.2855456494363
"Hong Kong SAR, China",2022,3.80952380952381
Honduras,2022,31.9599606756636
Heavily indebted poor countries (HIPC),2022,41.1968141885457
Croatia,2022,25.8756254467477
Haiti,2022,65.1306240928882
Hungary,2022,55.6214332675871
IBRD only,2022,35.9541769999723
IDA & IBRD total,2022,37.5373704996595
IDA total,2022,41.9640468120813
IDA blend,2022,46.1337034448139
Indonesia,2022,29.0073830174182
IDA only,2022,40.9594991973509
Isle of Man,2022,71.4035087719298
India,2022,60.0555856504293
Not classified,2022,
Ireland,2022,63.115111046596
"Iran, Islamic Rep.",2022,29.008936825886
Iraq,2022,21.7784995277912
Iceland,2022,18.565903005058
Israel,2022,24.7042513863216
Italy,2022,43.9631475720276
Jamaica,2022,38.5041551246537
Jordan,2022,11.7462891636822
Japan,2022,12.716049382716
Kazakhstan,2022,79.3664851650183
Kenya,2022,49.4830453575056
Kyrgyz Republic,2022,55.2526068821689
Cambodia,2022,34.8115777249037
Kiribati,2022,41.9753086419753
St. Kitts and Nevis,2022,23.0769230769231
"Korea, Rep.",2022,16.2295081967213
Kuwait,2022,8.41750841750842
Latin America & Caribbean (excluding high income),2022,33.7576243301342
Lao PDR,2022,9.79116117850953
Lebanon,2022,66.1275659824047
Liberia,2022,19.9651162790698
Libya,2022,8.72387101174171
St. Lucia,2022,16.2950819672131
Latin America & Caribbean,2022,33.0800257220244
Least developed countries: UN classification,2022,40.6815031866693
Low income,2022,42.1004968559954
Liechtenstein,2022,32.3125
Sri Lanka,2022,45.4574846427417
Lower middle income,2022,42.9020311956069
Low & middle income,2022,42.8054191115522
Lesotho,2022,74.9472990777339
Late-demographic dividend,2022,34.2840913200255
Lithuania,2022,46.503418311929
Luxembourg,2022,51.4711434630952
Latvia,2022,31.6567571910654
"Macao SAR, China",2022,
St. Martin (French part),2022,
Morocco,2022,65.8091218911046
Monaco,2022,
Moldova,2022,74.9695863746959
Madagascar,2022,70.2904778274321
Maldives,2022,19.6666666666667
"Middle East, North Africa, Afghanistan & Pakistan",2022,35.4210627513157
Mexico,2022,50.8701226883407
Marshall Islands,2022,38.8888888888889
Middle income,2022,42.9690241106646
North Macedonia,2022,49.8413957176844
Mali,2022,35.466125849253
Malta,2022,27.34375
Myanmar,2022,19.8875388787596
"Middle East, North Africa, Afghanistan & Pakistan (excluding high income)",2022,26.9895409297254
Montenegro,2022,18.8847583643123
Mongolia,2022,71.9096506603489
Northern Mariana Islands,2022,1.17391304347826
Mozambique,2022,52.7726188356774
Mauritania,2022,38.5272145144077
Mauritius,2022,43.064596895343
Malawi,2022,64.1705557912601
Malaysia,2022,26.0873535230558
North America,2022,26.6844906500126
Namibia,2022,47.142562159142
New Caledonia,2022,10.0672866520788
Niger,2022,36.7877950580248
Nigeria,2022,75.9658687703811
Nicaragua,2022,42.3051354495596
Netherlands,2022,53.5788535788536
Norway,2022,2.70403821341313
Nepal,2022,26.1213812347401
Nauru,2022,20.0
New Zealand,2022,37.0172040560556
OECD members,2022,34.3989776658311
Oman,2022,4.73738287560582
Other small states,2022,26.8159109924408
Pakistan,2022,46.6311228725612
Panama,2022,29.4057158263683
Peru,2022,19.05121875
Philippines,2022,42.3925948284536
Palau,2022,9.34782608695652
Papua New Guinea,2022,3.10250408514773
Poland,2022,46.3131758633082
Pre-demographic dividend,2022,43.2402084086727
Puerto Rico (US),2022,19.0417136414882
"Korea, Dem. People's Rep.",2022,21.5530271572129
Portugal,2022,42.7894964936641
Paraguay,2022,54.1069405157129
West Bank and Gaza,2022,64.9294605809129
Pacific island small states,2022,11.5792673421668
Post-demographic dividend,2022,34.0586753851273
French Polynesia,2022,8.80308268510516
Qatar,2022,6.44038294168842
Romania,2022,55.1025730180807
Russian Federation,2022,13.1584362579663
Rwanda,2022,80.0367774625051
South Asia,2022,58.2801728959398
Saudi Arabia,2022,80.7732356758416
Sudan,2022,60.3131691648822
Senegal,2022,49.4000934919233
Singapore,2022,0.919220055710306
Solomon Islands,2022,3.8335119685602
Sierra Leone,2022,54.7104461069548
El Salvador,2022,57.707528957529
San Marino,2022,38.3333333333333
"Somalia, Fed. Rep.",2022,70.3430356744349
Serbia,2022,41.2534189558806
Sub-Saharan Africa (excluding high income),2022,44.6238013077313
South Sudan,2022,44.7085911414239
Sub-Saharan Africa,2022,44.6230073816499
Small states,2022,12.2766491474454
Sao Tome and Principe,2022,44.7916666666667
Suriname,2022,0.448576861869665
Slovak Republic,2022,38.4567387687188
Slovenia,2022,30.3291551617965
Sweden,2022,7.35366332744058
Eswatini,2022,69.4767441860465
Sint Maarten (Dutch part),2022,
Seychelles,2022,3.3695652173913
Syrian Arab Republic,2022,74.0946468441976
Turks and Caicos Islands,2022,1.05263157894737
Chad,2022,39.9761753494282
East Asia & Pacific (IDA & IBRD countries),2022,48.3724140696919
Europe & Central Asia (IDA & IBRD countries),2022,28.2575850872317
Togo,2022,70.2334988049274
Thailand,2022,45.9981600735971
Tajikistan,2022,28.0726277109302
Turkmenistan,2022,84.5536569276275
Latin America & the Caribbean (IDA & IBRD countries),2022,32.9556550115647
Timor-Leste,2022,22.9589778076664
"Middle East, North Africa, Afghanistan & Pakistan (IDA & IBRD)",2022,26.9668002296871
Tonga,2022,48.6111111111111
South Asia (IDA & IBRD),2022,58.2801728959398
Sub-Saharan Africa (IDA & IBRD countries),2022,44.6230073816499
Trinidad and Tobago,2022,10.5263157894737
Tunisia,2022,62.4388516992791
Turkiye,2022,50.0253368501748
Tuvalu,2022,60.0
Tanzania,2022,44.6163919620682
Uganda,2022,71.8880909634949
Ukraine,2022,71.2996202968588
Upper middle income,2022,42.997502061976
Uruguay,2022,80.8735287395726
United States,2022,46.0829793974695
Uzbekistan,2022,58.4792534698583
St. Vincent and the Grenadines,2022,17.9487179487179
"Venezuela, RB",2022,24.3750354288306
British Virgin Islands,2022,46.6666666666667
Virgin Islands (U.S.),2022,9.42857142857143
Viet Nam,2022,39.2911951351024
Vanuatu,2022,15.3404429860541
World,2022,37.0122983375763
Samoa,2022,17.773381294964
Kosovo,2022,
"Yemen, Rep.",2022,44.4191904843078
South Africa,2022,79.4178502831612
Zambia,2022,32.0679589448338
Zimbabwe,2022,41.7977107405971
Aruba,2023,11.1111111111111
Africa Eastern and Southern,2023,46.6038910710749
Afghanistan,2023,58.4395075356853
Africa Western and Central,2023,41.5641212420431
Angola,2023,36.9479425683805
Albania,2023,38.1240875912409
Andorra,2023,39.8740425531915
Arab World,2023,39.9173723280743
United Arab Emirates,2023,5.51539988735567
Argentina,2023,42.4367915620695
Armenia,2023,58.5933621376878
American Samoa,2023,14.8
Antigua and Barbuda,2023,20.4545454545455
Australia,2023,47.2234443228177
Austria,2023,31.4743456131847
Azerbaijan,2023,57.8294010889292
Burundi,2023,83.8865576323987
Belgium,2023,44.3792221420607
Benin,2023,41.8300133025896
Burkina Faso,2023,53.4020054824561
Bangladesh,2023,72.311124788429
Bulgaria,2023,46.0850221075903
Bahrain,2023,10.125
"Bahamas, The",2023,1.2987012987013
Bosnia and Herzegovina,2023,21.73828125
Belarus,2023,39.5796692333841
Belize,2023,7.97895659798334
Bermuda,2023,5.55555555555556
Bolivia,2023,35.8307014677375
Brazil,2023,28.3267329812614
Barbados,2023,23.2558139534884
Brunei Darussalam,2023,2.5426944971537
Bhutan,2023,13.8175144205558
Botswana,2023,45.63372328975
Central African Republic,2023,9.09948955022633
Canada,2023,6.47137801950231
Central Europe and the Baltics,2023,45.8519071262889
Switzerland,2023,37.7938948048868
Channel Islands,2023,
Chile,2023,14.4010249751882
China,2023,55.4326117545304
Cote d'Ivoire,2023,86.4758163522013
Cameroon,2023,20.9365149880476
"Congo, Dem. Rep.",2023,15.480763018019
"Congo, Rep.",2023,31.1900439238653
Colombia,2023,36.4876070301938
Comoros,2023,71.4669532509404
Cabo Verde,2023,19.6029776674938
Costa Rica,2023,33.1439992166079
Caribbean small states,2023,2.70185179358022
Cuba,2023,61.6666666666667
Curacao,2023,
Cayman Islands,2023,11.25
Cyprus,2023,13.9606385281385
Czechia,2023,45.8019594048309
Germany,2023,47.4658729931603
Djibouti,2023,73.5073339085419
Dominica,2023,33.3333333333333
Denmark,2023,65.525
Dominican Republic,2023,55.3530808941944
Algeria,2023,17.359031632336
East Asia & Pacific (excluding high income),2023,47.8364016478009
Early-demographic dividend,2023,39.9842841656877
East Asia & Pacific,2023,46.8247739708157
Europe & Central Asia (excluding high income),2023,67.6948897292546
Europe & Central Asia,2023,29.0887158812123
Ecuador,2023,21.5413110001611
"Egypt, Arab Rep.",2023,4.07654829474107
Euro area,2023,42.0685163460482
Eritrea,2023,62.6515330315189
Spain,2023,49.5753269878931
Estonia,2023,23.1219283875497
Ethiopia,2023,34.0779564851996
European Union,2023,40.3260601692906
Finland,2023,7.44176865377023
Fiji,2023,17.0552818828681
France,2023,52.5043974394656
Faroe Islands,2023,70.1240875912409
"Micronesia, Fed. Sts.",2023,7.14285714285714
Gabon,2023,8.35656459812939
United Kingdom,2023,70.3073227793163
Georgia,2023,34.1329687724852
Ghana,2023,55.393019913595
Gibraltar,2023,
Guinea,2023,73.2292487384014
"Gambia, The",2023,62.6482213438735
Guinea-Bissau,2023,29.8908428165007
Equatorial Guinea,2023,3.73333333333333
Greece,2023,41.6760178432894
Grenada,2023,23.5294117647059
Greenland,2023,0.592301132902911
Guatemala,2023,43.0384471817842
Guam,2023,29.6296296296296
Guyana,2023,3.41005967604433
High income,2023,28.2378990257377
"Hong Kong SAR, China",2023,3.80952380952381
Honduras,2023,31.9599606756636
Heavily indebted poor countries (HIPC),2023,41.2559902326334
Croatia,2023,26.554681915654
Haiti,2023,65.1306240928882
Hungary,2023,55.6985097523559
IBRD only,2023,35.8301554709565
IDA & IBRD total,2023,37.4605944955608
IDA total,2023,42.0195006282107
IDA blend,2023,46.3071857117083
Indonesia,2023,29.1258057551148
IDA only,2023,40.9865039117828
Isle of Man,2023,69.0898245614035
India,2023,60.0604064994165
Not classified,2023,
Ireland,2023,60.8070837567136
"Iran, Islamic Rep.",2023,29.008936825886
Iraq,2023,21.8307880128072
Iceland,2023,16.2451651294258
Israel,2023,24.8012939001848
Italy,2023,44.2565839307453
Jamaica,2023,38.5041551246537
Jordan,2023,11.5323107417168
Japan,2023,12.6368303066246
Kazakhstan,2023,79.3664851650183
Kenya,2023,49.5263223856783
Kyrgyz Republic,2023,54.0085714285714
Cambodia,2023,34.8648294810786
Kiribati,2023,41.9753086419753
St. Kitts and Nevis,2023,23.0769230769231
"Korea, Rep.",2023,16.0655737704918
Kuwait,2023,8.41750841750842
Latin America & Caribbean (excluding high income),2023,33.528475046308
Lao PDR,2023,9.90987868284229
Lebanon,2023,65.9055522971652
Liberia,2023,19.9651162790698
Libya,2023,8.72387101174171
St. Lucia,2023,16.2950819672131
Latin America & Caribbean,2023,32.87314496831
Least developed countries: UN classification,2023,40.7114669853609
Low income,2023,42.1215313249759
Liechtenstein,2023,32.3125
Sri Lanka,2023,48.6081474296799
Lower middle income,2023,42.9725807247853
Low & middle income,2023,42.7003394232231
Lesotho,2023,77.7584980237154
Late-demographic dividend,2023,34.1394837993936
Lithuania,2023,45.8945686900959
Luxembourg,2023,51.6606200912036
Latvia,2023,31.6728266109593
"Macao SAR, China",2023,
St. Martin (French part),2023,
Morocco,2023,66.7449381581896
Monaco,2023,
Moldova,2023,74.096568478591
Madagascar,2023,70.2904778274321
Maldives,2023,19.7986577181208
"Middle East, North Africa, Afghanistan & Pakistan",2023,35.4444343496986
Mexico,2023,50.6933879986625
Marshall Islands,2023,38.8888888888889
Middle income,2023,42.8346730689754
North Macedonia,2023,49.6034892942109
Mali,2023,35.4694668863046
Malta,2023,25.909375
Myanmar,2023,19.9140944121838
"Middle East, North Africa, Afghanistan & Pakistan (excluding high income)",2023,27.0182230510186
Montenegro,2023,19.5925650557621
Mongolia,2023,68.9555729589301
Northern Mariana Islands,2023,1.17391304347826
Mozambique,2023,52.7891502835779
Mauritania,2023,38.5272145144077
Mauritius,2023,43.043264897346
Malawi,2023,64.1705557912601
Malaysia,2023,26.0873535230558
North America,2023,26.6732284934346
Namibia,2023,47.142562159142
New Caledonia,2023,10.0672866520788
Niger,2023,36.7873213862793
Nigeria,2023,76.1972932793131
Nicaragua,2023,42.3051354495596
Netherlands,2023,53.5491535491536
Norway,2023,2.69580256403217
Nepal,2023,26.1185908615277
Nauru,2023,20.0
New Zealand,2023,36.8804830807793
OECD members,2023,34.2752596107927
Oman,2023,4.75518578352181
Other small states,2023,26.0397193847855
Pakistan,2023,46.6933893731839
Panama,2023,29.522326772715
Peru,2023,19.05121875
Philippines,2023,42.6689472448603
Palau,2023,9.34782608695652
Papua New Guinea,2023,3.10250408514773
Poland,2023,47.6050543637967
Pre-demographic dividend,2023,43.3186451275901
Puerto Rico (US),2023,19.0417136414882
"Korea, Dem. People's Rep.",2023,21.5538576530189
Portugal,2023,43.33752194189
Paraguay,2023,54.1069421552674
West Bank and Gaza,2023,64.9294605809129
Pacific island small states,2023,11.5998441153546
Post-demographic dividend,2023,33.964810040377
French Polynesia,2023,8.66176894266782
Qatar,2023,6.44038294168842
Romania,2023,55.2633866481224
Russian Federation,2023,13.171076035897
Rwanda,2023,76.3328334008918
South Asia,2023,58.3401607138482
Saudi Arabia,2023,80.7732356758416
Sudan,2023,60.3131691648822
Senegal,2023,49.4000934919233
Singapore,2023,0.919220055710306
Solomon Islands,2023,3.90139335476956
Sierra Leone,2023,54.7104461069548
El Salvador,2023,57.707528957529
San Marino,2023,38.3333333333333
"Somalia, Fed. Rep.",2023,70.3433544808238
Serbia,2023,40.3853014627185
Sub-Saharan Africa (excluding high income),2023,44.6974256470563
South Sudan,2023,44.8581857167724
Sub-Saharan Africa,2023,44.6966303040954
Small states,2023,11.9938198631531
Sao Tome and Principe,2023,44.7916666666667
Suriname,2023,0.445038088848248
Slovak Republic,2023,37.9575707154742
Slovenia,2023,30.355856862599
Sweden,2023,7.32192403074128
Eswatini,2023,69.4767441860465
Sint Maarten (Dutch part),2023,
Seychelles,2023,3.3695652173913
Syrian Arab Republic,2023,74.0946468441976
Turks and Caicos Islands,2023,1.05263157894737
Chad,2023,39.9756194409149
East Asia & Pacific (IDA & IBRD countries),2023,48.0345117805135
Europe & Central Asia (IDA & IBRD countries),2023,28.252610881484
Togo,2023,70.2334988049274
Thailand,2023,43.7980778641195
Tajikistan,2023,27.9465379350097
Turkmenistan,2023,84.2215632115421
Latin America & the Caribbean (IDA & IBRD countries),2023,32.7474814216951
Timor-Leste,2023,22.9589778076664
"Middle East, North Africa, Afghanistan & Pakistan (IDA & IBRD)",2023,26.9954995426751
Tonga,2023,48.6111111111111
South Asia (IDA & IBRD),2023,58.3401607138482
Sub-Saharan Africa (IDA & IBRD countries),2023,44.6966303040954
Trinidad and Tobago,2023,10.5263157894737
Tunisia,2023,62.4388516992791
Turkiye,2023,50.1383781817237
Tuvalu,2023,60.0
Tanzania,2023,44.6163919620682
Uganda,2023,71.8880909634949
Ukraine,2023,71.2996202968588
Upper middle income,2023,42.7760522788069
Uruguay,2023,81.3541309564621
United States,2023,46.0829793974695
Uzbekistan,2023,58.0551458073301
St. Vincent and the Grenadines,2023,17.9487179487179
"Venezuela, RB",2023,24.3750354288306
British Virgin Islands,2023,46.6666666666667
Virgin Islands (U.S.),2023,9.42857142857143
Viet Nam,2023,39.2147376279795
Vanuatu,2023,15.3404429860541
World,2023,36.9301461380685
Samoa,2023,17.5647482014388
Kosovo,2023,
"Yemen, Rep.",2023,44.4191904843078
South Africa,2023,79.4178502831612
Zambia,2023,32.0679589448338
Zimbabwe,2023,41.791706346129
Aruba,2024,
Africa Eastern and Southern,2024,
Afghanistan,2024,
Africa Western and Central,2024,
Angola,2024,
Albania,2024,
Andorra,2024,
Arab World,2024,
United Arab Emirates,2024,
Argentina,2024,
Armenia,2024,
American Samoa,2024,
Antigua and Barbuda,2024,
Australia,2024,
Austria,2024,
Azerbaijan,2024,
Burundi,2024,
Belgium,2024,
Benin,2024,
Burkina Faso,2024,
Bangladesh,2024,
Bulgaria,2024,
Bahrain,2024,
"Bahamas, The",2024,
Bosnia and Herzegovina,2024,
Belarus,2024,
Belize,2024,
Bermuda,2024,
Bolivia,2024,
Brazil,2024,
Barbados,2024,
Brunei Darussalam,2024,
Bhutan,2024,
Botswana,2024,
Central African Republic,2024,
Canada,2024,
Central Europe and the Baltics,2024,
Switzerland,2024,
Channel Islands,2024,
Chile,2024,
China,2024,
Cote d'Ivoire,2024,
Cameroon,2024,
"Congo, Dem. Rep.",2024,
"Congo, Rep.",2024,
Colombia,2024,
Comoros,2024,
Cabo Verde,2024,
Costa Rica,2024,
Caribbean small states,2024,
Cuba,2024,
Curacao,2024,
Cayman Islands,2024,
Cyprus,2024,
Czechia,2024,
Germany,2024,
Djibouti,2024,
Dominica,2024,
Denmark,2024,
Dominican Republic,2024,
Algeria,2024,
East Asia & Pacific (excluding high income),2024,
Early-demographic dividend,2024,
East Asia & Pacific,2024,
Europe & Central Asia (excluding high income),2024,
Europe & Central Asia,2024,
Ecuador,2024,
"Egypt, Arab Rep.",2024,
Euro area,2024,
Eritrea,2024,
Spain,2024,
Estonia,2024,
Ethiopia,2024,
European Union,2024,
Finland,2024,
Fiji,2024,
France,2024,
Faroe Islands,2024,
"Micronesia, Fed. Sts.",2024,
Gabon,2024,
United Kingdom,2024,
Georgia,2024,
Ghana,2024,
Gibraltar,2024,
Guinea,2024,
"Gambia, The",2024,
Guinea-Bissau,2024,
Equatorial Guinea,2024,
Greece,2024,
Grenada,2024,
Greenland,2024,
Guatemala,2024,
Guam,2024,
Guyana,2024,
High income,2024,
"Hong Kong SAR, China",2024,
Honduras,2024,
Heavily indebted poor countries (HIPC),2024,
Croatia,2024,
Haiti,2024,
Hungary,2024,
IBRD only,2024,
IDA & IBRD total,2024,
IDA total,2024,
IDA blend,2024,
Indonesia,2024,
IDA only,2024,
Isle of Man,2024,
India,2024,
Not classified,2024,
Ireland,2024,
"Iran, Islamic Rep.",2024,
Iraq,2024,
Iceland,2024,
Israel,2024,
Italy,2024,
Jamaica,2024,
Jordan,2024,
Japan,2024,
Kazakhstan,2024,
Kenya,2024,
Kyrgyz Republic,2024,
Cambodia,2024,
Kiribati,2024,
St. Kitts and Nevis,2024,
"Korea, Rep.",2024,
Kuwait,2024,
Latin America & Caribbean (excluding high income),2024,
Lao PDR,2024,
Lebanon,2024,
Liberia,2024,
Libya,2024,
St. Lucia,2024,
Latin America & Caribbean,2024,
Least developed countries: UN classification,2024,
Low income,2024,
Liechtenstein,2024,
Sri Lanka,2024,
Lower middle income,2024,
Low & middle income,2024,
Lesotho,2024,
Late-demographic dividend,2024,
Lithuania,2024,
Luxembourg,2024,
Latvia,2024,
"Macao SAR, China",2024,
St. Martin (French part),2024,
Morocco,2024,
Monaco,2024,
Moldova,2024,
Madagascar,2024,
Maldives,2024,
"Middle East, North Africa, Afghanistan & Pakistan",2024,
Mexico,2024,
Marshall Islands,2024,
Middle income,2024,
North Macedonia,2024,
Mali,2024,
Malta,2024,
Myanmar,2024,
"Middle East, North Africa, Afghanistan & Pakistan (excluding high income)",2024,
Montenegro,2024,
Mongolia,2024,
Northern Mariana Islands,2024,
Mozambique,2024,
Mauritania,2024,
Mauritius,2024,
Malawi,2024,
Malaysia,2024,
North America,2024,
Namibia,2024,
New Caledonia,2024,
Niger,2024,
Nigeria,2024,
Nicaragua,2024,
Netherlands,2024,
Norway,2024,
Nepal,2024,
Nauru,2024,
New Zealand,2024,
OECD members,2024,
Oman,2024,
Other small states,2024,
Pakistan,2024,
Panama,2024,
Peru,2024,
Philippines,2024,
Palau,2024,
Papua New Guinea,2024,
Poland,2024,
Pre-demographic dividend,2024,
Puerto Rico (US),2024,
"Korea, Dem. People's Rep.",2024,
Portugal,2024,
Paraguay,2024,
West Bank and Gaza,2024,
Pacific island small states,2024,
Post-demographic dividend,2024,
French Polynesia,2024,
Qatar,2024,
Romania,2024,
Russian Federation,2024,
Rwanda,2024,
South Asia,2024,
Saudi Arabia,2024,
Sudan,2024,
Senegal,2024,
Singapore,2024,
Solomon Islands,2024,
Sierra Leone,2024,
El Salvador,2024,
San Marino,2024,
"Somalia, Fed. Rep.",2024,
Serbia,2024,
Sub-Saharan Africa (excluding high income),2024,
South Sudan,2024,
Sub-Saharan Africa,2024,
Small states,2024,
Sao Tome and Principe,2024,
Suriname,2024,
Slovak Republic,2024,
Slovenia,2024,
Sweden,2024,
Eswatini,2024,
Sint Maarten (Dutch part),2024,
Seychelles,2024,
Syrian Arab Republic,2024,
Turks and Caicos Islands,2024,
Chad,2024,
East Asia & Pacific (IDA & IBRD countries),2024,
Europe & Central Asia (IDA & IBRD countries),2024,
Togo,2024,
Thailand,2024,
Tajikistan,2024,
Turkmenistan,2024,
Latin America & the Caribbean (IDA & IBRD countries),2024,
Timor-Leste,2024,
"Middle East, North Africa, Afghanistan & Pakistan (IDA & IBRD)",2024,
Tonga,2024,
South Asia (IDA & IBRD),2024,
Sub-Saharan Africa (IDA & IBRD countries),2024,
Trinidad and Tobago,2024,
Tunisia,2024,
Turkiye,2024,
Tuvalu,2024,
Tanzania,2024,
Uganda,2024,
Ukraine,2024,
Upper middle income,2024,
Uruguay,2024,
United States,2024,
Uzbekistan,2024,
St. Vincent and the Grenadines,2024,
"Venezuela, RB",2024,
British Virgin Islands,2024,
Virgin Islands (U.S.),2024,
Viet Nam,2024,
Vanuatu,2024,
World,2024,
Samoa,2024,
Kosovo,2024,
"Yemen, Rep.",2024,
South Africa,2024,
Zambia,2024,
Zimbabwe,2024,
Aruba,2025,
Africa Eastern and Southern,2025,
Afghanistan,2025,
Africa Western and Central,2025,
Angola,2025,
Albania,2025,
Andorra,2025,
Arab World,2025,
United Arab Emirates,2025,
Argentina,2025,
Armenia,2025,
American Samoa,2025,
Antigua and Barbuda,2025,
Australia,2025,
Austria,2025,
Azerbaijan,2025,
Burundi,2025,
Belgium,2025,
Benin,2025,
Burkina Faso,2025,
Bangladesh,2025,
Bulgaria,2025,
Bahrain,2025,
"Bahamas, The",2025,
Bosnia and Herzegovina,2025,
Belarus,2025,
Belize,2025,
Bermuda,2025,
Bolivia,2025,
Brazil,2025,
Barbados,2025,
Brunei Darussalam,2025,
Bhutan,2025,
Botswana,2025,
Central African Republic,2025,
Canada,2025,
Central Europe and the Baltics,2025,
Switzerland,2025,
Channel Islands,2025,
Chile,2025,
China,2025,
Cote d'Ivoire,2025,
Cameroon,2025,
"Congo, Dem. Rep.",2025,
"Congo, Rep.",2025,
Colombia,2025,
Comoros,2025,
Cabo Verde,2025,
Costa Rica,2025,
Caribbean small states,2025,
Cuba,2025,
Curacao,2025,
Cayman Islands,2025,
Cyprus,2025,
Czechia,2025,
Germany,2025,
Djibouti,2025,
Dominica,2025,
Denmark,2025,
Dominican Republic,2025,
Algeria,2025,
East Asia & Pacific (excluding high income),2025,
Early-demographic dividend,2025,
East Asia & Pacific,2025,
Europe & Central Asia (excluding high income),2025,
Europe & Central Asia,2025,
Ecuador,2025,
"Egypt, Arab Rep.",2025,
Euro area,2025,
Eritrea,2025,
Spain,2025,
Estonia,2025,
Ethiopia,2025,
European Union,2025,
Finland,2025,
Fiji,2025,
France,2025,
Faroe Islands,2025,
"Micronesia, Fed. Sts.",2025,
Gabon,2025,
United Kingdom,2025,
Georgia,2025,
Ghana,2025,
Gibraltar,2025,
Guinea,2025,
"Gambia, The",2025,
Guinea-Bissau,2025,
Equatorial Guinea,2025,
Greece,2025,
Grenada,2025,
Greenland,2025,
Guatemala,2025,
Guam,2025,
Guyana,2025,
High income,2025,
"Hong Kong SAR, China",2025,
Honduras,2025,
Heavily indebted poor countries (HIPC),2025,
Croatia,2025,
Haiti,2025,
Hungary,2025,
IBRD only,2025,
IDA & IBRD total,2025,
IDA total,2025,
IDA blend,2025,
Indonesia,2025,
IDA only,2025,
Isle of Man,2025,
India,2025,
Not classified,2025,
Ireland,2025,
"Iran, Islamic Rep.",2025,
Iraq,2025,
Iceland,2025,
Israel,2025,
Italy,2025,
Jamaica,2025,
Jordan,2025,
Japan,2025,
Kazakhstan,2025,
Kenya,2025,
Kyrgyz Republic,2025,
Cambodia,2025,
Kiribati,2025,
St. Kitts and Nevis,2025,
"Korea, Rep.",2025,
Kuwait,2025,
Latin America & Caribbean (excluding high income),2025,
Lao PDR,2025,
Lebanon,2025,
Liberia,2025,
Libya,2025,
St. Lucia,2025,
Latin America & Caribbean,2025,
Least developed countries: UN classification,2025,
Low income,2025,
Liechtenstein,2025,
Sri Lanka,2025,
Lower middle income,2025,
Low & middle income,2025,
Lesotho,2025,
Late-demographic dividend,2025,
Lithuania,2025,
Luxembourg,2025,
Latvia,2025,
"Macao SAR, China",2025,
St. Martin (French part),2025,
Morocco,2025,
Monaco,2025,
Moldova,2025,
Madagascar,2025,
Maldives,2025,
"Middle East, North Africa, Afghanistan & Pakistan",2025,
Mexico,2025,
Marshall Islands,2025,
Middle income,2025,
North Macedonia,2025,
Mali,2025,
Malta,2025,
Myanmar,2025,
"Middle East, North Africa, Afghanistan & Pakistan (excluding high income)",2025,
Montenegro,2025,
Mongolia,2025,
Northern Mariana Islands,2025,
Mozambique,2025,
Mauritania,2025,
Mauritius,2025,
Malawi,2025,
Malaysia,2025,
North America,2025,
Namibia,2025,
New Caledonia,2025,
Niger,2025,
Nigeria,2025,
Nicaragua,2025,
Netherlands,2025,
Norway,2025,
Nepal,2025,
Nauru,2025,
New Zealand,2025,
OECD members,2025,
Oman,2025,
Other small states,2025,
Pakistan,2025,
Panama,2025,
Peru,2025,
Philippines,2025,
Palau,2025,
Papua New Guinea,2025,
Poland,2025,
Pre-demographic dividend,2025,
Puerto Rico (US),2025,
"Korea, Dem. People's Rep.",2025,
Portugal,2025,
Paraguay,2025,
West Bank and Gaza,2025,
Pacific island small states,2025,
Post-demographic dividend,2025,
French Polynesia,2025,
Qatar,2025,
Romania,2025,
Russian Federation,2025,
Rwanda,2025,
South Asia,2025,
Saudi Arabia,2025,
Sudan,2025,
Senegal,2025,
Singapore,2025,
Solomon Islands,2025,
Sierra Leone,2025,
El Salvador,2025,
San Marino,2025,
"Somalia, Fed. Rep.",2025,
Serbia,2025,
Sub-Saharan Africa (excluding high income),2025,
South Sudan,2025,
Sub-Saharan Africa,2025,
Small states,2025,
Sao Tome and Principe,2025,
Suriname,2025,
Slovak Republic,2025,
Slovenia,2025,
Sweden,2025,
Eswatini,2025,
Sint Maarten (Dutch part),2025,
Seychelles,2025,
Syrian Arab Republic,2025,
Turks and Caicos Islands,2025,
Chad,2025,
East Asia & Pacific (IDA & IBRD countries),2025,
Europe & Central Asia (IDA & IBRD countries),2025,
Togo,2025,
Thailand,2025,
Tajikistan,2025,
Turkmenistan,2025,
Latin America & the Caribbean (IDA & IBRD countries),2025,
Timor-Leste,2025,
"Middle East, North Africa, Afghanistan & Pakistan (IDA & IBRD)",2025,
Tonga,2025,
South Asia (IDA & IBRD),2025,
Sub-Saharan Africa (IDA & IBRD countries),2025,
Trinidad and Tobago,2025,
Tunisia,2025,
Turkiye,2025,
Tuvalu,2025,
Tanzania,2025,
Uganda,2025,
Ukraine,2025,
Upper middle income,2025,
Uruguay,2025,
United States,2025,
Uzbekistan,2025,
St. Vincent and the Grenadines,2025,
"Venezuela, RB",2025,
British Virgin Islands,2025,
Virgin Islands (U.S.),2025,
Viet Nam,2025,
Vanuatu,2025,
World,2025,
Samoa,2025,
Kosovo,2025,
"Yemen, Rep.",2025,
South Africa,2025,
Zambia,2025,
Zimbabwe,2025,
