Country,Year,Calories_per_Capita,Food_kg_per_Capita,GDP_per_Capita,Temperature_Change,Population,Agricultural_Land_Percent,Imports,Exports,Production,Domestic_Supply
Afghanistan,2010,116.0196,9.475000000000001,560.621505463146,1.658,28284089.0,58.134400441562,6156.0,720.0,20301.0,25279.0
Afghanistan,2011,114.52906666666667,9.395633802816901,606.694676337726,1.402,29347708.0,58.131334038606,7416.0,553.0,17175.0,24947.0
Afghanistan,2012,114.1712,9.560281690140844,651.417134470046,0.189,30560034.0,58.129800837128,7261.0,396.0,20968.0,27197.0
Afghanistan,2013,116.3076,9.654788732394366,637.087099117099,1.265,31622704.0,58.123668031216,7681.0,562.0,21264.0,28447.0
Afghanistan,2014,93.21208333333334,8.495555555555555,625.054941813938,0.413,32792523.0,58.123668031216,8970.0,821.0,23439.0,31107.0
Afghanistan,2015,95.61741935483872,8.09965909090909,565.569730408751,1.076,33831764.0,58.123668031216,8364.0,839.0,21589.0,29731.0
Afghanistan,2016,95.19827956989246,8.684606741573035,522.082215583898,1.525,34700612.0,58.123668031216,10827.0,1079.0,23572.0,32226.0
Afghanistan,2017,95.01114583333333,8.477634408602151,525.469770891619,1.554,35688935.0,58.123668031216,14107.0,1253.0,21669.0,34039.0
Afghanistan,2018,93.1534375,7.649787234042552,491.337221382603,1.548,36743039.0,58.2769881790166,13965.0,2660.0,19423.0,31008.0
Afghanistan,2019,94.59440860215055,8.171739130434782,496.6025042585,0.892,37856121.0,58.2769881790166,10962.0,1961.0,25623.0,33425.0
Afghanistan,2020,87.64666666666668,7.899100000000001,510.787063366811,0.483,39068979.0,58.7415482268525,11456.0,1795.0,27973.0,36295.0
Afghanistan,2021,87.04892156862745,7.5881,356.496214115892,1.311,40000412.0,58.7415482268525,11292.0,1987.0,25368.0,35263.0
Afghanistan,2022,87.20970873786408,7.5994,357.261152798144,1.876,40578842.0,58.7415482268525,13376.0,2532.0,24854.0,35662.0
Afghanistan,2023,89.00543689320388,7.7414,413.757894705303,1.667,41454761.0,58.4395075356853,14055.0,3245.0,26678.0,36714.0
Albania,2010,132.45075268817203,19.60723404255319,4149.14469936847,1.187,2913021.0,43.8430656934307,2200.0,104.0,6101.0,8209.0
Albania,2011,134.17032258064518,20.330851063829787,4465.70914328865,1.032,2905195.0,43.8321167883212,2205.0,125.0,6402.0,8433.0
Albania,2012,136.06462365591398,20.27021276595745,4280.93316338873,1.53,2860708.0,43.8430656934307,2117.0,166.0,6622.0,8457.0
Albania,2013,135.57193548387096,20.37031914893617,4542.92903556739,1.374,2816902.0,43.3321167883212,2206.0,199.0,6633.0,8512.0
Albania,2014,134.4547311827957,20.189148936170213,4793.59751131525,1.325,2773767.0,42.857299270073,1930.0,203.0,6700.0,8401.0
Albania,2015,134.9810752688172,20.665106382978724,4199.53912925398,1.683,2731293.0,42.8576642335766,2088.0,340.0,6908.0,8622.0
Albania,2016,129.1411224489796,21.458526315789474,4457.63412207495,1.581,2689469.0,43.1277372262774,2242.0,361.0,7179.0,8994.0
Albania,2017,129.35163265306122,21.62536842105263,5006.36012951959,1.231,2648285.0,42.8569708029197,1951.0,334.0,7261.0,8923.0
Albania,2018,128.48755102040818,21.444315789473684,5897.65452588774,2.147,2607733.0,42.8496715328467,1867.0,351.0,7234.0,8861.0
Albania,2019,128.29000000000002,22.508958333333336,6069.43903131027,1.787,2567801.0,42.8467153284672,2429.0,382.0,7320.0,9317.0
Albania,2020,127.94363636363636,22.3575,6027.91350716348,1.607,2528480.0,42.538503649635,2162.0,397.0,7444.0,9195.0
Albania,2021,116.9581818181818,22.072083333333335,7242.45513146613,1.691,2489762.0,41.471897810219,1531.0,367.0,7508.0,8877.0
Albania,2022,124.9579797979798,23.339062499999997,7756.96188744253,1.641,2451636.0,41.4452554744526,2184.0,518.0,7688.0,9208.0
Albania,2023,124.38808080808082,23.221979166666667,9730.86921906893,2.251,2411658.0,38.1240875912409,2357.0,523.0,7482.0,9133.0
Algeria,2010,124.48752475247525,13.369215686274508,4912.78585503672,2.182,36188236.0,17.3713335628574,25169.0,321.0,38750.0,67810.0
Algeria,2011,128.40336633663367,13.870686274509803,5916.31364364343,1.323,36903376.0,17.3772116183966,33767.0,1028.0,42599.0,74382.0
Algeria,2012,127.58088235294117,14.171747572815535,6033.64884689543,1.081,37646166.0,17.381490003107,32075.0,1024.0,46180.0,77404.0
Algeria,2013,130.49598039215687,14.532912621359225,5979.60138960585,1.108,38414171.0,17.3955322579291,33005.0,1372.0,50192.0,81307.0
Algeria,2014,130.12450980392157,14.544077669902912,6094.69392314956,1.603,39205031.0,17.3952656461243,38607.0,1337.0,47816.0,82462.0
Algeria,2015,132.3308,14.976732673267328,4685.05902729002,1.05,40019529.0,17.4059228102468,41188.0,1112.0,49420.0,86844.0
Algeria,2016,133.3938,14.917128712871289,4424.98529027556,1.685,40850721.0,17.3655321884285,39992.0,1380.0,50332.0,88079.0
Algeria,2017,130.9639,14.647524752475249,4554.66753957828,1.431,41689299.0,17.3550108093197,40027.0,1531.0,50594.0,87145.0
Algeria,2018,127.26368932038835,14.447596153846153,4577.21029180491,1.15,42505035.0,17.3565679895505,40671.0,859.0,57144.0,92931.0
Algeria,2019,130.45563106796118,14.90701923076923,4468.45341883656,1.117,43294546.0,17.3469816184806,37800.0,1729.0,58915.0,97035.0
Algeria,2020,128.99304761904762,14.979326923076922,3743.5419522929,1.881,44042091.0,17.3352255074022,41765.0,1760.0,57490.0,97241.0
Algeria,2021,129.0027619047619,14.599230769230768,4160.55926736925,2.333,44761099.0,17.3306070351928,40683.0,1816.0,51922.0,94562.0
Algeria,2022,127.52885714285715,14.558365384615383,4960.30334332888,1.696,45477389.0,17.351348174024,38135.0,1210.0,56530.0,94911.0
Algeria,2023,126.78752380952382,14.67942857142857,5370.477235078,2.196,46164219.0,17.359031632336,36899.0,945.0,58599.0,97451.0
Angola,2010,105.40978260869566,13.772258064516128,4101.63715566712,0.951,23294825.0,35.9749739311783,5369.0,104.0,47102.0,53066.0
Angola,2011,108.1920652173913,14.128494623655914,5184.15269149912,0.604,24218352.0,36.3487607283228,6422.0,51.0,50604.0,56660.0
Angola,2012,105.79076086956522,13.891505376344087,5702.45306277434,0.275,25177394.0,36.3383331996471,7421.0,66.0,40467.0,49567.0
Angola,2013,109.16999999999999,14.22440860215054,5688.57916215215,0.782,26165620.0,36.4867249538782,8196.0,64.0,57374.0,63006.0
Angola,2014,97.6910576923077,12.578834951456312,5649.68762469139,0.564,27160769.0,36.6359188256998,10714.0,143.0,43763.0,52216.0
Angola,2015,94.63692307692307,12.20980582524272,3641.72893919944,1.11,28157798.0,36.7281623486003,8031.0,190.0,44508.0,51730.0
Angola,2016,93.16240384615384,12.014854368932038,2051.81462126253,1.343,29183070.0,36.7562364642657,6960.0,403.0,46133.0,52454.0
Angola,2017,93.96346153846154,11.964951456310681,2790.71886869768,0.626,30234839.0,36.7089115264298,8625.0,408.0,47401.0,54266.0
Angola,2018,93.06019047619047,11.886538461538462,2860.0936483682,1.189,31297155.0,36.7193390551055,7930.0,425.0,49106.0,56831.0
Angola,2019,96.8382,12.143799999999999,2493.67884440177,1.444,32375632.0,36.7819042271597,7478.0,457.0,49359.0,58170.0
Angola,2020,90.83314285714285,11.635769230769231,1759.35619918264,0.915,33451132.0,36.7883211678832,6794.0,199.0,51771.0,58805.0
Angola,2021,91.44552380952379,12.519326923076923,2303.90812662776,1.451,34532429.0,36.8308334001765,6166.0,193.0,56767.0,63295.0
Angola,2022,92.20295238095238,12.855384615384615,3682.1131513698,0.863,35635029.0,36.9471404507901,6860.0,166.0,59810.0,66631.0
Angola,2023,91.20342857142857,12.80201923076923,2916.13663284275,1.383,36749906.0,36.9479425683805,5152.0,132.0,63323.0,69684.0
Antigua and Barbuda,2010,86.37828571428572,13.174807692307693,15217.3950790922,1.062,85320.0,20.4545454545455,100.0,0.0,35.0,152.0
Antigua and Barbuda,2011,88.25133333333335,13.912788461538462,14911.7275084471,0.456,86332.0,20.4545454545455,163.0,0.0,36.0,188.0
Antigua and Barbuda,2012,90.39504761904762,18.861442307692307,15639.8078114787,0.557,87260.0,20.4545454545455,314.0,5.0,42.0,351.0
Antigua and Barbuda,2013,90.52056603773585,14.705,15051.5113587425,0.639,88064.0,20.4545454545455,169.0,0.0,40.0,208.0
Antigua and Barbuda,2014,89.04075471698113,14.19125,15532.1062063584,0.595,88765.0,20.4545454545455,164.0,0.0,37.0,196.0
Antigua and Barbuda,2015,89.40641509433962,14.35548076923077,16077.6340769406,0.875,89409.0,20.4545454545455,175.0,0.0,38.0,206.0
Antigua and Barbuda,2016,88.92688679245283,14.029711538461537,16556.8551801588,0.934,89969.0,20.4545454545455,157.0,0.0,38.0,200.0
Antigua and Barbuda,2017,90.55047169811321,14.911730769230768,16965.7288273816,0.782,90468.0,20.4545454545455,204.0,1.0,39.0,219.0
Antigua and Barbuda,2018,92.14320754716981,15.315673076923076,18273.4270684912,0.556,90926.0,20.4545454545455,216.0,2.0,40.0,228.0
Antigua and Barbuda,2019,89.40574074074074,14.160377358490566,18896.3721832248,0.811,91364.0,20.4545454545455,202.0,0.0,35.0,211.0
Antigua and Barbuda,2020,87.99935185185186,13.263679245283019,15369.6082250401,1.131,91846.0,20.4545454545455,144.0,20.0,32.0,167.0
Antigua and Barbuda,2021,91.64228571428572,14.786601941747573,17348.6006987182,0.857,92349.0,20.4545454545455,178.0,0.0,31.0,198.0
Antigua and Barbuda,2022,92.78273584905659,15.583365384615385,20105.1989085164,0.758,92840.0,20.4545454545455,187.0,1.0,31.0,206.0
Antigua and Barbuda,2023,93.98471698113207,15.854807692307693,21494.5474000727,1.113,93316.0,20.4545454545455,187.0,0.0,32.0,208.0
Argentina,2010,118.55128712871287,13.732164948453608,10260.1313108254,0.029,41288694.0,46.1389123357048,3977.0,108385.0,312617.0,209497.0
Argentina,2011,118.28158415841585,13.982268041237113,12704.2831819684,0.246,41730660.0,45.7919603608739,3957.0,114677.0,338864.0,226821.0
Argentina,2012,119.39069306930692,14.03381443298969,12949.717486654,0.673,42161721.0,45.5813044224958,3646.0,117008.0,309619.0,215355.0
Argentina,2013,120.68158415841584,14.126701030927835,12963.675773326,0.348,42582455.0,44.9219312381015,3765.0,102962.0,340913.0,227903.0
Argentina,2014,124.57919191919193,14.249072164948455,12233.1444119186,0.87,43024071.0,44.1959177327355,3439.0,86048.0,346299.0,250374.0
Argentina,2015,126.59272727272727,14.59123711340206,13679.6264980954,0.857,43477012.0,44.1239360687546,3245.0,102682.0,372156.0,252387.0
Argentina,2016,125.5761224489796,14.143298969072166,12699.9623137756,0.39,43900313.0,43.4324236577764,5839.0,129944.0,372796.0,261276.0
Argentina,2017,125.40505050505051,14.248659793814431,14532.5009308511,0.986,44288894.0,42.9825761047104,8714.0,125652.0,398950.0,281854.0
Argentina,2018,127.20767676767676,14.189591836734692,11752.7998922979,0.764,44654882.0,42.3613927774063,17152.0,111057.0,354849.0,262613.0
Argentina,2019,128.50191919191917,14.958041237113402,9955.97478680428,0.66,44973465.0,42.605848671205,12791.0,152088.0,419842.0,271838.0
Argentina,2020,130.05939393939394,14.802371134020618,8535.59938004389,1.017,45191965.0,43.0004859885482,14621.0,146657.0,406817.0,253361.0
Argentina,2021,135.85822916666666,15.617916666666666,10738.0179223384,0.915,45312281.0,43.1097420606645,13591.0,141290.0,408745.0,280177.0
Argentina,2022,136.55760416666666,15.346770833333332,13962.1894087223,0.543,45407904.0,43.4276443440799,10630.0,151627.0,409341.0,264478.0
Argentina,2023,136.64364583333332,15.3184375,14261.8465667948,1.435,45538401.0,42.4367915620695,24063.0,93811.0,307832.0,242625.0
Armenia,2010,125.01020408163265,16.961326530612244,3041.34450723339,2.716,3044800.0,60.9413417632596,1815.0,122.0,5182.0,7180.0
Armenia,2011,125.01061224489796,17.69091836734694,3349.55309771906,0.72,3027900.0,59.6452406041447,1841.0,155.0,6067.0,7579.0
Armenia,2012,122.49565656565656,18.74959595959596,3511.56399687426,1.342,3024100.0,59.1148577449947,1928.0,222.0,6711.0,8090.0
Armenia,2013,122.7251,18.6299,3680.16692158886,1.403,3022000.0,59.1148577449947,1739.0,279.0,7115.0,8419.0
Armenia,2014,123.86020202020202,18.662475247524753,3852.11800610384,1.189,3013800.0,59.0340709518792,1741.0,230.0,7607.0,8967.0
Armenia,2015,121.9501,18.583069306930692,3512.39350276709,1.843,3004600.0,58.8935721812434,1667.0,318.0,7787.0,8974.0
Armenia,2016,120.1461,17.66970297029703,3524.42476874707,1.319,2992300.0,58.8970846505093,1613.0,435.0,7022.0,8217.0
Armenia,2017,114.19951456310679,16.973883495145632,3869.05373867752,0.844,2979400.0,58.872497365648,1879.0,448.0,6427.0,8054.0
Armenia,2018,116.86401960784313,15.874653465346533,4196.00562301769,2.691,2969000.0,58.9146469968388,2134.0,484.0,5408.0,7077.0
Armenia,2019,117.27058252427186,16.244117647058825,4597.22887399548,1.757,2962500.0,58.9041095890411,2270.0,473.0,5158.0,7323.0
Armenia,2020,116.8716504854369,16.29235294117647,4268.68093304583,1.849,2961500.0,59.4380831430972,2325.0,550.0,5548.0,7264.0
Armenia,2021,117.22679611650484,16.749607843137255,4685.17997128509,2.142,2962300.0,59.3969093973882,2240.0,632.0,5219.0,7074.0
Armenia,2022,118.76186274509803,17.091089108910893,6571.97445545099,1.783,2969200.0,58.6134209413894,2918.0,676.0,5305.0,7304.0
Armenia,2023,118.60539215686275,17.148019801980197,8159.08720967996,2.173,2964300.0,58.5933621376878,2807.0,642.0,5358.0,7347.0
Australia,2010,133.65029411764706,18.04980198019802,52313.8939041213,0.65,22031750.0,48.9920987204353,13439.0,66027.0,191541.0,142035.0
Australia,2011,133.04382352941175,17.7009900990099,62799.3895017032,0.18,22340024.0,51.5628132199992,15144.0,71323.0,192943.0,128129.0
Australia,2012,133.34252427184467,17.767745098039214,68301.4402512587,0.282,22733465.0,50.3854314463116,15033.0,92346.0,205231.0,129587.0
Australia,2013,132.75990291262136,18.031470588235294,68476.6788496118,1.474,23128129.0,48.3937102169923,16332.0,83073.0,195812.0,132152.0
Australia,2014,131.10461538461539,17.623300970873785,62817.2061751737,1.161,23475686.0,48.7383986566523,18251.0,82372.0,206692.0,140382.0
Australia,2015,130.36153846153846,17.771650485436894,56970.3613028094,1.065,23815995.0,45.3144240657095,19059.0,82444.0,207668.0,143356.0
Australia,2016,131.06519230769229,17.87135922330097,50084.4440606385,1.167,24190907.0,44.5399257932247,19352.0,81238.0,209900.0,150423.0
Australia,2017,129.34990384615384,17.295436893203885,54117.547718609,1.139,24592588.0,48.3406179391109,17563.0,101515.0,249810.0,155353.0
Australia,2018,128.33576923076924,16.885631067961164,57410.1737346009,1.126,24963258.0,46.6580950127535,16899.0,71284.0,206988.0,152936.0
Australia,2019,129.42346153846154,16.88116504854369,55194.7585097428,1.434,25334826.0,47.1237724290889,18781.0,54589.0,188278.0,155330.0
Australia,2020,128.89423076923077,17.26009708737864,51983.4523666382,1.432,25649248.0,46.2524798427461,19815.0,59987.0,175600.0,141201.0
Australia,2021,129.20048076923078,17.296407766990292,60758.9044397144,0.626,25685412.0,47.2592374954823,18231.0,111490.0,238810.0,144931.0
Australia,2022,129.8179245283019,17.091047619047618,65169.5191118657,0.757,26018721.0,47.2592374954823,19804.0,120199.0,247605.0,145267.0
Australia,2023,130.37188679245284,17.392285714285716,65058.3773146674,0.935,26659922.0,47.2234443228177,18813.0,122008.0,269773.0,154347.0
Austria,2010,142.51221153846154,17.9152,46611.1393420232,0.656,8363404.0,33.6791080950073,16991.0,12206.0,31065.0,37179.0
Austria,2011,144.30509615384614,18.429100000000002,51116.8953522042,1.377,8391643.0,33.413717886573,17638.0,12287.0,35042.0,39276.0
Austria,2012,143.7373076923077,18.3161,48250.4059142637,1.782,8429991.0,33.1459040232671,17376.0,12564.0,31375.0,36716.0
Austria,2013,142.75,18.1772,50305.3545774973,1.096,8479823.0,32.9180804653417,18556.0,12221.0,31780.0,38264.0
Austria,2014,140.9881730769231,18.4796,51314.9722616322,2.402,8546356.0,32.8914202617547,19716.0,13513.0,36304.0,40071.0
Austria,2015,140.27576923076924,17.971400000000003,43915.228020857,2.163,8642699.0,32.9429229277751,20838.0,14297.0,31037.0,37115.0
Austria,2016,139.65182692307692,17.9226,45061.4993920192,2.091,8736668.0,32.3578526417838,21303.0,14541.0,34712.0,39641.0
Austria,2017,141.20259615384614,18.0244,47163.7425775142,1.733,8797566.0,32.1694134755211,21547.0,14354.0,32153.0,39272.0
Austria,2018,139.6998095238095,18.244851485148516,51194.0749841299,2.523,8840521.0,32.1477217644207,22122.0,13879.0,30706.0,36949.0
Austria,2019,141.93885714285713,17.99970297029703,49885.9947355204,2.359,8879920.0,32.1280901599612,21949.0,13470.0,31481.0,39599.0
Austria,2020,140.00961904761905,18.02841584158416,48716.4098900349,2.304,8916864.0,31.5398121667475,23155.0,13869.0,32476.0,41207.0
Austria,2021,140.4901904761905,17.738725490196078,53648.6437976214,1.391,8955797.0,31.5376684440136,23699.0,15036.0,33726.0,41837.0
Austria,2022,140.90457142857142,18.09950980392157,52336.7725223758,2.535,9041851.0,31.4765838584586,23766.0,15349.0,32907.0,41158.0
Austria,2023,139.12085714285715,17.99392156862745,56579.504175468,2.604,9131761.0,31.4743456131847,24598.0,14846.0,31938.0,41358.0
Azerbaijan,2010,121.7018947368421,15.987765957446808,5843.5337683582,2.383,9054332.0,57.6703445605885,5471.0,1363.0,14617.0,19834.0
Azerbaijan,2011,121.4028125,16.1631914893617,7189.81869211976,0.814,9173082.0,57.691935444845,5661.0,1479.0,15662.0,20209.0
Azerbaijan,2012,121.16216494845361,16.177446808510638,7495.86527658099,1.505,9295784.0,57.6870962278303,5452.0,1507.0,16729.0,20888.0
Azerbaijan,2013,123.48684210526316,16.20563829787234,7875.34536661549,1.587,9416801.0,57.7045451795933,5841.0,1434.0,17394.0,21591.0
Azerbaijan,2014,121.17166666666668,15.1565625,7890.84028062087,1.243,9535079.0,57.7005431692535,5596.0,1128.0,15909.0,20842.0
Azerbaijan,2015,115.37882352941176,14.577326732673267,5500.50364628486,1.664,9649341.0,57.7017529003303,5609.0,860.0,17556.0,21680.0
Azerbaijan,2016,116.85480392156863,14.619009900990099,3880.6852276838,1.451,9757812.0,57.7355751784202,6168.0,1007.0,18296.0,22854.0
Azerbaijan,2017,117.87980582524273,14.510098039215686,4147.1981423222,1.284,9854033.0,57.7956013645932,5848.0,1369.0,18783.0,23119.0
Azerbaijan,2018,123.55030000000001,15.1341,4739.7943123408,2.239,9939771.0,57.8253926004791,5153.0,1592.0,19588.0,23175.0
Azerbaijan,2019,124.36922330097089,15.702815533980583,4805.75371765917,1.975,10024283.0,57.8278123260822,6573.0,1644.0,21101.0,24994.0
Azerbaijan,2020,127.76696078431374,16.160686274509803,4229.91064904503,1.995,10093121.0,57.8382498850519,6138.0,1609.0,20967.0,25441.0
Azerbaijan,2021,128.63911764705884,16.586930693069306,5408.04535175023,2.085,10137750.0,57.8415003024803,5821.0,1779.0,21316.0,25725.0
Azerbaijan,2022,126.67911764705883,16.513564356435644,7770.594223351,2.194,10141756.0,57.8402903811252,6345.0,1792.0,21052.0,25951.0
Azerbaijan,2023,127.69823529411764,16.480891089108912,7133.02838048328,2.271,10153958.0,57.8294010889292,6127.0,1941.0,21077.0,25511.0
"Bahamas, The",2010,97.47519230769231,15.418,27473.100430502,0.408,367478.0,1.1988011988012,628.0,22.0,345.0,963.0
"Bahamas, The",2011,96.82423076923077,15.533619047619048,27090.8376801379,0.562,371729.0,1.2987012987013,590.0,17.0,348.0,946.0
"Bahamas, The",2012,100.77846153846154,17.69361904761905,28552.0242683151,0.521,375469.0,1.2987012987013,792.0,14.0,352.0,1122.0
"Bahamas, The",2013,99.41903846153846,16.59247619047619,27642.7419759179,0.712,378953.0,1.2987012987013,745.0,14.0,348.0,1059.0
"Bahamas, The",2014,97.58134615384617,15.480666666666666,29137.2175632622,1.067,382298.0,1.2987012987013,487.0,10.0,356.0,886.0
"Bahamas, The",2015,97.0985576923077,15.47552380952381,30719.405417469,1.448,385346.0,1.2987012987013,597.0,16.0,358.0,915.0
"Bahamas, The",2016,97.29336538461538,14.736380952380951,30616.5363157284,1.382,388055.0,1.2987012987013,570.0,25.0,360.0,875.0
"Bahamas, The",2017,98.25711538461539,15.161809523809524,31875.4881749619,1.57,390485.0,1.2987012987013,590.0,14.0,359.0,893.0
"Bahamas, The",2018,99.57798076923078,15.261238095238095,32642.3353203452,1.132,392717.0,1.2987012987013,600.0,13.0,359.0,917.0
"Bahamas, The",2019,97.79961538461538,14.548653846153845,33640.3369861278,1.552,394675.0,1.2987012987013,584.0,21.0,357.0,888.0
"Bahamas, The",2020,98.23528846153846,14.554807692307692,26178.7537607708,1.689,395863.0,1.2987012987013,552.0,10.0,360.0,882.0
"Bahamas, The",2021,100.11451923076923,15.057980769230769,30367.8605757708,0.668,396373.0,1.2987012987013,583.0,10.0,363.0,927.0
"Bahamas, The",2022,99.92883495145631,19.239509803921568,34957.1613279737,1.292,397538.0,1.2987012987013,825.0,16.0,396.0,1148.0
"Bahamas, The",2023,100.33941747572814,19.583235294117646,38231.774484278,1.665,399440.0,1.2987012987013,808.0,18.0,398.0,1176.0
Bahrain,2019,124.56409090909091,15.77090909090909,27259.7438599327,1.988,1483756.0,10.3846153846154,3150.0,437.0,213.0,2747.0
Bahrain,2020,126.20798165137614,16.16190909090909,24342.8444554718,2.007,1472204.0,10.3184713375796,3439.0,545.0,203.0,2812.0
Bahrain,2021,125.03046296296296,16.358256880733943,27147.8083882286,2.434,1504365.0,10.253164556962,3067.0,762.0,269.0,2666.0
Bahrain,2022,125.97348623853212,16.600363636363635,30470.5219276023,2.003,1524693.0,10.253164556962,3508.0,514.0,214.0,3092.0
Bahrain,2023,123.47385321100917,14.953636363636365,29290.1284215098,2.3,1577059.0,10.125,2983.0,510.0,218.0,2772.0
Bangladesh,2010,87.42264150943396,7.904907407407408,757.385280361508,1.09,152201981.0,70.9917799800261,20724.0,370.0,160425.0,178360.0
Bangladesh,2011,87.98682242990654,8.005462962962962,837.336944695647,0.408,153591076.0,70.1236844126911,21609.0,522.0,164118.0,187963.0
Bangladesh,2012,88.65242990654205,8.084999999999999,859.680536375497,0.579,155070101.0,70.0622263194284,16087.0,408.0,164864.0,183425.0
Bangladesh,2013,88.69626168224299,8.090462962962963,958.262989798283,0.527,156532141.0,69.9700391795345,20444.0,502.0,169334.0,188094.0
Bangladesh,2014,88.80388888888889,8.18675925925926,1094.46199702838,0.747,157964929.0,69.900898824614,24544.0,862.0,174001.0,193601.0
Bangladesh,2015,92.27635514018691,8.487037037037037,1224.38647668165,0.993,159383179.0,70.3867250518553,33890.0,629.0,177571.0,208385.0
Bangladesh,2016,89.37907407407407,8.352037037037038,1649.28380858601,1.603,160811932.0,70.6323269570562,29953.0,679.0,176436.0,206337.0
Bangladesh,2017,90.81110091743119,8.596851851851852,1811.08221668646,1.4,162186147.0,70.5794729968503,41369.0,681.0,188542.0,221916.0
Bangladesh,2018,93.70284403669726,8.823796296296296,1965.24372731467,1.151,163523103.0,70.694476453868,35524.0,650.0,187726.0,223386.0
Bangladesh,2019,93.81971962616822,8.836822429906542,2129.79896954606,1.397,164913055.0,72.1902127986479,34227.0,1164.0,188663.0,220855.0
Bangladesh,2020,94.53009174311927,8.98256880733945,2248.85078828233,1.165,166298024.0,72.4437274333564,45853.0,1092.0,194975.0,236823.0
Bangladesh,2021,93.08281818181818,9.185363636363636,2482.84917843357,1.574,167658854.0,72.3515402934624,54957.0,1293.0,208882.0,244898.0
Bangladesh,2022,94.74688073394495,9.396422018348623,2716.48592780431,1.456,169384897.0,72.3706433287272,47872.0,1067.0,214165.0,259871.0
Bangladesh,2023,93.48165137614679,9.375045871559633,2551.01773827307,1.853,171466990.0,72.311124788429,44969.0,881.0,219970.0,261835.0
Barbados,2010,117.43794117647059,15.401274509803923,20610.5150721363,1.428,275243.0,34.8837209302326,620.0,83.0,741.0,1276.0
Barbados,2011,116.09009803921569,15.192941176470589,20508.1498810382,0.989,276139.0,32.5581395348837,635.0,109.0,785.0,1313.0
Barbados,2012,117.21852941176469,15.311666666666666,20804.1150004694,0.83,276938.0,30.2325581395349,593.0,102.0,738.0,1240.0
Barbados,2013,116.54176470588236,15.12686274509804,20410.2065438568,1.132,277665.0,29.0697674418605,606.0,108.0,543.0,1059.0
Barbados,2014,116.03009803921569,14.776274509803923,20192.7084081797,0.797,278348.0,27.906976744186,582.0,89.0,516.0,996.0
Barbados,2015,117.43372549019608,15.102352941176472,20424.2087530019,1.27,278990.0,25.5813953488372,604.0,84.0,416.0,935.0
Barbados,2016,116.86892156862744,14.94764705882353,20295.5672072046,1.58,279598.0,23.2558139534884,619.0,109.0,342.0,853.0
Barbados,2017,115.66823529411765,15.368235294117646,20284.5762052461,1.237,280171.0,23.2558139534884,629.0,108.0,445.0,984.0
Barbados,2018,117.23421568627451,15.46843137254902,21381.2426303209,0.972,280711.0,23.2558139534884,614.0,95.0,493.0,1011.0
Barbados,2019,117.95067961165049,14.958557692307693,21912.1501242857,1.455,281207.0,23.2558139534884,681.0,88.0,356.0,918.0
Barbados,2020,120.70922330097089,14.820192307692308,19194.4919736739,1.315,281698.0,23.2558139534884,608.0,88.0,351.0,816.0
Barbados,2021,120.18893203883495,15.195865384615384,21079.6145271791,1.351,282147.0,23.2558139534884,558.0,92.0,337.0,788.0
Barbados,2022,117.69029126213593,15.78125,24387.0387293761,1.163,282318.0,23.2558139534884,621.0,107.0,360.0,919.0
Barbados,2023,117.72757281553399,15.376923076923077,25583.878782727,,282336.0,23.2558139534884,692.0,113.0,368.0,928.0
Belarus,2010,123.12920792079208,19.354270833333334,6034.67885177216,1.426,9483836.0,43.8536830588166,5103.0,5505.0,57406.0,56741.0
Belarus,2011,125.11623762376237,18.339583333333334,6527.6593428786,0.973,9461643.0,43.7386033216697,4763.0,5288.0,58757.0,59008.0
Belarus,2012,128.03861386138612,18.320833333333333,6953.21591683101,1.512,9446836.0,43.3516182928452,5917.0,6512.0,62096.0,61524.0
Belarus,2013,128.86118811881187,18.2721875,7998.0802045456,1.153,9443211.0,42.9317720346167,5853.0,7946.0,55841.0,55695.0
Belarus,2014,126.90252427184467,17.896060606060605,8341.31809294883,2.118,9448515.0,42.4879171121282,7584.0,8567.0,61556.0,57213.0
Belarus,2015,124.35278846153847,17.2,5967.05595058777,2.186,9461076.0,42.242016376159,8084.0,10834.0,55352.0,53850.0
Belarus,2016,125.41019417475728,17.736767676767677,5039.77560949445,2.135,9469379.0,42.0354897826473,7755.0,10481.0,56167.0,53034.0
Belarus,2017,124.77365384615383,17.6548,5785.54491935194,1.526,9458989.0,41.8448381185095,8528.0,10175.0,59873.0,55713.0
Belarus,2018,126.03097087378642,17.51060606060606,6360.037502312,2.272,9438785.0,41.6444969947778,8653.0,9978.0,55691.0,54782.0
Belarus,2019,124.98971428571429,17.22019607843137,6837.77339645635,2.606,9419758.0,41.3223954869066,9660.0,9657.0,57792.0,56810.0
Belarus,2020,127.038,17.370196078431373,6542.85579976768,3.443,9379952.0,40.7971228692482,7891.0,10262.0,58315.0,57401.0
Belarus,2021,127.79798076923076,17.67930693069307,7489.71894713888,1.626,9302585.0,40.2759300320276,7733.0,10626.0,51538.0,50494.0
Belarus,2022,129.51087378640779,17.8615,7994.64806074889,1.827,9228071.0,39.8738854130745,6255.0,9506.0,54931.0,53177.0
Belarus,2023,127.10281553398059,18.211,7896.75388295584,2.645,9178298.0,39.5796692333841,2675.0,3263.0,55802.0,55225.0
Belgium,2010,145.72979797979798,19.81021739130435,44197.393671162,0.224,10895586.0,44.6938977351399,79213.0,55439.0,45831.0,69355.0
Belgium,2011,145.5123232323232,19.690652173913044,47760.8298776546,1.278,11038264.0,44.0345498302179,82032.0,59324.0,49578.0,70910.0
Belgium,2012,145.23070707070707,19.76641304347826,44874.1709182123,1.125,11106932.0,43.9125704678073,82494.0,59749.0,46744.0,68434.0
Belgium,2013,145.87414141414143,20.611847826086954,46964.5946777056,0.46,11159407.0,44.0609237464148,86284.0,59401.0,47755.0,74498.0
Belgium,2014,148.92747474747475,22.57663043478261,47995.7786961339,2.41,11209057.0,43.8894932911351,87570.0,61818.0,48864.0,70408.0
Belgium,2015,149.19151515151515,21.572717391304348,40893.804537772,1.362,11274196.0,43.7807008868229,86265.0,63294.0,46800.0,67273.0
Belgium,2016,147.77353535353535,21.64163043478261,41854.5498296444,1.875,11331422.0,44.5323574984341,87253.0,66571.0,44005.0,64621.0
Belgium,2017,148.35141414141415,21.218260869565217,44035.3239358548,1.721,11375158.0,43.7477334915768,96235.0,71043.0,52042.0,72792.0
Belgium,2018,149.4510101010101,21.77467391304348,47487.2100392561,2.181,11427054.0,44.403633620831,96813.0,72788.0,46852.0,71055.0
Belgium,2019,150.8022222222222,21.45173913043478,46716.6227467964,2.063,11488980.0,44.4677641503247,91019.0,70601.0,49528.0,66201.0
Belgium,2020,150.68616161616163,20.903655913978493,45906.2875805246,2.55,11538604.0,44.7500918213419,93751.0,72878.0,47942.0,66845.0
Belgium,2021,149.4770297029703,21.647368421052633,51658.238294958,1.191,11586195.0,44.7848757132551,97020.0,73509.0,47822.0,68232.0
Belgium,2022,149.66039603960397,21.016105263157893,50605.7496677086,2.788,11680210.0,44.5661441595068,98097.0,76483.0,47776.0,67653.0
Belgium,2023,151.79838383838384,21.303829787234044,55291.4754541329,2.426,11779946.0,44.3792221420607,91571.0,71189.0,48268.0,65744.0
Belize,2010,105.10269230769231,12.6972,5461.40735999001,0.833,320245.0,6.88294607628233,176.0,740.0,4296.0,3717.0
Belize,2011,103.74259615384615,12.0867,5596.05222152289,0.713,327298.0,6.88294607628233,148.0,810.0,3439.0,2800.0
Belize,2012,104.64221153846152,12.459100000000001,5732.66519942347,0.636,334414.0,7.01446733888645,165.0,991.0,3903.0,3090.0
Belize,2013,104.94912621359224,11.9821,5957.34953619006,0.778,341627.0,7.01446733888645,171.0,946.0,3550.0,2786.0
Belize,2014,100.86580952380952,11.567745098039216,6128.12053089077,0.779,348923.0,7.01446733888645,251.0,1043.0,3918.0,3104.0
Belize,2015,101.0904716981132,11.465631067961166,6154.62264230369,1.267,356333.0,7.45287154756686,246.0,1128.0,3897.0,2993.0
Belize,2016,102.49638095238096,11.613800000000001,6140.86713919469,1.354,364705.0,7.45287154756686,245.0,982.0,4345.0,3600.0
Belize,2017,103.0854716981132,11.306435643564356,6071.85451846453,1.246,373202.0,7.54055238930294,253.0,990.0,4941.0,4175.0
Belize,2018,104.31504761904762,12.133762376237623,6011.99036888587,0.763,380226.0,7.54055238930294,226.0,792.0,5093.0,4530.0
Belize,2019,105.31150943396227,10.52776699029126,6171.61449761423,1.459,385829.0,7.62823323103902,212.0,931.0,5272.0,4626.0
Belize,2020,106.52066037735848,10.36631067961165,5238.54078175696,1.607,390812.0,7.89127575624726,226.0,814.0,4729.0,4103.0
Belize,2021,104.86198113207548,11.111153846153845,6142.98930557031,1.224,395346.0,7.97895659798334,264.0,877.0,5520.0,4864.0
Belize,2022,106.18257142857144,11.367596153846154,7068.21728043145,1.008,402733.0,7.97895659798334,259.0,782.0,5370.0,4794.0
Belize,2023,104.88650943396226,11.439142857142858,7424.75821321022,1.873,411106.0,7.97895659798334,298.0,621.0,4532.0,4207.0
Bhutan,2019,127.7705,12.807938144329896,3576.87987100503,1.377,764824.0,13.4504457262716,638.0,153.0,802.0,1232.0
Bhutan,2020,127.08712871287128,13.584795918367346,3191.66906999331,1.24,770006.0,13.5422128998427,601.0,90.0,832.0,1311.0
Bhutan,2021,120.52056603773585,11.606634615384614,3570.61257980872,1.854,775442.0,13.6339800734137,713.0,133.0,650.0,1253.0
Bhutan,2022,120.97846153846154,11.23019417475728,3711.32767981591,1.609,780914.0,13.7257472469848,653.0,119.0,566.0,1116.0
Bhutan,2023,118.49355769230769,11.92798076923077,3831.32535494609,1.91,786385.0,13.8175144205558,711.0,126.0,635.0,1185.0
Bolivia,2010,87.25401960784313,10.977745098039216,1929.78373077158,0.701,10182345.0,34.7723519800609,1376.0,2109.0,33277.0,32914.0
Bolivia,2011,87.92617647058823,11.081470588235293,2315.52121930607,1.161,10348929.0,34.8967660851103,1736.0,1457.0,34372.0,34521.0
Bolivia,2012,86.64913461538461,11.046796116504854,2575.59857098084,0.854,10515807.0,35.0257956244808,1504.0,2378.0,38672.0,37685.0
Bolivia,2013,87.00826923076923,11.249805825242719,2870.02377000756,0.567,10682608.0,35.1557483614881,1517.0,3436.0,41224.0,40053.0
Bolivia,2014,83.4175925925926,10.790280373831775,3041.43503162408,1.008,10848888.0,35.2829317825164,2044.0,2376.0,39824.0,38961.0
Bolivia,2015,88.91826923076923,11.621456310679612,2996.01289811344,1.461,11014705.0,35.2820086771901,1683.0,2274.0,40842.0,40152.0
Bolivia,2016,90.67067307692308,11.77621359223301,3035.87347732132,0.782,11180020.0,35.1546201421582,2252.0,2220.0,40993.0,40856.0
Bolivia,2017,90.49461538461539,11.775533980582525,4048.40119739839,0.97,11344587.0,35.0226160804948,2433.0,1429.0,42100.0,42747.0
Bolivia,2018,90.02877358490565,11.648666666666665,4206.8552936661,0.571,11508368.0,35.2631302501615,1922.0,2006.0,47370.0,46951.0
Bolivia,2019,91.96466666666667,12.214038461538461,4203.15492855788,0.91,11671386.0,35.5444151204652,1970.0,2204.0,46930.0,46593.0
Bolivia,2020,89.69877358490565,12.038285714285713,3580.96761778303,1.261,11816299.0,35.5645909720299,2376.0,2333.0,47586.0,47962.0
Bolivia,2021,89.11377358490566,11.706442307692308,4010.76053686204,0.761,11937360.0,35.6827879627065,1777.0,2960.0,50510.0,49221.0
Bolivia,2022,89.91365384615385,11.805980392156863,4219.46113742445,0.726,12077154.0,35.8307014677375,1423.0,3977.0,47522.0,44664.0
Bolivia,2023,90.30153846153847,11.964705882352941,4274.70820547613,2.04,12244159.0,35.8307014677375,1288.0,3528.0,51120.0,49377.0
Bosnia and Herzegovina,2010,120.34729999999999,17.14826530612245,4506.47828548389,0.97,3811472.0,41.875,4991.0,751.0,6570.0,11086.0
Bosnia and Herzegovina,2011,120.9738,17.166122448979593,4982.69375768263,1.133,3741798.0,42.01171875,4548.0,707.0,6620.0,10643.0
Bosnia and Herzegovina,2012,119.65089108910891,17.24448979591837,4693.78899115381,1.77,3670113.0,42.109375,4428.0,666.0,5772.0,10010.0
Bosnia and Herzegovina,2013,121.36990099009901,18.192755102040817,5034.56634817068,1.332,3610859.0,42.20703125,4558.0,799.0,6972.0,10634.0
Bosnia and Herzegovina,2014,122.80637254901961,17.388080808080808,5206.06573475132,1.841,3564829.0,42.12890625,4883.0,790.0,5970.0,10333.0
Bosnia and Herzegovina,2015,126.58475247524753,18.52030612244898,4662.25869219448,1.829,3518541.0,42.5,5073.0,905.0,6717.0,10712.0
Bosnia and Herzegovina,2016,126.61764705882354,19.333333333333332,4928.5665903114,1.697,3473003.0,43.14453125,5441.0,1331.0,8137.0,11673.0
Bosnia and Herzegovina,2017,127.07039603960396,18.61090909090909,5345.01978766473,1.416,3428682.0,43.515625,5313.0,1405.0,6643.0,10901.0
Bosnia and Herzegovina,2018,128.31306930693071,19.79326530612245,6047.84707207392,2.269,3387000.0,43.18359375,5020.0,1057.0,8351.0,11819.0
Bosnia and Herzegovina,2019,129.00069306930692,19.91,6122.37541352353,1.971,3345533.0,43.28125,4905.0,1034.0,7861.0,11729.0
Bosnia and Herzegovina,2020,129.22450980392156,20.392020202020202,6130.31187968266,1.849,3299349.0,43.7890625,4696.0,973.0,8731.0,12225.0
Bosnia and Herzegovina,2021,129.12950980392156,20.388989898989898,7295.34378682258,1.566,3244907.0,44.19921875,4468.0,842.0,7085.0,10939.0
Bosnia and Herzegovina,2022,131.49225490196076,20.897676767676767,7655.59421024383,2.063,3204802.0,21.81640625,4536.0,821.0,7763.0,11052.0
Bosnia and Herzegovina,2023,131.98852941176472,21.93111111111111,8663.02326458629,2.448,3185073.0,21.73828125,4588.0,820.0,7065.0,10848.0
Botswana,2010,90.0803738317757,9.498878504672897,6215.73216077919,1.24,2033111.0,45.6319587810774,3222.0,304.0,748.0,3739.0
Botswana,2011,90.34271028037384,9.758785046728972,7287.38295334919,-0.026,2073535.0,45.7466518447938,2297.0,179.0,841.0,3021.0
Botswana,2012,90.35261682242991,10.392616822429906,6595.53845015424,0.509,2108617.0,45.677836006564,2608.0,248.0,762.0,3114.0
Botswana,2013,90.65981308411216,9.791028037383178,6666.91219583487,0.838,2140682.0,45.6690134632012,3093.0,165.0,722.0,3615.0
Botswana,2014,92.0122429906542,10.3303738317757,7122.36423421503,-0.102,2172044.0,45.8842835212535,3218.0,161.0,923.0,3881.0
Botswana,2015,93.15233644859812,10.567289719626169,6141.20394726616,1.474,2203273.0,45.6330174862809,3957.0,142.0,977.0,4686.0
Botswana,2016,93.6096261682243,10.730833333333335,6749.05994339013,1.442,2234776.0,45.6330174862809,4004.0,383.0,944.0,4501.0
Botswana,2017,93.9000925925926,11.292685185185185,7104.96401088027,-0.026,2266747.0,45.6330174862809,3370.0,351.0,938.0,4070.0
Botswana,2018,93.23850467289721,11.14785046728972,7407.95940141786,0.713,2299141.0,45.6330174862809,3927.0,256.0,966.0,4662.0
Botswana,2019,94.0825,12.149811320754718,7172.08956480028,1.537,2332083.0,45.63372328975,4216.0,244.0,1043.0,4881.0
Botswana,2020,96.34481481481481,11.581111111111111,6323.2974967659,0.434,2365894.0,45.63372328975,3355.0,746.0,1221.0,3343.0
Botswana,2021,98.11212962962964,12.967383177570094,7807.88794570471,-0.322,2401441.0,45.63372328975,3836.0,552.0,1382.0,4387.0
Botswana,2022,100.32398148148148,13.836261682242991,8328.7090572666,0.085,2439892.0,45.63372328975,4142.0,694.0,1460.0,4704.0
Botswana,2023,99.38722222222222,13.531682242990655,7826.35376483298,0.888,2480244.0,45.63372328975,3843.0,479.0,1309.0,4508.0
Brazil,2010,121.88679245283019,14.155140186915887,11403.2840038694,1.141,193701929.0,27.7375349060916,34531.0,184314.0,2180209.0,2035806.0
Brazil,2011,123.50113207547169,14.527196261682244,13396.6263158041,0.802,195284734.0,27.8237741889942,35563.0,188096.0,2244157.0,2090569.0
Brazil,2012,121.64632075471698,13.817009345794393,12521.7238454434,1.071,196876111.0,27.9100134718969,38027.0,213584.0,2219083.0,2059882.0
Brazil,2013,121.93877358490566,13.781121495327103,12458.8903396625,0.982,198478299.0,27.9962527547995,38320.0,253456.0,2361167.0,2137522.0
Brazil,2014,123.53660377358491,13.84607476635514,12274.9941630213,1.204,200085127.0,28.0824920377022,36144.0,235149.0,2291553.0,2078317.0
Brazil,2015,121.55245283018867,13.560841121495327,8936.1955889444,1.607,201675532.0,28.168707391836,31080.0,275198.0,2343476.0,2118561.0
Brazil,2016,120.83103773584905,13.136944444444444,8836.28546025694,1.574,203218114.0,28.2549706035075,45652.0,262042.0,2340846.0,2123370.0
Brazil,2017,121.52443396226415,13.18574074074074,10080.5078722821,1.416,204703445.0,28.3411141713348,40383.0,307131.0,2426488.0,2142662.0
Brazil,2018,123.04160377358491,13.574859813084112,9300.66072904004,1.199,206107261.0,28.338218790305,37665.0,315139.0,2358696.0,2125140.0
Brazil,2019,123.28037735849055,13.504814814814814,9029.83304401079,1.564,207455459.0,28.3353473380441,40970.0,328768.0,2409883.0,2134894.0
Brazil,2020,122.2066037735849,13.260092592592592,7074.19407495707,1.421,208660842.0,28.3324758857832,41189.0,357646.0,2467835.0,2156124.0
Brazil,2021,124.23141509433961,13.519444444444444,7972.53696080695,1.146,209550294.0,28.3296044335223,43572.0,331721.0,2385149.0,2086299.0
Brazil,2022,125.89688679245283,13.68888888888889,9281.33282136864,0.965,210306415.0,28.3267329812614,41248.0,374233.0,2437566.0,2099746.0
Brazil,2023,125.90613207547169,13.720277777777778,10377.5897719195,1.658,211140729.0,28.3267329812614,34592.0,451574.0,2682858.0,2259921.0
Bulgaria,2010,108.15450000000001,12.629278350515463,6853.94805511171,1.376,7395599.0,46.5364775239499,5534.0,11976.0,25285.0,18228.0
Bulgaria,2011,108.641,12.761752577319589,7849.58061302818,0.432,7348328.0,46.8680913780398,5029.0,12837.0,25669.0,17383.0
Bulgaria,2012,108.8692,12.69381443298969,7431.95789508871,1.693,7305888.0,47.1904937361828,5126.0,12118.0,23881.0,17412.0
Bulgaria,2013,111.1656,13.250721649484536,7795.98092108928,1.496,7160005.0,46.0114222549742,5210.0,18731.0,30030.0,18133.0
Bulgaria,2014,112.0838,12.99824742268041,8069.60005667684,1.222,7073572.0,45.8456153279293,5604.0,16791.0,31048.0,18556.0
Bulgaria,2015,108.16290000000001,13.08938144329897,7268.65445473873,1.456,6984225.0,46.1670965364775,6218.0,15075.0,28700.0,17721.0
Bulgaria,2016,110.7436,13.628556701030929,7822.49923292968,1.902,6894139.0,46.2509211495947,6361.0,18241.0,29989.0,19419.0
Bulgaria,2017,111.0202,13.849484536082475,8696.68930427924,0.948,6803468.0,46.3294030950626,7406.0,17218.0,32010.0,19724.0
Bulgaria,2018,113.1118,14.095360824742269,9849.38397225174,2.176,6710798.0,46.3338246131172,7343.0,17851.0,32620.0,19979.0
Bulgaria,2019,112.83619999999999,13.62536082474227,10353.7204584127,2.088,6616726.0,46.3983050847458,8051.0,22031.0,34152.0,19735.0
Bulgaria,2020,112.23752475247525,13.070816326530613,10760.211975413,2.008,6550696.0,46.4904200442152,8858.0,18694.0,28036.0,19483.0
Bulgaria,2021,114.90792079207921,13.900408163265306,12966.1457543396,1.585,6507301.0,46.4904200442152,8534.0,21170.0,35128.0,21451.0
Bulgaria,2022,115.7549504950495,13.651428571428571,13999.1949530956,1.851,6465097.0,46.2601326455416,10928.0,17623.0,31857.0,22462.0
Bulgaria,2023,115.5839603960396,13.701938775510204,15853.208636704,2.673,6446596.0,46.0850221075903,9096.0,23612.0,31461.0,21545.0
Burkina Faso,2010,100.28320388349515,10.227281553398058,624.957252224766,1.233,16176498.0,46.0212825292398,1650.0,506.0,22546.0,22642.0
Burkina Faso,2011,98.44336538461539,10.2425,725.024767725475,0.971,16661908.0,46.7589671052632,1997.0,688.0,19673.0,22311.0
Burkina Faso,2012,101.71417475728155,9.758285714285716,731.470138867833,0.46,17172287.0,47.3285230263158,2672.0,508.0,23079.0,23313.0
Burkina Faso,2013,102.46427184466019,9.826571428571429,759.762065168498,0.816,17695409.0,48.1173768274854,2985.0,727.0,23974.0,24200.0
Burkina Faso,2014,100.92307692307692,9.745000000000001,764.861675106225,0.869,18229461.0,48.686932748538,2726.0,790.0,22745.0,23990.0
Burkina Faso,2015,101.18903846153846,9.624716981132076,630.124750752312,1.095,18777487.0,49.293038377193,3214.0,1048.0,21511.0,24454.0
Burkina Faso,2016,100.83730769230769,9.56933962264151,663.742364842886,1.037,19334856.0,49.8260445906433,3263.0,786.0,23225.0,25172.0
Burkina Faso,2017,99.82413461538461,9.24566037735849,709.091535894695,1.186,19894407.0,50.3590508040936,3140.0,1061.0,21106.0,24851.0
Burkina Faso,2018,102.32427184466019,9.758058252427185,777.465618514048,1.127,20438288.0,51.1961505847953,4071.0,1098.0,24874.0,26256.0
Burkina Faso,2019,102.54696078431371,10.361078431372547,764.853077774946,1.055,20961952.0,51.6768903508772,3495.0,941.0,27127.0,29079.0
Burkina Faso,2020,101.77057142857143,9.827830188679245,825.237038782475,1.026,21478690.0,52.1594579678363,3541.0,1112.0,28356.0,29204.0
Burkina Faso,2021,100.08330188679246,10.060660377358492,895.535288442991,1.611,21995243.0,52.6708998538012,3262.0,982.0,26444.0,29798.0
Burkina Faso,2022,103.62452830188678,10.375377358490566,827.330843486661,0.784,22509038.0,53.3497394005848,5027.0,971.0,28945.0,31391.0
Burkina Faso,2023,104.84122641509434,10.203584905660376,873.482589651003,1.45,23025776.0,53.4020054824561,5987.0,1146.0,28559.0,31563.0
Cabo Verde,2010,103.28232323232322,13.11295918367347,3579.46006137809,,509784.0,19.3548387096774,555.0,36.0,297.0,815.0
Cabo Verde,2011,99.63080808080807,12.802551020408163,4002.01386888785,1.14,511447.0,19.6029776674938,490.0,42.0,332.0,809.0
Cabo Verde,2012,100.96323232323233,12.60887755102041,3736.81517011087,1.106,511955.0,19.6029776674938,486.0,34.0,340.0,801.0
Cabo Verde,2013,102.92040404040405,12.75408163265306,3960.97596791345,1.108,512225.0,19.6029776674938,517.0,38.0,378.0,816.0
Cabo Verde,2014,96.10336538461539,11.718725490196078,3985.60706548134,0.86,512326.0,19.6029776674938,491.0,46.0,344.0,785.0
Cabo Verde,2015,99.57519607843138,12.021683168316832,3415.06266730931,0.848,512394.0,19.6029776674938,515.0,80.0,344.0,795.0
Cabo Verde,2016,99.23182692307692,11.64728155339806,3608.96605234906,1.486,512554.0,19.6029776674938,523.0,58.0,316.0,780.0
Cabo Verde,2017,99.88264150943395,12.053428571428572,3893.09571382506,1.785,512893.0,19.6029776674938,604.0,30.0,278.0,845.0
Cabo Verde,2018,102.33971428571428,12.24647619047619,4294.96510035729,0.702,513415.0,19.6029776674938,610.0,50.0,269.0,817.0
Cabo Verde,2019,103.7282857142857,12.424230769230771,4380.78117331128,1.39,514104.0,19.6029776674938,622.0,44.0,227.0,830.0
Cabo Verde,2020,109.17970588235293,12.27079207920792,3539.22661248299,,514679.0,19.6029776674938,597.0,44.0,228.0,770.0
Cabo Verde,2021,106.32461538461538,12.279417475728154,3971.44409203423,1.493,516649.0,19.6029776674938,555.0,42.0,229.0,773.0
Cabo Verde,2022,104.38259615384615,12.115339805825244,4323.31362032709,1.581,519741.0,19.6029776674938,596.0,42.0,224.0,805.0
Cabo Verde,2023,104.05114285714286,11.905865384615385,4794.90121917259,2.541,522331.0,19.6029776674938,657.0,43.0,211.0,801.0
Cambodia,2010,95.0161320754717,10.600192307692309,952.274616324008,1.136,14500726.0,30.4861262179923,1455.0,938.0,32574.0,33834.0
Cambodia,2011,98.40198113207546,11.594038461538462,1088.98152823081,0.385,14722584.0,30.7794912757761,1358.0,982.0,41524.0,41443.0
Cambodia,2012,98.07641509433962,11.498557692307692,1192.80263041673,0.81,14945085.0,31.1509018808067,1627.0,1304.0,42873.0,42000.0
Cambodia,2013,97.63792452830188,11.389134615384616,1305.6600972686,0.908,15170208.0,31.4524427826875,1081.0,2134.0,43750.0,42815.0
Cambodia,2014,98.10235849056605,12.191886792452829,1431.56396469993,0.59,15396772.0,31.6826087695445,1173.0,2275.0,53147.0,49940.0
Cambodia,2015,98.63037383177569,12.96801886792453,1547.32010444393,1.059,15623251.0,31.9960571040109,2084.0,3119.0,54438.0,53358.0
Cambodia,2016,99.88424528301887,13.11811320754717,1675.19555711109,1.462,15852803.0,32.2909811919329,2086.0,3904.0,58072.0,56747.0
Cambodia,2017,99.66196261682244,13.101603773584905,1826.35391688754,1.059,16073372.0,32.7703597326082,2187.0,4198.0,59010.0,54945.0
Cambodia,2018,100.54311320754717,13.32451923076923,2036.67377566578,0.756,16274522.0,33.1881078631317,2906.0,3819.0,61021.0,59404.0
Cambodia,2019,101.37495327102803,13.673396226415095,2225.87705485686,1.529,16481304.0,33.7162803081804,2258.0,3570.0,60930.0,60095.0
Cambodia,2020,101.5158878504673,14.03320754716981,2081.73914242939,1.401,16725474.0,34.3013919102651,3180.0,4036.0,63218.0,62335.0
Cambodia,2021,100.4918691588785,13.693207547169811,2167.40324198499,0.887,16974305.0,34.6999756401541,2851.0,4765.0,65102.0,62092.0
Cambodia,2022,97.8377570093458,13.335283018867925,2325.03050040841,0.902,17201724.0,34.8115777249037,2961.0,4607.0,64314.0,62590.0
Cambodia,2023,98.43093457943925,12.397075471698113,2429.74853452838,1.32,17423880.0,34.8648294810786,4454.0,20038.0,68394.0,52163.0
Cameroon,2010,105.48896226415094,13.224018691588785,1398.58702025047,1.081,19668066.0,20.5199805377504,3004.0,1179.0,48989.0,51003.0
Cameroon,2011,106.18283018867923,13.459345794392522,1513.96056994878,0.511,20232304.0,20.6257536333058,3698.0,1107.0,49916.0,52537.0
Cameroon,2012,107.43537735849057,13.72233644859813,1449.09874362279,0.32,20809529.0,20.6257536333058,4047.0,1083.0,52783.0,55061.0
Cameroon,2013,106.8273831775701,13.745092592592593,1575.92882118897,0.617,21402376.0,20.6257536333058,5031.0,1082.0,54639.0,57144.0
Cameroon,2014,104.56757009345795,13.4975,1649.4433905949,0.759,22059893.0,20.6257536333058,4356.0,1217.0,56434.0,58691.0
Cameroon,2015,104.6314953271028,13.467685185185186,1415.00009710569,1.02,22763414.0,20.6257536333058,4529.0,1352.0,58691.0,60506.0
Cameroon,2016,104.52271028037383,13.576944444444443,1441.7201725688,1.107,23454161.0,20.6257536333058,4445.0,1454.0,61089.0,62666.0
Cameroon,2017,104.58990566037737,13.607169811320754,1496.08951771242,1.057,24128601.0,20.6701480823338,5063.0,1401.0,60809.0,63017.0
Cameroon,2018,103.81740740740742,13.306296296296296,1610.69641591017,1.006,24806383.0,20.7145425313617,4654.0,1224.0,61569.0,63954.0
Cameroon,2019,105.85675925925926,14.006666666666668,1555.22660476477,1.411,25506095.0,20.7589369803897,5786.0,1172.0,60979.0,64817.0
Cameroon,2020,104.98212962962963,13.10351851851852,1555.60370660749,1.083,26210558.0,20.8033316409638,5464.0,1227.0,62919.0,65512.0
Cameroon,2021,105.84379629629629,13.25,1672.32657340872,1.225,26915758.0,20.8477260899917,5901.0,1740.0,63247.0,65674.0
Cameroon,2022,108.47490740740741,13.565925925925924,1604.87726954895,0.804,27632771.0,20.8921205390197,6390.0,1461.0,64964.0,68245.0
Cameroon,2023,107.14907407407406,13.25601851851852,1720.47510154506,1.081,28372687.0,20.9365149880476,5842.0,1360.0,65218.0,68225.0
Canada,2010,134.80825242718447,18.175,47560.6666009406,2.93,34005902.0,6.50040878514409,47335.0,107300.0,193312.0,144697.0
Canada,2011,136.26961165048544,17.966057692307693,52223.8588398531,1.458,34339221.0,6.43568354118357,46847.0,105255.0,200073.0,142545.0
Canada,2012,135.63825242718445,18.513173076923078,52670.3447335415,2.149,34713395.0,6.44363616895263,48748.0,109309.0,210366.0,150519.0
Canada,2013,134.6373786407767,18.70798076923077,52638.1187235237,1.201,35080992.0,6.45155533545478,53415.0,114574.0,252262.0,160318.0
Canada,2014,133.48524271844659,17.629134615384615,50960.8431174661,0.284,35434066.0,6.45947450195693,52274.0,131640.0,218740.0,143317.0
Canada,2015,133.6028155339806,17.501634615384617,43594.1941045394,1.258,35704498.0,6.46750520601544,52591.0,130394.0,229256.0,149721.0
Canada,2016,136.1052427184466,17.807692307692307,42314.0615817218,2.41,36110803.0,6.47475514717938,52957.0,128604.0,250358.0,160090.0
Canada,2017,135.93077669902914,17.507115384615386,45129.628116623,1.523,36545075.0,6.45441069689781,50303.0,137982.0,249938.0,156196.0
Canada,2018,135.65174757281554,17.236442307692307,46539.1761570405,0.499,37072620.0,6.45681990811536,57543.0,140308.0,248219.0,157881.0
Canada,2019,135.0883495145631,16.88923076923077,46352.8693445211,1.304,37618495.0,6.43435624426279,57982.0,133178.0,251076.0,170718.0
Canada,2020,137.11155339805825,16.8725,43537.839298904,1.13,38028638.0,6.37073522211031,57212.0,154242.0,261892.0,166126.0
Canada,2021,135.7595145631068,16.91471153846154,52886.6616372703,2.524,38239864.0,6.48457678610033,61145.0,137113.0,208428.0,154392.0
Canada,2022,135.7066990291262,16.75576923076923,56256.8007264015,1.256,38950132.0,6.49436207857817,66226.0,121147.0,256960.0,169417.0
Canada,2023,135.96184466019417,16.653076923076924,54220.3285039875,2.345,40049088.0,6.47137801950231,63366.0,144499.0,244652.0,164587.0
Chile,2010,111.08254901960784,12.547070707070707,12632.8704724192,-0.253,17181464.0,19.7952795575712,10439.0,16131.0,46239.0,41395.0
Chile,2011,112.05549019607842,12.798585858585858,14487.3927832032,-0.044,17351816.0,19.3910934566367,11403.0,17739.0,51839.0,45808.0
Chile,2012,111.33656862745097,13.313131313131313,15241.9069981119,0.452,17519119.0,18.8793126590382,13065.0,17875.0,50197.0,45535.0
Chile,2013,113.25078431372549,13.126868686868686,15683.5486369155,0.212,17687006.0,18.4482291279999,13034.0,17565.0,49944.0,45317.0
Chile,2014,113.29803921568627,12.946868686868687,14529.6767206336,0.276,17864195.0,18.0003149864236,13344.0,17542.0,48927.0,44695.0
Chile,2015,112.63588235294117,12.73070707070707,13433.9202987032,0.575,18047625.0,17.5651877090955,14011.0,16997.0,49490.0,44844.0
Chile,2016,113.7928431372549,13.075656565656566,13649.8520452803,0.713,18267221.0,17.0258627541733,13346.0,17251.0,47809.0,44085.0
Chile,2017,113.79352941176471,13.144242424242425,14879.9086227187,0.566,18558868.0,16.5754635041584,15366.0,17485.0,49014.0,46147.0
Chile,2018,114.90450980392157,13.196363636363637,15659.4808675628,0.246,18893191.0,16.0160767248496,16522.0,18761.0,52808.0,48994.0
Chile,2019,116.24352941176471,13.272828282828282,14495.716721687,0.392,19197744.0,15.435346965027,17086.0,19039.0,49712.0,48144.0
Chile,2020,118.25813725490195,13.203838383838384,13114.815470545,0.652,19370624.0,14.9026289456383,18914.0,19119.0,48027.0,47972.0
Chile,2021,120.5085294117647,13.671111111111111,16206.8325493421,0.618,19456334.0,14.5631870231053,21345.0,19681.0,47942.0,48980.0
Chile,2022,119.64666666666668,13.684747474747475,15405.6165774073,0.231,19553036.0,14.3199327104591,19403.0,19293.0,47090.0,47775.0
Chile,2023,117.48264705882353,13.841414141414141,17067.0364799154,0.901,19658835.0,14.4010249751882,18381.0,17356.0,46581.0,48060.0
China,2010,111.46416666666666,16.545188679245282,4629.24551710077,0.978,1337705000.0,56.1834730812931,235051.0,69533.0,3546343.0,3701481.0
China,2011,113.18768518518519,16.91669811320755,5703.76027973346,0.81,1345035000.0,56.1036602181182,236217.0,73997.0,3689492.0,3799954.0
China,2012,113.73518518518519,17.16509433962264,6405.0574241349,0.643,1354190000.0,56.0235278052443,293440.0,70013.0,3807304.0,3948643.0
China,2013,113.63324074074073,17.330471698113207,7147.03518622344,1.088,1363240000.0,55.9433953923703,318402.0,70708.0,3882687.0,3980133.0
China,2014,117.28342592592593,17.785283018867926,7781.06597484974,1.071,1371860000.0,55.8632629794963,357157.0,68570.0,3936768.0,4062073.0
China,2015,118.67314814814816,18.076415094339623,8175.33285077393,1.303,1379860000.0,55.7831305666223,416294.0,69204.0,4055415.0,4234274.0
China,2016,118.35435185185186,18.17490566037736,8254.86859320357,1.336,1387790000.0,55.7030573453299,392592.0,73304.0,4063969.0,4285551.0
China,2017,119.74935185185186,18.414339622641506,8979.67652709856,1.593,1396215000.0,55.6228503623161,439217.0,79995.0,4128241.0,4417344.0
China,2018,120.32425925925926,18.572735849056603,10085.6638148819,1.39,1402760000.0,55.54274989588,403851.0,84854.0,4170567.0,4470549.0
China,2019,121.28,18.823396226415095,10342.9009524335,1.438,1407745000.0,55.462649429444,405717.0,87157.0,4197394.0,4507115.0
China,2020,122.05324074074075,18.955754716981133,10627.4637989619,1.661,1411100000.0,55.4526368711394,496018.0,83656.0,4233416.0,4602747.0
China,2021,125.26333333333334,19.492452830188682,12887.4357242941,1.702,1412360000.0,55.4426243128349,584580.0,78961.0,4330836.0,4804342.0
China,2022,127.24046296296295,19.82943396226415,12970.6056414327,1.905,1412175000.0,55.4326117545304,552787.0,82670.0,4387458.0,4865922.0
China,2023,129.2313888888889,20.094622641509435,12951.1782397043,1.894,1410710000.0,55.4326117545304,583563.0,88614.0,4451796.0,4930103.0
Colombia,2010,103.39556603773585,11.30566037735849,6398.2958447102,1.146,44777319.0,38.3082469580892,15920.0,7497.0,136326.0,145425.0
Colombia,2011,103.46603773584906,11.281698113207547,7400.9940695669,0.6,45259614.0,37.603424966201,16239.0,8025.0,143049.0,151641.0
Colombia,2012,105.91214953271029,12.126320754716982,8108.59838244229,0.793,45715810.0,38.411536728256,18080.0,7511.0,147305.0,157940.0
Colombia,2013,108.74775700934579,12.834716981132075,8279.10255642981,0.97,46151584.0,40.392609283461,17984.0,7272.0,154340.0,165126.0
Colombia,2014,110.0273831775701,12.722190476190475,8187.20824890084,0.973,46565429.0,40.3785488958991,18840.0,8497.0,162356.0,174043.0
Colombia,2015,112.48261682242992,13.126095238095239,6248.51490534512,1.434,46969940.0,40.3644885083371,21228.0,8673.0,162842.0,173917.0
Colombia,2016,113.13401869158879,13.343714285714285,5959.84250367574,1.345,47437512.0,40.3504281207751,23787.0,8445.0,162102.0,171795.0
Colombia,2017,111.65813084112149,12.627904761904762,6479.53231292429,1.061,48131078.0,39.195132942767,23267.0,9658.0,136296.0,149046.0
Colombia,2018,114.03283018867924,13.133809523809523,6816.96818309544,1.288,49024465.0,39.7007661108607,24859.0,9874.0,159821.0,174741.0
Colombia,2019,113.17641509433963,12.968867924528302,6472.54544924705,1.618,49907985.0,39.9765660207301,25902.0,10240.0,160760.0,174702.0
Colombia,2020,113.56588785046728,12.493796296296296,5339.68711357943,1.719,50629997.0,39.8467278954484,26273.0,10803.0,143141.0,157337.0
Colombia,2021,114.93330188679245,12.939439252336449,6222.62164397614,1.21,51188173.0,38.7691151870212,24942.0,10329.0,163028.0,178013.0
Colombia,2022,114.30037383177572,13.024205607476635,6680.44506854481,1.07,51737944.0,37.6412798557909,27255.0,10651.0,168035.0,184003.0
Colombia,2023,114.33074766355139,13.065420560747663,7000.83660501046,1.69,52321152.0,36.4876070301938,25404.0,9540.0,163295.0,180039.0
Comoros,2010,105.14054945054946,11.648461538461538,1386.5742428453,0.883,654836.0,71.4669532509404,267.0,6.0,735.0,946.0
Comoros,2011,105.46366666666667,11.448351648351649,1531.43789372951,0.519,668056.0,71.4669532509404,213.0,8.0,688.0,897.0
Comoros,2012,102.39236559139785,11.413406593406592,1490.31511351281,0.482,681630.0,71.4669532509404,309.0,6.0,689.0,908.0
Comoros,2013,106.89285714285714,11.402857142857144,1603.32797107303,0.721,696192.0,71.4669532509404,226.0,10.0,710.0,939.0
Comoros,2014,104.61376344086021,10.918041237113401,1615.71723662012,0.841,711503.0,71.4669532509404,353.0,10.0,643.0,899.0
Comoros,2015,102.34378947368421,11.33010101010101,1329.37048235986,1.058,726682.0,71.4669532509404,697.0,8.0,658.0,972.0
Comoros,2016,107.1605376344086,12.070105263157895,1365.48403444497,1.033,741741.0,71.4669532509404,364.0,14.0,695.0,1027.0
Comoros,2017,104.49031578947368,11.004226804123709,1423.9248027797,1.283,756669.0,71.4669532509404,284.0,12.0,689.0,979.0
Comoros,2018,106.29505376344086,11.276914893617022,1527.40527125285,1.037,771590.0,71.4669532509404,326.0,14.0,694.0,1000.0
Comoros,2019,102.55226804123711,12.168736842105263,1510.23218151592,1.629,786578.0,71.4669532509404,619.0,8.0,682.0,1085.0
Comoros,2020,106.53505376344086,16.53098901098901,1519.34665556206,1.362,802163.0,71.4669532509404,611.0,4.0,741.0,1322.0
Comoros,2021,96.14544554455446,14.954343434343434,1554.97289190153,0.983,818174.0,71.4669532509404,588.0,6.0,749.0,1320.0
Comoros,2022,96.1706,14.816938775510204,1465.479642862,0.854,834188.0,71.4669532509404,503.0,10.0,749.0,1315.0
Comoros,2023,95.17,14.93438775510204,1560.27378476855,1.62,850387.0,71.4669532509404,590.0,18.0,770.0,1354.0
"Congo, Dem. Rep.",2010,81.61575471698113,11.085428571428572,352.400398754692,1.199,68563038.0,12.5400851326614,3558.0,75.0,91024.0,94532.0
"Congo, Dem. Rep.",2011,83.22685714285714,11.170761904761905,372.514273875789,0.675,70849311.0,13.0724950927417,3382.0,98.0,94416.0,97965.0
"Congo, Dem. Rep.",2012,81.66380952380953,11.00495238095238,409.931424783784,0.316,73254618.0,13.6238724333385,2844.0,90.0,97005.0,100469.0
"Congo, Dem. Rep.",2013,79.79415094339623,10.886857142857144,460.370334930107,0.793,75789395.0,13.8638318519662,2957.0,93.0,102008.0,105204.0
"Congo, Dem. Rep.",2014,79.52045871559632,10.798990825688072,489.175952097319,0.71,78403242.0,14.2250942855252,4225.0,63.0,107071.0,112283.0
"Congo, Dem. Rep.",2015,78.26366972477064,10.824112149532711,495.826633014883,0.782,81035531.0,14.3137557618932,4248.0,58.0,107718.0,112651.0
"Congo, Dem. Rep.",2016,76.5211009174312,10.489814814814816,459.765036590388,1.276,83956415.0,14.4116803775832,3423.0,62.0,109237.0,112654.0
"Congo, Dem. Rep.",2017,78.53648148148149,10.683457943925236,431.052559128788,1.044,87083398.0,14.6841490042125,4132.0,94.0,114561.0,118241.0
"Congo, Dem. Rep.",2018,77.78944444444443,10.701132075471698,518.169626875371,1.206,90047644.0,14.8275512229549,4485.0,69.0,117168.0,121296.0
"Congo, Dem. Rep.",2019,76.71348623853211,10.574112149532711,504.00419142286,1.319,92947442.0,14.9255199488322,5088.0,126.0,119424.0,124203.0
"Congo, Dem. Rep.",2020,72.99423423423423,9.915363636363637,486.425572682256,1.409,95989998.0,14.9434286848548,3836.0,141.0,126728.0,124522.0
"Congo, Dem. Rep.",2021,74.42590909090909,10.215963302752293,595.743074403567,1.35,99148932.0,14.9450533953817,4480.0,141.0,133129.0,136973.0
"Congo, Dem. Rep.",2022,73.19603603603603,10.449727272727273,687.738587554685,1.241,102396968.0,15.3036258573918,9340.0,169.0,129553.0,138100.0
"Congo, Dem. Rep.",2023,72.53774774774776,10.391545454545454,660.21205238997,1.321,105789731.0,15.480763018019,10201.0,135.0,132897.0,142269.0
"Congo, Rep.",2010,75.65894230769231,9.98698113207547,2946.55798067708,1.137,4462290.0,30.9675080527086,888.0,105.0,5753.0,6766.0
"Congo, Rep.",2011,74.35269230769231,9.863018867924529,3396.16505817952,0.493,4609724.0,31.0296193265007,1356.0,25.0,5890.0,6953.0
"Congo, Rep.",2012,76.44759615384615,10.481792452830188,3732.32737320389,0.455,4740450.0,31.045411420205,917.0,26.0,6337.0,7461.0
"Congo, Rep.",2013,79.44903846153845,10.575943396226414,3697.41705884249,0.653,4857099.0,31.1297335285505,1172.0,13.0,6530.0,7714.0
"Congo, Rep.",2014,81.22423076923077,11.21377358490566,3601.2365808718,0.586,4975880.0,31.1315256222548,1281.0,50.0,6751.0,8056.0
"Congo, Rep.",2015,81.30230769230769,10.867714285714285,2439.35189403696,0.892,5097581.0,31.1081434846266,1418.0,60.0,6744.0,7981.0
"Congo, Rep.",2016,78.97179245283019,10.405887850467291,2093.10728558843,1.345,5222536.0,31.1140761346999,1439.0,84.0,6749.0,8124.0
"Congo, Rep.",2017,80.72419047619049,10.62551401869159,2211.63309874797,0.999,5351011.0,31.1174758418741,1701.0,81.0,7132.0,8445.0
"Congo, Rep.",2018,79.43103773584906,10.793177570093459,2694.43413191427,1.095,5483118.0,31.1317628111274,1540.0,72.0,7269.0,8704.0
"Congo, Rep.",2019,80.03858490566037,10.49177570093458,2488.42466724916,1.293,5616661.0,31.20878477306,1650.0,68.0,7081.0,8658.0
"Congo, Rep.",2020,82.05457142857142,10.350280373831776,1993.586671931,1.332,5752791.0,31.1645680819912,1751.0,64.0,7043.0,8752.0
"Congo, Rep.",2021,82.62380952380953,10.482056074766355,2516.16255145432,1.167,5892183.0,31.2521229868228,1913.0,64.0,7205.0,9046.0
"Congo, Rep.",2022,81.01801886792452,10.423518518518518,2620.83804267402,1.093,6035104.0,31.1897510980966,2284.0,64.0,7211.0,9229.0
"Congo, Rep.",2023,82.37849056603773,10.426666666666666,2477.97845544866,1.273,6182885.0,31.1900439238653,2288.0,46.0,7266.0,9450.0
Costa Rica,2010,108.76436893203883,11.156176470588235,8265.78820275582,0.975,4555962.0,35.6247551899726,4362.0,12062.0,25559.0,17921.0
Costa Rica,2011,108.97495145631068,11.751078431372548,9276.39107511347,0.514,4609833.0,35.6247551899726,4710.0,12436.0,25827.0,17941.0
Costa Rica,2012,108.67417475728156,12.282254901960783,10126.9991024177,0.503,4663934.0,35.4876615746181,5750.0,12280.0,27897.0,21332.0
Costa Rica,2013,108.92873786407768,11.961881188118813,10803.2401962173,0.806,4716147.0,35.2722287504896,6117.0,13442.0,29648.0,22685.0
Costa Rica,2014,113.27770000000001,12.1845,10911.497878334,0.766,4767119.0,34.9588719153937,6302.0,14082.0,29515.0,21527.0
Costa Rica,2015,113.72219999999999,12.6756,11714.7105980732,1.074,4818038.0,34.4533666274971,6143.0,13727.0,28390.0,20772.0
Costa Rica,2016,116.04970297029702,12.98,12091.0301606154,1.044,4866998.0,34.1310771641206,6450.0,14701.0,30252.0,21657.0
Costa Rica,2017,117.45574257425741,13.062574257425743,12317.0902771304,0.773,4913177.0,33.8087877007442,6714.0,15240.0,31085.0,22065.0
Costa Rica,2018,117.30455445544554,13.334752475247525,12590.2493781614,1.193,4957818.0,33.7196494320407,7042.0,15472.0,30825.0,22489.0
Costa Rica,2019,118.01465346534653,12.580495049504949,12884.6859951989,1.364,4999553.0,33.6305131218175,7436.0,14916.0,28896.0,21450.0
Costa Rica,2020,115.83320388349514,12.340288461538462,12394.0493969492,1.406,5034320.0,33.541374853114,8001.0,14651.0,29299.0,22518.0
Costa Rica,2021,113.21048076923077,11.832095238095237,12838.1185358931,1.007,5059988.0,33.342687034861,8063.0,15808.0,29306.0,21736.0
Costa Rica,2022,113.11058252427186,12.100673076923076,13625.9008491328,0.897,5081765.0,33.1439992166079,8292.0,13842.0,28418.0,23023.0
Costa Rica,2023,115.03932038834952,12.194326923076924,16942.0268119375,1.707,5105525.0,33.1439992166079,8940.0,14176.0,27900.0,22682.0
Cote d'Ivoire,2010,97.05626168224299,11.556111111111111,1553.54887048143,1.269,22488065.0,65.7358081761006,5728.0,5088.0,39694.0,42072.0
Cote d'Ivoire,2011,100.01308411214953,11.817777777777778,1596.62826565998,0.984,22982000.0,66.200179245283,5754.0,5467.0,40713.0,43877.0
Cote d'Ivoire,2012,100.45205607476635,11.722777777777777,1546.9460184731,0.657,23467078.0,68.963858490566,7526.0,6565.0,43370.0,44769.0
Cote d'Ivoire,2013,99.65327102803738,11.591388888888888,1786.15862031324,0.903,23939775.0,70.8868805031447,5643.0,5284.0,44530.0,44978.0
Cote d'Ivoire,2014,98.41,12.0375,1991.36539423404,0.8,24527395.0,72.5917201257862,6466.0,7176.0,50457.0,49802.0
Cote d'Ivoire,2015,102.58261682242991,12.701401869158879,1814.71855088017,1.241,25246342.0,76.9368119496855,7554.0,7675.0,54648.0,54285.0
Cote d'Ivoire,2016,102.76542056074766,12.510925925925926,1862.59597081287,1.451,25989405.0,75.4266364779874,8366.0,7118.0,53737.0,54328.0
Cote d'Ivoire,2017,103.73925925925926,12.830833333333333,1964.29930338343,1.498,26733372.0,77.7044808176101,9280.0,8165.0,57967.0,58054.0
Cote d'Ivoire,2018,104.49722222222223,12.868333333333332,2130.86619381144,1.273,27464173.0,81.3420738993711,10764.0,8232.0,57888.0,58529.0
Cote d'Ivoire,2019,105.36305555555556,13.209814814814816,2141.76836170115,1.312,28193009.0,81.5248,10786.0,9103.0,61712.0,62525.0
Cote d'Ivoire,2020,105.91361111111111,13.264444444444443,2179.72934832935,1.324,28915449.0,82.6258229559748,10852.0,8683.0,62954.0,63945.0
Cote d'Ivoire,2021,108.09416666666667,13.502037037037038,2455.98127641148,1.421,29639736.0,84.3928672955975,11924.0,9336.0,64200.0,67948.0
Cote d'Ivoire,2022,108.94953703703703,13.432592592592593,2333.37128301259,1.145,30395002.0,84.1568125786164,11309.0,9300.0,66208.0,67330.0
Cote d'Ivoire,2023,108.64592592592592,13.450555555555555,2591.9659048119,1.602,31165654.0,86.4758163522013,10328.0,9373.0,68737.0,68211.0
Croatia,2010,118.75071428571428,16.366631578947366,13729.7654965022,0.833,4295427.0,23.8331784718748,4207.0,2964.0,14577.0,16474.0
Croatia,2011,120.01214285714286,16.506421052631577,14691.558296292,1.234,4280622.0,23.6955900221571,4410.0,2648.0,14277.0,16286.0
Croatia,2012,119.93020408163265,15.997578947368421,13507.7805260991,1.822,4260368.0,23.7831463083411,4102.0,3126.0,12591.0,13696.0
Croatia,2013,122.92908163265305,16.508105263157894,14134.9474982889,1.243,4233922.0,28.0055035379887,4213.0,3072.0,14315.0,15524.0
Croatia,2014,119.37632653061226,16.306842105263158,14186.7295493276,2.0,4201598.0,26.954828103781,5510.0,3552.0,16187.0,15850.0
Croatia,2015,122.32867346938775,16.919473684210526,12283.7840620053,1.889,4151725.0,27.4676577800014,5507.0,4672.0,14589.0,13185.0
Croatia,2016,127.1819387755102,20.759263157894736,12820.1653893008,1.804,4106867.0,27.6249017225359,6044.0,5351.0,17585.0,15995.0
Croatia,2017,125.51867346938775,20.8534375,13901.7878144679,1.507,4041407.0,26.7493388606962,6356.0,5312.0,15032.0,15830.0
Croatia,2018,128.65336734693875,22.637052631578946,15460.3669595491,2.263,3988775.0,26.5170466728611,6770.0,5769.0,15972.0,16437.0
Croatia,2019,130.8476530612245,22.496666666666666,15563.5987295029,2.051,3949390.0,26.8744192695304,6942.0,6131.0,15679.0,16430.0
Croatia,2020,131.04373737373737,23.308453608247422,14807.5608543265,1.951,3914206.0,26.8942101501072,6725.0,7365.0,16876.0,16315.0
Croatia,2021,130.37227722772278,21.51939393939394,17788.7865816658,1.541,3878981.0,26.3759828448892,7198.0,6907.0,15407.0,15788.0
Croatia,2022,134.39383838383839,22.21680412371134,18465.5414420364,2.212,3855641.0,25.8756254467477,7944.0,7002.0,13426.0,14010.0
Croatia,2023,135.63656565656566,21.939381443298966,22184.2279304842,2.486,3859686.0,26.554681915654,8222.0,7243.0,13502.0,14221.0
Cuba,2010,126.91930693069307,17.52851485148515,5272.26755824835,0.54,11297409.0,60.7027433295753,8099.0,1399.0,41527.0,48558.0
Cuba,2011,127.94803921568628,17.835544554455446,6104.46105236166,0.452,11301571.0,59.9627560521415,8392.0,1581.0,42720.0,49549.0
Cuba,2012,128.20607843137253,17.264851485148515,6470.83673392653,0.522,11303175.0,60.062447842924,6904.0,1897.0,49386.0,54653.0
Cuba,2013,125.43271844660194,17.170784313725488,6828.36428245396,0.781,11298167.0,60.8549222797927,7036.0,2233.0,52750.0,57731.0
Cuba,2014,125.74230769230768,17.2075,7146.70459051328,0.972,11285775.0,60.3622380311479,8313.0,2128.0,55930.0,61754.0
Cuba,2015,126.26619047619049,17.96028846153846,7727.91997207998,1.223,11275065.0,59.9452449567723,8554.0,2632.0,59384.0,65606.0
Cuba,2016,133.09611650485436,19.1902,8110.55874283616,1.263,11265612.0,59.8490965013456,9724.0,2238.0,57479.0,63911.0
Cuba,2017,132.42271844660192,19.523564356435646,8610.60829605429,1.371,11247829.0,60.6936416184971,9758.0,2418.0,60889.0,68564.0
Cuba,2018,131.46019417475728,18.595148514851484,8911.46205998726,1.034,11227118.0,60.6936416184971,9109.0,1304.0,44809.0,52061.0
Cuba,2019,128.36653846153848,17.92607843137255,9232.26115935183,1.429,11202846.0,61.6666666666667,8929.0,1602.0,53006.0,60458.0
Cyprus,2010,114.73098039215685,14.894660194174758,31105.02734375,2.048,1127816.0,12.3917748917749,2112.0,555.0,1437.0,2908.0
Cyprus,2011,112.65699029126213,14.689126213592234,32485.798828125,0.734,1146493.0,12.5865800865801,2172.0,723.0,1567.0,2829.0
Cyprus,2012,111.51300970873787,14.188543689320388,28991.935546875,0.954,1165397.0,12.6515151515152,1971.0,566.0,1450.0,2662.0
Cyprus,2013,109.87019417475727,13.55233009708738,27764.73046875,1.216,1183895.0,11.7781385281385,2041.0,654.0,1356.0,2716.0
Cyprus,2014,107.44500000000001,13.611941747572816,26993.103515625,1.034,1201801.0,11.7943722943723,2199.0,657.0,1335.0,2873.0
Cyprus,2015,107.91161904761904,13.867281553398058,23088.44140625,1.218,1219502.0,13.7099567099567,2129.0,629.0,1467.0,2937.0
Cyprus,2016,106.35342857142858,13.436699029126213,24280.056640625,1.689,1237112.0,11.8387445887446,2227.0,746.0,1326.0,2758.0
Cyprus,2017,107.23375,13.016699029126213,26247.44921875,0.945,1254275.0,13.1406926406926,2409.0,849.0,1372.0,2840.0
Cyprus,2018,106.35676190476191,13.560666666666666,29120.375,2.12,1270737.0,14.3340800865801,2511.0,842.0,1367.0,3045.0
Cyprus,2019,104.11777777777777,13.144380952380953,29227.173828125,1.425,1286671.0,13.5636796536797,2408.0,843.0,1355.0,3000.0
Cyprus,2020,102.96592592592593,13.200952380952382,28130.341796875,1.552,1302247.0,13.8147186147186,2267.0,808.0,1374.0,2890.0
Cyprus,2021,102.35712962962963,13.252,32937.83984375,1.852,1317309.0,13.160854978355,2493.0,835.0,1403.0,3040.0
Cyprus,2022,101.40715596330276,13.267169811320754,33231.04296875,1.068,1331370.0,13.3160497835498,2587.0,853.0,1368.0,3160.0
Cyprus,2023,101.57385321100917,13.280566037735849,36623.69140625,1.75,1344976.0,13.9606385281385,2669.0,885.0,1355.0,3192.0
Czechia,2010,133.6078125,16.923052631578948,20160.4355077059,0.405,10474410.0,45.6289006862618,12093.0,11730.0,36313.0,37698.0
Czechia,2011,133.2634375,17.285473684210526,22049.1080788682,1.036,10496088.0,45.3714877638224,11871.0,11743.0,42029.0,40216.0
Czechia,2012,132.95697916666668,16.73242105263158,20014.0354015165,1.574,10510785.0,45.6544089084553,12020.0,14337.0,38396.0,37993.0
Czechia,2013,134.17458333333335,16.89442105263158,20260.4954999375,0.778,10514272.0,45.5969955969956,12366.0,13819.0,40763.0,39581.0
Czechia,2014,130.25052083333335,16.944,20038.4163180257,2.498,10525347.0,45.5322455322455,13410.0,15547.0,43991.0,37773.0
Czechia,2015,127.13416666666667,16.595263157894735,17931.5987670768,2.12,10546059.0,45.2532055433234,14316.0,17450.0,40311.0,35813.0
Czechia,2016,132.1846875,17.151368421052634,18753.9686718096,2.079,10566332.0,45.17549540215,14786.0,17915.0,43642.0,39147.0
Czechia,2017,135.3574736842105,17.628842105263157,20913.197632212,1.596,10594438.0,45.6029011786038,15130.0,17105.0,41502.0,39413.0
Czechia,2018,130.06636363636363,17.502,23705.9329811299,2.655,10629928.0,45.628804558995,15805.0,15279.0,39691.0,38912.0
Czechia,2019,131.2068686868687,17.70263157894737,24062.7190013343,2.544,10671870.0,45.6399997409511,16149.0,14797.0,40182.0,39130.0
Czechia,2020,131.70373737373737,17.504631578947368,23472.8915454417,2.346,10697858.0,45.6468665918898,16019.0,16531.0,41297.0,39209.0
Czechia,2021,132.8039393939394,17.195999999999998,27696.4619527544,1.305,10505772.0,45.730560511424,16551.0,17382.0,42420.0,40364.0
Czechia,2022,134.86030612244897,17.332,28282.2236715857,2.381,10672118.0,45.7476202749375,17669.0,18048.0,42784.0,40516.0
Czechia,2023,132.95444444444445,17.132736842105263,31761.5944102491,2.536,10864042.0,45.8019594048309,18613.0,18503.0,41884.0,40721.0
Denmark,2010,131.0735576923077,19.405247524752475,58104.5445594981,-0.198,5547683.0,65.65,17341.0,22468.0,42290.0,39537.0
Denmark,2011,130.11009615384617,19.261881188118814,61809.737898222,0.68,5570572.0,67.25,18187.0,21711.0,43349.0,41382.0
Denmark,2012,128.94048076923076,19.524158415841583,58443.7747103968,1.137,5591572.0,65.6,18176.0,20735.0,44236.0,42052.0
Denmark,2013,131.35625,19.371584158415843,61377.5940590412,0.399,5614932.0,65.7,17744.0,20405.0,43118.0,41851.0
Denmark,2014,135.5176923076923,19.367722772277226,62520.4509747011,2.678,5643475.0,66.315775,17015.0,21214.0,45714.0,39678.0
Denmark,2015,136.68740384615384,19.39108910891089,53094.0133607574,1.52,5683483.0,65.847475,17226.0,22390.0,44573.0,38422.0
Denmark,2016,135.65980769230768,19.151881188118814,54500.9260410217,1.852,5728010.0,65.6275,16900.0,21102.0,43994.0,40340.0
Denmark,2017,135.58634615384614,19.257623762376237,57521.5514992225,1.622,5764980.0,65.7825,17158.0,21839.0,47309.0,41131.0
Denmark,2018,141.04721153846154,19.772079207920793,61324.7665045565,2.107,5793636.0,65.8125,19416.0,20613.0,39178.0,40276.0
Denmark,2019,139.09355769230768,19.68128712871287,59404.2663247723,2.178,5814422.0,65.649125,19700.0,20299.0,45547.0,42365.0
Denmark,2020,140.44423076923078,20.254509803921568,60985.4885601514,2.636,5831404.0,65.499675,18936.0,20504.0,46695.0,44669.0
Denmark,2021,140.26701923076922,21.449901960784313,69340.7334922138,1.687,5856733.0,65.45,22441.0,20930.0,49465.0,48888.0
Denmark,2022,139.51826923076922,21.558627450980392,67781.0940939514,2.231,5903037.0,65.6,21872.0,20192.0,50908.0,49240.0
Denmark,2023,138.02557692307693,20.729509803921566,68043.5466971243,1.876,5946952.0,65.525,20667.0,20020.0,45429.0,47288.0
Djibouti,2010,101.22831578947368,7.893894736842106,1213.23352553429,0.794,930251.0,73.4383088869715,1286.0,192.0,122.0,1201.0
Djibouti,2011,103.31473684210526,7.997052631578947,1306.34552844977,0.664,948558.0,73.4598792062122,2331.0,222.0,123.0,2150.0
Djibouti,2012,104.95768421052631,8.221473684210528,1400.19357858954,,966747.0,73.4598792062122,2587.0,184.0,138.0,2442.0
Djibouti,2013,106.27452631578947,8.502736842105262,2075.94498424748,0.993,984824.0,73.4598792062122,3192.0,230.0,132.0,2767.0
Djibouti,2014,102.0171568627451,9.222912621359225,2214.62084142432,0.859,1002717.0,73.4598792062122,3120.0,400.0,131.0,2844.0
Djibouti,2015,103.05019417475728,9.838365384615384,2376.12554719873,1.37,1020313.0,73.4598792062122,3799.0,149.0,134.0,3791.0
Djibouti,2016,104.1359405940594,9.714705882352941,2510.4300076241,1.187,1037653.0,73.4598792062122,3372.0,436.0,138.0,3095.0
Djibouti,2017,104.42529411764706,9.745922330097088,2618.95521147369,1.385,1054841.0,73.4598792062122,3785.0,425.0,140.0,3390.0
Djibouti,2018,107.02871287128713,9.544607843137255,2718.08338799203,0.887,1071882.0,73.4598792062122,4378.0,1094.0,141.0,3533.0
Djibouti,2019,101.49102803738319,9.261037735849056,2837.16902340932,0.917,1088709.0,73.4598792062122,3967.0,746.0,159.0,3378.0
Djibouti,2020,100.05000000000001,9.047735849056604,2844.88810647853,1.005,1105188.0,73.5030198446937,4179.0,891.0,163.0,3439.0
Djibouti,2021,102.51066037735848,9.514666666666667,3025.91126413549,0.647,1121248.0,73.5030198446937,6690.0,1508.0,158.0,5361.0
Djibouti,2022,107.2421212121212,10.084693877551022,3133.25779772463,1.1,1137096.0,73.5030198446937,6140.0,1939.0,151.0,4270.0
Djibouti,2023,108.30181818181818,10.075408163265307,3381.29779710722,0.366,1152944.0,73.5073339085419,6455.0,1909.0,150.0,4101.0
Dominican Republic,2010,107.66484210526316,12.486,5478.62470398954,1.019,9820175.0,47.5629331401366,4990.0,1986.0,23103.0,26040.0
Dominican Republic,2011,110.08863157894737,13.432736842105262,5826.51014109195,0.356,9945621.0,48.0161270958394,4894.0,1909.0,24499.0,27413.0
Dominican Republic,2012,110.34666666666668,13.846842105263159,6013.81965002603,0.574,10070411.0,47.674021941627,4889.0,1836.0,25272.0,28502.0
Dominican Republic,2013,112.79927083333332,14.329999999999998,6136.59429329301,0.819,10193833.0,50.0752101014283,4713.0,1741.0,26003.0,28956.0
Dominican Republic,2014,105.40276190476192,13.868269230769231,6496.45166971142,0.761,10315528.0,50.2703291244049,6045.0,3382.0,27585.0,30465.0
Dominican Republic,2015,104.68980952380953,14.04125,6800.95309395474,1.08,10434829.0,50.0964851997516,6844.0,2718.0,26633.0,30596.0
Dominican Republic,2016,108.1315238095238,14.665288461538463,7160.44200982307,0.932,10551430.0,51.825944938936,6959.0,2634.0,26073.0,30328.0
Dominican Republic,2017,108.8543396226415,14.884380952380951,7412.71571571512,0.862,10666843.0,52.3864086110536,7115.0,2389.0,29903.0,34318.0
Dominican Republic,2018,113.23211538461538,16.639805825242718,7882.98221584944,0.874,10782053.0,53.3660298074933,7490.0,2428.0,33144.0,37973.0
Dominican Republic,2019,115.20740384615384,17.370388349514563,8183.01623600375,0.959,10894043.0,53.7012184317945,7912.0,3083.0,31964.0,36666.0
Dominican Republic,2020,116.20685714285713,16.91875,7135.22273255899,1.398,11008300.0,52.3243921638275,7830.0,2984.0,32631.0,37148.0
Dominican Republic,2021,118.22638095238094,17.750679611650487,8527.0754858205,0.956,11123476.0,52.4107297353709,8700.0,3321.0,33571.0,38172.0
Dominican Republic,2022,122.15076190476191,19.29826923076923,10104.2449349081,0.893,11230734.0,54.6941243644449,8926.0,3339.0,36382.0,41549.0
Dominican Republic,2023,123.81514285714286,19.732115384615383,10630.431743829,1.276,11331265.0,55.3530808941944,9133.0,2855.0,34740.0,40750.0
Ecuador,2010,99.3786274509804,11.887227722772277,4520.30959039763,0.946,15076695.0,30.1888387824126,4726.0,13481.0,59976.0,49958.0
Ecuador,2011,98.39932038834951,11.597524752475247,5153.6916424375,0.846,15326227.0,29.5784345305202,4701.0,15464.0,57303.0,47884.0
Ecuador,2012,100.34623762376236,11.561089108910892,5634.08393191094,0.696,15572194.0,30.2258817845064,4152.0,14081.0,56856.0,48001.0
Ecuador,2013,96.53650485436893,11.026336633663368,6109.29031510341,0.591,15807128.0,30.2504429054598,3300.0,14677.0,53997.0,43901.0
Ecuador,2014,97.79182692307693,11.396666666666667,6405.79979300441,1.208,16035124.0,22.0446126590433,4087.0,15733.0,61834.0,49140.0
Ecuador,2015,99.0766990291262,11.194950495049506,5976.1596805651,1.603,16266225.0,23.3089064261556,4097.0,16748.0,68357.0,53776.0
Ecuador,2016,98.49683168316832,10.455742574257425,5917.63771271481,1.558,16505139.0,22.2096956031567,3946.0,17210.0,60113.0,47663.0
Ecuador,2017,98.06382352941176,10.4811,6233.32244797718,1.2,16759519.0,22.507650185215,4788.0,18022.0,60581.0,48173.0
Ecuador,2018,97.87745098039215,10.084,6303.91886658338,1.112,17049547.0,21.9358995007248,4950.0,18516.0,56757.0,44600.0
Ecuador,2019,96.40009803921568,9.966633663366336,6205.05765246766,1.454,17340021.0,21.4607827347399,5359.0,19137.0,59408.0,46251.0
Ecuador,2020,96.98563106796117,10.046274509803922,5463.64515348598,1.561,17546065.0,21.8231599291351,5498.0,20001.0,62874.0,48567.0
Ecuador,2021,99.84366336633663,10.045686274509805,6061.32350181711,1.002,17682454.0,22.024480592688,5949.0,19435.0,66119.0,52429.0
Ecuador,2022,97.68961165048545,10.350192307692309,6515.58528418336,0.727,17823897.0,21.5332581736189,6196.0,20055.0,58683.0,44691.0
Ecuador,2023,99.57135922330097,10.700576923076921,6737.84748379638,2.094,17980083.0,21.5413110001611,6351.0,18763.0,57484.0,44966.0
"Egypt, Arab Rep.",2010,126.79485436893205,14.086634615384614,2455.08194645282,2.273,89196072.0,3.68777939625295,51910.0,7890.0,175115.0,222646.0
"Egypt, Arab Rep.",2011,123.8026923076923,13.748942307692307,2590.64384891965,0.614,91093059.0,3.63654628559948,57701.0,10589.0,180962.0,226533.0
"Egypt, Arab Rep.",2012,123.30336538461539,14.101153846153846,2996.0677072015,0.941,93161001.0,3.71289366618112,50890.0,7558.0,191822.0,234686.0
"Egypt, Arab Rep.",2013,120.41548076923075,13.465192307692307,3025.52563552448,1.041,95333553.0,3.74802350695665,59193.0,10176.0,189733.0,243673.0
"Egypt, Arab Rep.",2014,121.31708737864078,13.784711538461538,3133.39102265541,1.247,97528654.0,3.73217137977799,61605.0,10094.0,197521.0,235976.0
"Egypt, Arab Rep.",2015,121.09135922330097,13.715384615384616,3306.98159414141,1.198,99597342.0,3.80719985936009,57816.0,10624.0,201449.0,247241.0
"Egypt, Arab Rep.",2016,120.95223300970873,13.212596153846153,3270.6287768197,1.392,101644589.0,3.75083168416294,58607.0,10675.0,195551.0,243165.0
"Egypt, Arab Rep.",2017,120.14701923076925,13.211538461538462,2395.10333299491,0.61,103696057.0,3.85450680596715,60511.0,10709.0,197167.0,251222.0
"Egypt, Arab Rep.",2018,122.01961165048544,13.074711538461539,2484.70315630508,2.057,105682094.0,3.88065698930132,62121.0,9479.0,187491.0,249181.0
"Egypt, Arab Rep.",2019,119.51180952380952,12.810095238095238,2962.98892023003,0.992,107553158.0,3.93992666633181,67659.0,17104.0,199075.0,243974.0
"Egypt, Arab Rep.",2020,117.54771428571429,12.817333333333332,3511.11381026379,1.0,109315124.0,3.98915063539103,61492.0,14681.0,203059.0,250661.0
"Egypt, Arab Rep.",2021,116.26990476190477,12.6,3827.35415374308,1.688,110957008.0,4.04942488321865,55084.0,15798.0,212360.0,248166.0
"Egypt, Arab Rep.",2022,117.23990476190477,12.931142857142857,4233.30783744856,0.613,112618250.0,4.07654829474107,50626.0,16151.0,215202.0,251061.0
"Egypt, Arab Rep.",2023,116.81771428571429,12.706952380952382,3456.78968456253,1.868,114535772.0,4.07654829474107,50252.0,18002.0,216187.0,250774.0
El Salvador,2010,97.77304761904762,10.196310679611651,3040.07300952878,0.447,6068249.0,59.3581081081081,4957.0,2465.0,16518.0,19270.0
El Salvador,2011,97.81361904761906,10.116057692307692,3330.60049486653,0.436,6090127.0,59.1698841698842,5574.0,2672.0,17951.0,20906.0
El Salvador,2012,97.66377358490567,10.386346153846155,3497.91256915509,0.589,6113975.0,58.9864864864865,5460.0,2938.0,20104.0,22693.0
El Salvador,2013,97.12433962264151,9.90548076923077,3582.26694005169,0.581,6138839.0,58.8030888030888,4957.0,3033.0,21220.0,23254.0
El Salvador,2014,98.04038095238096,10.310192307692308,3666.01248913873,0.614,6162955.0,58.6003861003861,5332.0,2664.0,20471.0,22331.0
El Salvador,2015,97.28632075471698,10.712499999999999,3790.34089108162,1.254,6183676.0,59.0250965250965,6144.0,3013.0,19968.0,24311.0
El Salvador,2016,98.24420560747664,11.035428571428572,3901.34014965811,1.212,6200800.0,58.5955598455598,6586.0,2671.0,21420.0,23430.0
El Salvador,2017,101.34471698113207,11.637333333333334,4020.12671373919,0.675,6213533.0,58.1660231660232,6364.0,3007.0,21553.0,25619.0
El Salvador,2018,103.88409523809524,11.87980582524272,4183.54620971358,0.733,6219807.0,57.707528957529,6839.0,2892.0,21446.0,25528.0
El Salvador,2019,106.18190476190476,12.15747572815534,4320.11671534627,0.949,6222318.0,57.707528957529,7487.0,3195.0,22184.0,26353.0
El Salvador,2020,103.07735849056604,12.034423076923076,3997.19279583709,1.419,6234673.0,57.707528957529,7403.0,3221.0,21849.0,25955.0
El Salvador,2021,104.48094339622641,12.507115384615386,4642.60743101342,1.018,6255782.0,57.707528957529,7593.0,3331.0,22390.0,26419.0
El Salvador,2022,107.71819047619047,12.69495145631068,5074.60210221806,0.742,6280319.0,57.707528957529,7642.0,3070.0,21760.0,26260.0
El Salvador,2023,107.81333333333333,12.805922330097088,5365.44491399171,1.444,6309624.0,57.707528957529,7616.0,3113.0,21357.0,25964.0
Estonia,2010,125.1284,18.543979591836734,14663.7041018705,0.531,1331475.0,22.3826374144845,2057.0,1882.0,3594.0,3922.0
Estonia,2011,124.5624,18.764387755102042,17555.5455239426,1.29,1327439.0,22.3165841000236,2200.0,2046.0,3835.0,3988.0
Estonia,2012,121.5601,18.494387755102043,17568.2137969714,1.452,1322696.0,22.550129747582,2208.0,2431.0,4166.0,4015.0
Estonia,2013,122.0501,18.858265306122448,19310.3874900757,1.162,1317997.0,22.1992178513918,2377.0,2581.0,4262.0,4215.0
Estonia,2014,121.7136,19.279285714285717,20581.7898991695,2.419,1314545.0,22.4062571888659,2242.0,2753.0,4970.0,4174.0
Estonia,2015,118.14376237623763,19.06919191919192,17722.1557669523,2.348,1315407.0,22.8433402346446,2132.0,3129.0,5754.0,4439.0
Estonia,2016,118.35549999999999,18.668469387755103,18666.3736521706,1.916,1315790.0,23.0733839429492,2051.0,2941.0,4288.0,3919.0
Estonia,2017,118.3256,18.553367346938774,20851.5223496861,1.48,1317384.0,22.9707602339181,2292.0,3459.0,5057.0,3700.0
Estonia,2018,121.7901,18.573979591836736,23618.1361254581,2.392,1321977.0,23.0409356725146,2356.0,2734.0,4145.0,3762.0
Estonia,2019,125.94377551020408,18.334489795918365,24021.2501413306,2.195,1326898.0,23.1204678362573,2466.0,3997.0,5745.0,3964.0
Estonia,2020,124.31282828282828,18.278181818181817,23933.9939421065,3.599,1329522.0,23.0409356725146,2443.0,4248.0,5869.0,3918.0
Estonia,2021,125.4111224489796,18.621326530612247,27951.1659277744,2.135,1330932.0,23.0877192982456,2550.0,3445.0,5080.0,4019.0
Estonia,2022,126.50444444444445,18.802727272727275,28340.3826549406,1.962,1348840.0,23.075122864498,2768.0,3745.0,5668.0,4245.0
Estonia,2023,125.71868686868686,18.405050505050507,30264.0064885057,2.178,1370286.0,23.1219283875497,2741.0,3663.0,4822.0,3976.0
Eswatini,2010,86.36102040816326,9.071176470588235,3922.74039390733,1.002,1111650.0,70.9908895348837,553.0,1153.0,12986.0,12420.0
Eswatini,2011,87.77272727272727,9.27421568627451,4225.06049411911,,1117833.0,70.9883720930233,599.0,1138.0,13424.0,12919.0
Eswatini,2012,88.02470588235295,9.455825242718447,4224.54789174487,0.495,1123863.0,70.9302325581395,838.0,1154.0,13713.0,13417.0
Eswatini,2013,93.3671,10.215436893203885,3949.94310039907,0.247,1129990.0,70.8573546511628,766.0,1378.0,13976.0,13291.0
Eswatini,2014,94.89869999999999,11.126764705882353,3771.07228381938,0.543,1136299.0,70.6976744186046,878.0,1362.0,14031.0,13184.0
Eswatini,2015,95.21747474747475,10.550196078431373,3419.82276559528,0.921,1142813.0,70.4651162790698,908.0,1603.0,14125.0,13240.0
Eswatini,2016,92.29764705882353,10.871485148514852,3238.17611961364,0.858,1149507.0,70.2325581395349,980.0,1586.0,13994.0,13432.0
Eswatini,2017,95.2119,11.1768,3853.09956569679,0.734,1158195.0,70.0,1080.0,1380.0,14319.0,13549.0
Eswatini,2018,96.8579207920792,11.43960396039604,3972.65450620357,0.743,1168929.0,69.8255813953488,1122.0,1661.0,14547.0,13658.0
Eswatini,2019,98.30838383838385,10.855959595959597,3913.14577547336,1.491,1179874.0,69.593023255814,1186.0,2097.0,14945.0,13976.0
Eswatini,2020,98.12049504950495,11.595757575757576,3466.56936278145,0.252,1192729.0,69.4767441860465,1212.0,1847.0,14614.0,13952.0
Eswatini,2021,98.20118811881188,11.562525252525253,3984.00229174306,0.566,1206593.0,69.4767441860465,1225.0,1782.0,14867.0,14217.0
Eswatini,2022,99.6828712871287,11.629595959595958,3894.1620089869,1.022,1218917.0,69.4767441860465,1187.0,1501.0,14221.0,13606.0
Eswatini,2023,100.83099009900991,11.58959595959596,3755.52111232464,0.764,1230506.0,69.4767441860465,1264.0,1781.0,14292.0,13769.0
Ethiopia,2010,83.32759615384614,5.7706603773584915,330.619412798644,1.101,90538514.0,31.6178601080481,5668.0,1885.0,64018.0,68672.0
Ethiopia,2011,82.4877358490566,5.8114150943396226,343.024942351887,0.957,93149970.0,32.186781367053,5264.0,1862.0,65983.0,71646.0
Ethiopia,2012,85.14228571428572,5.918867924528302,452.101031885754,0.855,95798767.0,32.3308335299665,3816.0,2336.0,71412.0,74796.0
Ethiopia,2013,87.35742857142856,6.049056603773585,484.039833104062,0.993,98438751.0,32.5914011165082,3735.0,1871.0,78933.0,80644.0
Ethiopia,2014,88.5859813084112,6.3133644859813085,549.986577082588,0.902,101115610.0,32.7461141549206,5303.0,2889.0,85689.0,88660.0
Ethiopia,2015,94.00257142857141,6.332429906542057,597.912113218663,1.221,103867135.0,32.9671104083739,7221.0,2722.0,87765.0,91418.0
Ethiopia,2016,94.51105769230769,6.373177570093458,641.651523286233,1.223,106718162.0,33.1082473792896,9569.0,2141.0,90812.0,94500.0
Ethiopia,2017,95.58104761904762,6.492242990654206,696.348429076216,1.073,109666481.0,33.263928812192,7006.0,2116.0,95112.0,99400.0
Ethiopia,2018,93.16018691588785,6.4067592592592595,739.702022272086,0.48,112664152.0,33.5852351498111,8611.0,1633.0,94627.0,101679.0
Ethiopia,2019,90.8550925925926,6.406018518518518,793.473247210264,0.821,115737383.0,33.8392563550947,7301.0,2232.0,98498.0,104117.0
Ethiopia,2020,93.4937037037037,6.508440366972477,829.790982547947,0.785,118917671.0,34.0927476985506,11728.0,2185.0,103447.0,109431.0
Ethiopia,2021,95.87405660377358,6.536415094339623,893.00983544905,0.881,122138588.0,34.3554706330212,14949.0,2320.0,100398.0,107958.0
Ethiopia,2022,96.12094339622641,6.4793396226415085,982.103161506992,0.848,125384287.0,34.0779564851996,11254.0,1887.0,98815.0,106990.0
Ethiopia,2023,95.94141509433963,6.507169811320755,1055.81091592527,0.848,128691692.0,34.0779564851996,6240.0,2325.0,101161.0,109012.0
Fiji,2010,103.32766990291262,13.52450980392157,3449.14452883369,0.978,910419.0,17.4657909140668,769.0,739.0,4976.0,5205.0
Fiji,2011,104.11317307692308,13.899901960784314,4139.60288609702,0.95,912989.0,17.4274767378216,898.0,717.0,5792.0,6109.0
Fiji,2012,102.62673076923078,13.449126213592233,4341.40338748749,0.637,914918.0,17.3891625615764,996.0,713.0,4488.0,4851.0
Fiji,2013,102.61153846153846,13.825436893203884,4572.44377544245,1.032,916352.0,17.3508483853311,990.0,778.0,5037.0,5070.0
Fiji,2014,104.95201923076924,14.062135922330098,5293.35676680464,0.971,917585.0,17.3125342090859,1011.0,979.0,5661.0,5744.0
Fiji,2015,104.3948076923077,14.46631067961165,5097.53106864695,0.916,918578.0,17.2742200328407,860.0,827.0,5326.0,5513.0
Fiji,2016,102.26442307692308,13.815631067961165,5363.79026679243,1.335,919166.0,17.2359058565955,967.0,643.0,4925.0,5224.0
Fiji,2017,105.11077669902913,14.813366336633662,5826.84814459328,1.319,918759.0,17.1975916803503,817.0,613.0,4715.0,5052.0
Fiji,2018,107.25174757281553,15.186176470588235,6085.41979485376,1.039,917180.0,17.1592775041051,888.0,563.0,4695.0,4870.0
Fiji,2019,108.26692307692308,14.80656862745098,5842.07344577597,1.216,914899.0,17.1209633278599,1029.0,886.0,5231.0,5560.0
Fiji,2020,109.92740384615385,15.946666666666665,4620.6457238014,1.345,914963.0,17.0552818828681,1016.0,717.0,5053.0,5209.0
Fiji,2021,112.42058252427184,15.99019801980198,4536.73312110335,1.113,916711.0,17.0552818828681,932.0,615.0,4459.0,4603.0
Fiji,2022,112.58107843137255,16.150199999999998,5414.12092119088,1.3,919422.0,17.0552818828681,996.0,677.0,4816.0,5321.0
Fiji,2023,113.81833333333333,17.3343,5926.20586394763,0.997,924145.0,17.0552818828681,1046.0,581.0,4809.0,5304.0
Finland,2010,117.53349514563108,18.107916666666664,46506.2919016566,0.243,5363352.0,7.54162553471537,5839.0,3637.0,14623.0,18773.0
Finland,2011,118.3704854368932,18.421354166666667,51060.3242589767,1.353,5388272.0,7.52443318305966,6058.0,4215.0,16201.0,19382.0
Finland,2012,121.21291262135922,19.001875000000002,47551.6740841369,1.545,5413971.0,7.51949718648195,6975.0,3555.0,15028.0,19383.0
Finland,2013,120.2273786407767,18.9478125,49691.0145200739,1.43,5438972.0,7.43196551383724,6587.0,3308.0,16395.0,19177.0
Finland,2014,119.76077669902914,18.966354166666665,50073.7760815871,2.589,5461512.0,7.46026522754944,6307.0,3633.0,16730.0,19841.0
Finland,2015,119.84300970873787,18.800729166666667,42560.3456767103,2.613,5479531.0,7.48050409660755,6377.0,3283.0,15316.0,19033.0
Finland,2016,120.82203883495146,18.95114583333333,43451.2562442158,2.156,5495303.0,7.48576881313547,6485.0,3118.0,15409.0,19381.0
Finland,2017,120.89291262135922,18.822916666666668,46085.0174739036,1.488,5508214.0,7.4690708081074,6446.0,2761.0,14955.0,19347.0
Finland,2018,122.71388349514562,18.910208333333333,49654.2497035329,2.161,5515525.0,7.47565148723348,6782.0,2292.0,13263.0,18698.0
Finland,2019,123.61485436893204,18.2265625,48358.1807773701,1.451,5521606.0,7.48198598361465,6915.0,2633.0,16286.0,19017.0
Finland,2020,124.20611650485436,18.209062499999998,48828.6846862799,3.319,5529543.0,7.46857932486675,7019.0,3041.0,14951.0,18907.0
Finland,2021,123.30582524271844,17.995208333333334,53099.1351400148,1.941,5541017.0,7.46181004166177,6724.0,2688.0,13133.0,18445.0
Finland,2022,127.3760396039604,18.055729166666666,50440.560224974,2.055,5556106.0,7.45522996225995,7421.0,2346.0,15003.0,17980.0
Finland,2023,131.66123711340205,17.35125,52834.2916752703,1.884,5583911.0,7.44176865377023,6489.0,2603.0,13629.0,17930.0
France,2010,131.9231067961165,16.517777777777777,40694.8211697025,0.349,65026211.0,53.6715836348455,70679.0,126253.0,329599.0,291082.0
France,2011,131.40291262135923,16.572525252525253,43929.7840873812,1.484,65340830.0,53.5830782076259,72702.0,123413.0,346535.0,308143.0
France,2012,130.1188349514563,16.188181818181818,40863.5814412333,1.174,65657659.0,53.5203636700993,72588.0,117666.0,334262.0,292076.0
France,2013,130.33165048543688,16.150909090909092,42669.1795111893,0.668,65997932.0,53.3884404861304,74034.0,125092.0,332426.0,299279.0
France,2014,129.07514563106795,16.233232323232322,43148.0459288416,2.016,66312067.0,53.3750811763614,75026.0,123979.0,360495.0,299534.0
France,2015,128.54339805825242,16.383131313131315,36702.4323733379,1.567,66548272.0,53.301604972632,74849.0,130804.0,355168.0,292879.0
France,2016,130.13067961165046,16.92131313131313,37024.2157133669,1.741,66724104.0,53.2851303460432,78867.0,120051.0,318129.0,292401.0
France,2017,130.12271844660194,16.96181818181818,38687.1626407164,1.74,66918020.0,53.2470526022822,79450.0,112090.0,375133.0,320655.0
France,2018,129.62893203883496,16.7010101010101,41418.1766484844,1.99,67158348.0,53.1776602653307,77573.0,123369.0,350780.0,307235.0
France,2019,129.9654368932039,17.257676767676767,40408.2848574751,1.952,67382061.0,52.915574914185,79625.0,121545.0,354555.0,299794.0
France,2020,133.53455445544554,17.437878787878788,39169.8606000707,2.481,67601110.0,52.729670655905,79162.0,119823.0,302778.0,274476.0
France,2021,130.98999999999998,17.690808080808083,43725.0999521245,1.27,67842811.0,52.7417272474256,83221.0,117302.0,341849.0,295262.0
France,2022,132.62718446601943,17.476969696969697,40988.6396406579,2.869,68184457.0,52.6738892290565,84241.0,126561.0,323867.0,285922.0
France,2023,131.05106796116505,17.310909090909092,44700.1384177544,2.587,68372286.0,52.5043974394656,82187.0,109435.0,331606.0,290572.0
French Polynesia,2010,117.5458,16.4522,22494.806706186,0.6,270580.0,9.22048401037165,412.0,20.0,312.0,731.0
French Polynesia,2011,117.5959,16.3517,22831.5185348524,0.036,271727.0,9.43030826851052,418.0,21.0,319.0,721.0
French Polynesia,2012,117.11470000000001,16.4064,20846.5457478364,0.548,273084.0,9.35205992509363,415.0,22.0,328.0,716.0
French Polynesia,2013,117.27969999999999,16.133699999999997,21955.6329264095,0.36,274728.0,9.21074618265629,405.0,19.0,321.0,709.0
French Polynesia,2014,116.1133,16.5172,22258.6321384251,0.498,276387.0,9.06940363007779,417.0,18.0,359.0,756.0
French Polynesia,2015,116.02789999999999,16.4128,19166.9594761931,0.568,277866.0,8.92808988764045,418.0,22.0,414.0,799.0
French Polynesia,2016,113.56663366336633,16.148316831683168,19690.0775734589,1.015,279178.0,8.78674733506194,425.0,20.0,446.0,814.0
French Polynesia,2017,113.16811881188119,16.45989898989899,20826.9312492172,0.76,280087.0,8.93353500432152,424.0,18.0,453.0,837.0
French Polynesia,2018,112.61362745098039,15.87264705882353,21925.616043938,0.489,279815.0,9.08029386343993,463.0,20.0,325.0,755.0
French Polynesia,2019,116.08460784313725,16.427156862745097,21582.5892046801,0.716,279034.0,8.93898012100259,426.0,31.0,323.0,712.0
French Polynesia,2020,115.41390476190477,16.21390476190476,19966.4838503859,0.687,279209.0,9.085738980121,425.0,17.0,324.0,748.0
French Polynesia,2021,119.2657281553398,16.537307692307692,21426.3854449835,0.646,279792.0,8.94442523768367,417.0,16.0,334.0,718.0
French Polynesia,2022,115.45457142857143,15.723809523809523,20053.9569369322,0.214,280378.0,8.80308268510516,438.0,16.0,303.0,689.0
French Polynesia,2023,113.21904761904761,16.46038095238095,21832.2831795569,0.867,281118.0,8.66176894266782,438.0,16.0,297.0,703.0
Gabon,2010,101.66104761904762,15.075192307692307,8356.74662013345,1.01,1719879.0,8.21822486125665,1013.0,7.0,2917.0,3973.0
Gabon,2011,103.47695238095238,15.239711538461538,10219.1139339454,0.466,1781985.0,8.26433810688089,1091.0,4.0,3102.0,4215.0
Gabon,2012,105.16307692307693,15.113076923076923,9296.96587941088,0.484,1846889.0,8.31045135250514,1148.0,2.0,3152.0,4335.0
Gabon,2013,104.5685576923077,15.042761904761905,9197.70106323947,0.618,1913059.0,8.35656459812939,1319.0,2.0,3287.0,4534.0
Gabon,2014,101.43037383177571,15.036635514018693,9201.36276648105,0.711,1978399.0,8.35656459812939,1265.0,3.0,3401.0,4685.0
Gabon,2015,102.30528301886791,14.860566037735849,7047.12654634355,0.858,2040989.0,8.35656459812939,1389.0,6.0,3384.0,4710.0
Gabon,2016,100.46980952380952,14.236355140186916,6677.07003901644,1.416,2100306.0,8.35656459812939,1312.0,6.0,3421.0,4716.0
Gabon,2017,96.85,13.896355140186916,6921.73373135624,1.186,2156900.0,8.35656459812939,1282.0,15.0,3456.0,4745.0
Gabon,2018,97.64177570093457,14.025188679245284,7624.2775233771,0.912,2212318.0,8.35656459812939,1298.0,16.0,3514.0,4813.0
Gabon,2019,96.55816513761468,13.517522935779818,7441.1786472281,1.393,2267706.0,8.35656459812939,1337.0,79.0,3955.0,5275.0
Gabon,2020,97.57814814814816,14.154579439252336,6605.80346077565,1.283,2322539.0,8.35656459812939,1578.0,117.0,4177.0,5523.0
Gabon,2021,95.88302752293578,13.638440366972477,8181.40914134656,1.021,2376722.0,8.35656459812939,1506.0,214.0,4576.0,5855.0
Gabon,2022,96.96916666666667,13.601296296296297,8409.2074145028,0.895,2430747.0,8.35656459812939,1364.0,229.0,4902.0,6123.0
Gabon,2023,98.7975,13.644814814814815,7802.82433276138,1.213,2484789.0,8.35656459812939,1517.0,210.0,5016.0,6290.0
"Gambia, The",2010,107.90295918367347,11.182736842105264,801.033372714536,1.405,1926630.0,63.6363636363636,2023.0,138.0,1547.0,2556.0
"Gambia, The",2011,107.00275510204082,10.542916666666667,710.608411468152,1.129,1983784.0,63.6363636363636,1334.0,187.0,1066.0,2456.0
"Gambia, The",2012,106.51183673469387,10.451875,692.579361628102,0.991,2043094.0,63.6363636363636,1348.0,131.0,1212.0,2459.0
"Gambia, The",2013,105.21530612244898,10.133229166666668,653.862713272743,1.106,2103820.0,63.6363636363636,1210.0,145.0,1202.0,2499.0
"Gambia, The",2014,101.2097,10.355555555555556,568.00453558864,1.281,2164528.0,63.6363636363636,1789.0,59.0,1072.0,2671.0
"Gambia, The",2015,100.50060606060606,10.698899999999998,619.536364296461,1.269,2224529.0,63.6363636363636,1742.0,90.0,1167.0,2805.0
"Gambia, The",2016,102.03161616161616,10.9133,650.056501323611,1.684,2283769.0,63.6363636363636,1847.0,100.0,1071.0,2903.0
"Gambia, The",2017,96.61941176470589,10.67116504854369,642.522641296331,1.791,2342189.0,62.6482213438735,2066.0,37.0,950.0,2971.0
"Gambia, The",2018,93.04058823529411,11.335643564356436,696.219806960615,1.075,2399632.0,62.6482213438735,2520.0,35.0,757.0,3073.0
"Gambia, The",2019,92.8225,11.34892156862745,738.186751987483,1.423,2456844.0,62.6482213438735,2204.0,28.0,795.0,3228.0
"Gambia, The",2020,91.33740384615385,11.240666666666666,720.335143352133,1.853,2515733.0,62.6482213438735,2954.0,38.0,818.0,3368.0
"Gambia, The",2021,89.63438095238095,10.968653846153845,781.890925169531,1.758,2576010.0,62.6482213438735,2340.0,56.0,808.0,3307.0
"Gambia, The",2022,92.71009615384615,11.110576923076923,836.244875868476,1.487,2636470.0,62.6482213438735,2587.0,68.0,863.0,3408.0
"Gambia, The",2023,91.49576923076923,10.872884615384615,883.024111719809,1.851,2697845.0,62.6482213438735,2715.0,128.0,902.0,3423.0
Georgia,2010,108.47323232323232,12.049157894736842,3281.72930937343,2.4,3786695.0,35.4007770902288,3221.0,561.0,3345.0,6386.0
Georgia,2011,109.3620202020202,12.613157894736842,4119.66818307193,0.419,3756441.0,35.147503237876,3087.0,431.0,3990.0,6608.0
Georgia,2012,108.01861386138613,12.580104166666667,4530.69533409431,1.226,3728874.0,35.0410130954094,3601.0,768.0,3803.0,6550.0
Georgia,2013,109.6986,13.014791666666667,4712.00229382665,1.319,3717668.0,35.7763707008203,3319.0,893.0,4607.0,6897.0
Georgia,2014,107.4036274509804,12.193917525773195,4830.33486170249,1.157,3719414.0,34.7675924593467,3161.0,638.0,4113.0,6532.0
Georgia,2015,108.20087378640777,12.023061224489796,4086.6223465965,1.672,3725276.0,34.7978126349115,3181.0,482.0,3778.0,6349.0
Georgia,2016,105.86,11.718367346938777,4143.40125686315,1.301,3727505.0,34.4510001439056,3127.0,632.0,4029.0,6341.0
Georgia,2017,109.88735294117647,11.767010309278351,4418.75206546679,0.733,3728004.0,34.3186069938121,3236.0,833.0,3646.0,6382.0
Georgia,2018,111.54912621359223,12.312653061224491,4804.0546040444,2.43,3726549.0,34.1660670600086,3507.0,836.0,4539.0,7002.0
Georgia,2019,111.43085714285714,12.418700000000001,4741.2832715876,1.677,3720161.0,34.1430421643402,3586.0,746.0,4670.0,7347.0
Georgia,2020,110.63622641509434,12.745445544554455,4300.85701291207,1.95,3722716.0,34.2193121312419,3395.0,971.0,4898.0,7210.0
Georgia,2021,114.18401960784314,12.566099999999999,5083.60695484577,1.695,3708610.0,34.2480932508275,3097.0,1239.0,5068.0,7095.0
Georgia,2022,112.63776699029127,12.450000000000001,6729.84659930283,1.586,3712502.0,34.3056554899986,3998.0,1333.0,4803.0,7351.0
Georgia,2023,112.52922330097087,12.694455445544554,8283.66960652261,2.031,3715483.0,34.1329687724852,3989.0,1242.0,4734.0,7355.0
Germany,2010,133.9362857142857,17.168400000000002,42396.9665976293,0.188,81776930.0,47.9100324181656,140026.0,100054.0,277749.0,320141.0
Germany,2011,135.17666666666665,17.8127,47630.9761883572,1.113,80274983.0,47.9659169153087,149479.0,94679.0,292197.0,343874.0
Germany,2012,133.5218095238095,17.5999,44718.0159214069,1.342,80425823.0,47.8108681930338,154545.0,101630.0,295274.0,340595.0
Germany,2013,133.04161904761906,17.4136,47206.8353514242,0.577,80645605.0,47.8588626461821,156950.0,106883.0,285440.0,335160.0
Germany,2014,132.1882857142857,17.6548,48959.5991203133,2.51,80982500.0,47.9363714531384,162771.0,108799.0,312329.0,346100.0
Germany,2015,132.6815238095238,17.8764,41929.7549110722,1.665,81686611.0,47.9590666743106,164833.0,113750.0,283902.0,339280.0
Germany,2016,131.59809523809525,17.7305,42948.9381932694,1.979,82348669.0,47.6843370735058,164950.0,114601.0,285789.0,333921.0
Germany,2017,131.1277142857143,17.7711,45553.9341495339,1.642,82657002.0,47.7631164667831,169748.0,110916.0,303807.0,354623.0
Germany,2018,132.2357142857143,17.6024,48916.1686612154,2.387,82905782.0,47.6415364359723,171902.0,104478.0,264920.0,330751.0
Germany,2019,132.69466666666668,17.5534,47656.199739747,2.321,83092962.0,47.7002776267209,172452.0,102545.0,285855.0,355283.0
Germany,2020,133.11971428571428,18.0034,47394.8734504469,2.506,83160871.0,47.4970663155786,176883.0,111145.0,286122.0,351142.0
Germany,2021,132.32409523809525,17.8028,52349.2459994422,1.319,83196078.0,47.4856177910072,172448.0,112269.0,290460.0,348752.0
Germany,2022,131.83838095238093,17.717,50506.5179638543,2.593,83177813.0,47.5011449507671,172393.0,108158.0,282386.0,344402.0
Germany,2023,129.13314285714284,17.421400000000002,54776.7668235491,2.461,83287273.0,47.4658729931603,170909.0,107902.0,289630.0,350549.0
Ghana,2010,110.8656603773585,15.848691588785046,1263.89251760539,1.228,25474995.0,54.4978377428144,5838.0,1426.0,69994.0,75527.0
Ghana,2011,109.84,16.216822429906543,1507.43573198753,0.837,26095088.0,54.0909101696405,8022.0,2877.0,72757.0,79189.0
Ghana,2012,109.56018867924527,16.108317757009345,1543.77524235764,0.571,26734268.0,54.277658433682,6754.0,2312.0,75424.0,81132.0
Ghana,2013,107.70766355140186,16.209166666666665,2294.79584693743,0.791,27386193.0,54.7731216489409,8541.0,2873.0,79190.0,85549.0
Ghana,2014,107.4240186915888,16.102037037037036,1949.90832923846,0.799,28041592.0,54.3845249186956,8417.0,3218.0,83987.0,87230.0
Ghana,2015,106.02415094339622,15.789537037037038,1722.77282833606,1.111,28696068.0,54.564096422607,9331.0,2951.0,83758.0,88703.0
Ghana,2016,104.2673831775701,15.547037037037036,1912.47991339951,1.171,29356742.0,54.3110758547948,8413.0,3759.0,85360.0,89216.0
Ghana,2017,107.79373831775702,15.954629629629629,2012.28662641265,1.268,30008354.0,53.1069873428848,11035.0,4615.0,90546.0,94544.0
Ghana,2018,113.03533333333334,16.739716981132073,2195.32166016377,0.982,30637585.0,53.694038850312,10938.0,4950.0,97274.0,101479.0
Ghana,2019,113.25420560747665,16.38898148148148,2186.65822682613,1.227,31258945.0,54.8490737607292,11914.0,5664.0,95463.0,100162.0
Ghana,2020,114.55355140186916,16.319074074074074,2195.45481659987,1.187,31887809.0,55.393750274689,12296.0,4515.0,98148.0,104617.0
Ghana,2021,117.26766355140187,16.697222222222223,2445.18662529344,1.403,32518665.0,55.393019913595,14795.0,4904.0,113987.0,119117.0
Ghana,2022,117.09317757009345,16.366666666666667,2229.89122647803,0.894,33149152.0,55.393019913595,9495.0,4119.0,117034.0,121809.0
Ghana,2023,116.64168224299065,16.309444444444445,2383.90410483418,1.272,33787914.0,55.393019913595,9123.0,5115.0,120227.0,122077.0
Greece,2010,135.1891,19.994693877551022,26653.0488008626,1.633,11121341.0,58.0993017843289,14522.0,8958.0,37116.0,43372.0
Greece,2011,136.7219191919192,20.241020408163266,25504.7866510124,0.441,11104899.0,57.377812257564,15189.0,8507.0,38262.0,44559.0
Greece,2012,135.2122,20.122857142857143,21624.346052551,1.286,11045011.0,56.5011636927851,13685.0,9127.0,39130.0,43783.0
Greece,2013,135.9163,20.08,21573.3449762805,1.374,10965211.0,55.4926299456943,14443.0,8897.0,39517.0,44446.0
Greece,2014,132.8524,18.149183673469388,21474.7257123892,1.123,10892413.0,48.1070597362296,14431.0,9033.0,35844.0,41654.0
Greece,2015,131.5882,18.10214285714286,17980.7298238137,0.961,10820883.0,48.0915438324282,14330.0,8793.0,37742.0,42470.0
Greece,2016,129.4205,17.323775510204083,17919.2426377048,1.626,10775971.0,47.6027928626843,15521.0,10506.0,35643.0,40428.0
Greece,2017,130.4802,17.612551020408162,18631.9930129293,0.715,10754679.0,46.9630783553142,16480.0,9350.0,35282.0,41178.0
Greece,2018,129.9326,17.90704081632653,19873.4015238771,2.002,10732882.0,46.1108642358417,16837.0,10271.0,34367.0,40222.0
Greece,2019,130.44439999999997,17.902755102040818,19335.3602002969,1.475,10721582.0,45.4892645461598,16490.0,10862.0,35035.0,39616.0
Greece,2020,128.1355,17.28265306122449,17886.733165236,1.351,10698599.0,43.6358456167572,15131.0,11900.0,35297.0,38318.0
Greece,2021,129.5284,17.680714285714288,20654.7001960815,1.718,10570130.0,44.3128673390225,16695.0,12511.0,34399.0,37487.0
Greece,2022,129.2842,18.17438775510204,20886.5243087629,1.109,10437805.0,41.6760170674942,16926.0,12746.0,33403.0,37615.0
Greece,2023,130.39170000000001,17.376632653061225,23343.7103964562,1.909,10407351.0,41.6760178432894,17156.0,13295.0,32646.0,36778.0
Grenada,2010,94.8126,11.97469387755102,6909.60169568597,1.488,111586.0,29.4117647058824,132.0,4.0,96.0,210.0
Grenada,2011,96.70808080808081,11.892020202020202,6947.38136096464,0.975,112079.0,29.4117647058824,134.0,6.0,101.0,218.0
Grenada,2012,95.36219999999999,11.996767676767677,7092.71985352677,0.92,112775.0,23.5294117647059,117.0,8.0,105.0,216.0
Grenada,2013,95.07060000000001,12.501313131313132,7424.80212287327,1.097,113487.0,23.5294117647059,103.0,6.0,112.0,213.0
Grenada,2014,93.69359223300971,13.013823529411766,7986.33421210788,0.956,114132.0,23.5294117647059,124.0,14.0,124.0,230.0
Grenada,2015,94.48807692307693,14.226057692307693,8694.12438005692,1.117,114676.0,23.5294117647059,144.0,25.0,135.0,251.0
Grenada,2016,97.2033009708738,16.22069306930693,9221.23461079424,1.206,115130.0,23.5294117647059,183.0,36.0,131.0,278.0
Grenada,2017,95.54857142857144,14.632952380952382,9751.42661155932,1.178,115438.0,23.5294117647059,165.0,32.0,118.0,268.0
Grenada,2018,100.45745098039215,15.782475247524753,10083.021279225,0.859,115691.0,23.5294117647059,179.0,33.0,119.0,262.0
Grenada,2019,96.10409523809524,14.223942307692308,10462.7929159533,1.09,115981.0,23.5294117647059,155.0,34.0,114.0,249.0
Grenada,2020,96.32009345794393,14.015185185185187,8968.55890108484,1.346,116341.0,23.5294117647059,147.0,27.0,97.0,217.0
Grenada,2021,101.10076190476191,14.00695238095238,9617.28902905373,1.023,116688.0,23.5294117647059,194.0,33.0,107.0,256.0
Grenada,2022,101.29047619047618,13.905188679245283,10469.3867012856,0.945,116913.0,23.5294117647059,156.0,31.0,103.0,247.0
Grenada,2023,103.28238095238095,14.176981132075472,11414.4781691181,1.219,117081.0,23.5294117647059,224.0,27.0,102.0,253.0
Guatemala,2010,93.32561904761906,7.922285714285715,2805.25960237322,0.783,14500112.0,40.287420679358,5204.0,11025.0,72096.0,67039.0
Guatemala,2011,93.71533333333332,7.974095238095238,3168.98370607705,0.53,14792126.0,40.0783874580067,5310.0,10738.0,69698.0,64720.0
Guatemala,2012,92.84528301886793,7.7995283018867925,3286.61959336267,0.629,15089647.0,39.7760358342665,5645.0,12544.0,79619.0,72539.0
Guatemala,2013,92.60811320754716,7.916603773584906,3444.15802275864,0.735,15387337.0,39.408361328854,5669.0,13880.0,86698.0,78638.0
Guatemala,2014,95.42300970873787,8.093557692307693,3689.14510410202,0.748,15681725.0,39.9860022396417,6319.0,14810.0,100353.0,92604.0
Guatemala,2015,96.88815533980582,8.382788461538462,3893.50533299068,1.184,15971743.0,41.6573348264278,6886.0,15535.0,104908.0,95406.0
Guatemala,2016,95.57056603773584,8.127289719626168,4060.13784737643,1.472,16268760.0,41.9354236655468,7061.0,16572.0,105367.0,96586.0
Guatemala,2017,99.96825242718447,8.58173076923077,4324.99768915601,1.098,16567357.0,42.2135125046659,7516.0,16196.0,91523.0,82764.0
Guatemala,2018,100.20764705882353,8.532692307692308,4352.94593289707,0.893,16845685.0,42.491601343785,7645.0,16211.0,96696.0,88074.0
Guatemala,2019,98.38849056603775,9.194672897196263,4511.99839552697,1.405,17103803.0,42.7696901829041,8642.0,17725.0,99745.0,91312.0
Guatemala,2020,103.14519230769231,9.782190476190477,4477.61785000665,1.692,17357325.0,43.0384471817842,9379.0,16928.0,95605.0,87596.0
Guatemala,2021,105.43563106796117,10.081634615384615,4912.62240414681,1.421,17598650.0,43.0384471817842,9867.0,16454.0,93127.0,85797.0
Guatemala,2022,106.8347572815534,11.108653846153846,5358.70156997677,1.095,17847877.0,43.0384471817842,10795.0,17290.0,100178.0,91871.0
Guatemala,2023,106.36742857142858,10.11679245283019,5758.32760847852,1.769,18124838.0,43.0384471817842,10837.0,16985.0,96977.0,89854.0
Guinea,2010,99.4040206185567,10.59326530612245,659.235326211315,1.308,10396086.0,61.2889772912258,1707.0,105.0,16474.0,18623.0
Guinea,2011,101.36704081632652,10.715102040816326,636.694958747648,1.091,10656810.0,61.4914850236041,1616.0,123.0,17162.0,19026.0
Guinea,2012,104.00701030927836,10.890102040816327,699.353377212197,0.569,10921581.0,63.3314846166368,2334.0,132.0,17970.0,20038.0
Guinea,2013,103.8991919191919,10.924545454545454,748.455020824734,1.062,11191873.0,63.6899243040859,2429.0,127.0,18661.0,21203.0
Guinea,2014,103.59079207920792,10.9771568627451,765.146999389279,0.902,11472924.0,65.2257594009442,4147.0,102.0,19167.0,21256.0
Guinea,2015,102.90188118811881,11.408265306122448,747.356966759448,1.215,11767070.0,66.0886985186391,3472.0,148.0,19852.0,22685.0
Guinea,2016,100.63605769230769,10.808952380952382,711.996509782316,1.214,12073030.0,66.5092104834771,4243.0,373.0,20574.0,23343.0
Guinea,2017,101.97980769230769,11.119320388349514,833.598621691121,1.529,12385659.0,67.2847460524174,3863.0,370.0,21843.0,24577.0
Guinea,2018,104.23124999999999,11.081037735849057,933.273615633705,1.222,12704774.0,67.9785214878724,4865.0,207.0,22707.0,25959.0
Guinea,2019,109.54534653465346,11.660196078431374,1031.34146480732,1.438,13034346.0,67.9118492593196,3918.0,224.0,24777.0,28447.0
Guinea,2020,106.09688679245284,11.80311320754717,1053.66097696415,1.503,13371183.0,69.0970645450106,4441.0,222.0,25200.0,29601.0
Guinea,2021,105.71305555555556,11.964862385321101,1244.96550477914,1.776,13710513.0,70.5533212599707,5340.0,240.0,26964.0,31355.0
Guinea,2022,107.95869158878504,12.207037037037036,1416.59612011764,1.405,14055137.0,71.948919501872,4943.0,297.0,29761.0,33718.0
Guinea,2023,109.76981308411214,12.195833333333333,1555.49375806861,1.683,14405468.0,73.2292487384014,5359.0,345.0,31135.0,35021.0
Guinea-Bissau,2010,108.63819277108433,10.317088607594936,600.194298540768,1.373,1566347.0,26.5849928876245,289.0,136.0,1800.0,1830.0
Guinea-Bissau,2011,107.13843373493975,9.947215189873416,719.539573498937,1.141,1608076.0,26.8852773826458,261.0,290.0,1729.0,1814.0
Guinea-Bissau,2012,106.5932530120482,10.154230769230768,635.461653303881,0.869,1651417.0,27.1855618776671,273.0,230.0,1860.0,1890.0
Guinea-Bissau,2013,105.07915662650602,9.684871794871794,654.304534409417,1.173,1695973.0,27.4858463726885,327.0,402.0,1888.0,1895.0
Guinea-Bissau,2014,84.47802083333333,9.656774193548388,652.022501029449,1.27,1741122.0,27.7861308677098,571.0,266.0,1869.0,2168.0
Guinea-Bissau,2015,88.87144329896908,9.788617021276595,645.066837207039,1.266,1786457.0,28.0864153627312,589.0,264.0,1973.0,2283.0
Guinea-Bissau,2016,93.39595959595958,10.0365306122449,679.665386626818,1.625,1831893.0,28.2661948790896,657.0,335.0,2088.0,2414.0
Guinea-Bissau,2017,104.59949494949495,10.246666666666668,783.123186602022,1.731,1877072.0,28.2675711237553,720.0,253.0,2129.0,2602.0
Guinea-Bissau,2018,103.11009708737865,10.575148514851485,808.531613218504,1.176,1922168.0,28.8265931721195,769.0,170.0,2196.0,2789.0
Guinea-Bissau,2019,97.11038834951457,10.115490196078431,811.216425885129,1.497,1967696.0,29.0523897581792,887.0,278.0,2136.0,2753.0
Guinea-Bissau,2020,104.12417475728155,10.937378640776698,846.915855715971,1.798,2013255.0,29.3353982930299,1047.0,300.0,2297.0,3050.0
Guinea-Bissau,2021,96.43961538461538,9.507019230769231,926.780921081233,1.779,2058841.0,29.8490327169275,746.0,244.0,2387.0,2887.0
Guinea-Bissau,2022,92.48266666666667,9.401238095238096,883.199131457831,1.481,2105529.0,29.6239118065434,755.0,318.0,2441.0,2878.0
Guinea-Bissau,2023,97.14133333333334,9.897809523809524,988.087886357022,1.788,2153339.0,29.8908428165007,833.0,187.0,2473.0,3113.0
Guyana,2010,100.3343137254902,14.823900000000002,4581.76179693492,1.365,749256.0,3.65252730505461,566.0,998.0,8023.0,7685.0
Guyana,2011,100.9228431372549,13.0443,4947.22170589917,1.051,746153.0,3.65252730505461,497.0,1087.0,8964.0,8602.0
Guyana,2012,104.59058823529412,13.8649,5444.39751913913,1.136,746288.0,3.65252730505461,616.0,1083.0,7991.0,7755.0
Guyana,2013,104.23598039215686,14.0078,5556.91231156932,1.084,750021.0,3.65252730505461,533.0,1191.0,7770.0,7093.0
Guyana,2014,108.97594059405941,15.6994,5472.68820452237,1.285,754229.0,3.65252730505461,545.0,1782.0,8440.0,7427.0
Guyana,2015,115.81732673267327,20.92727272727273,5640.41560569466,1.764,758781.0,3.65252730505461,589.0,1385.0,9053.0,8044.0
Guyana,2016,116.4592079207921,20.0154,5870.87823759835,1.943,763548.0,3.65252730505461,579.0,1429.0,7669.0,6854.0
Guyana,2017,116.10135922330097,21.204356435643565,6178.6650437298,1.451,768479.0,3.65252730505461,577.0,1053.0,6862.0,6141.0
Guyana,2018,118.17378640776698,22.901,6048.38697180418,1.272,791556.0,3.65252730505461,623.0,733.0,5738.0,5252.0
Guyana,2019,114.95457142857143,21.236250000000002,6405.82443444562,1.286,807665.0,3.65252730505461,477.0,1125.0,5539.0,4876.0
Guyana,2020,116.236,21.507499999999997,6775.70939096303,1.574,807481.0,3.40532348204982,560.0,1979.0,5793.0,5023.0
Guyana,2021,121.14039215686275,22.9065,9860.87014834386,1.127,815482.0,3.41005967604433,788.0,1496.0,6247.0,5560.0
Guyana,2022,124.59882352941176,24.518,17913.4928066879,1.173,821637.0,3.41005967604433,817.0,1276.0,6025.0,5499.0
Guyana,2023,127.55058823529411,25.2823,20473.7002190617,1.963,826353.0,3.41005967604433,881.0,1422.0,5991.0,5357.0
Haiti,2010,88.77319587628865,9.111134020618556,1209.72733503094,1.036,9803294.0,71.988388969521,3310.0,28.0,10477.0,13156.0
Haiti,2011,87.56551020408163,9.105979381443298,1312.03953552013,0.411,9914904.0,72.8955007256894,2605.0,31.0,10831.0,13439.0
Haiti,2012,86.75591836734694,9.011134020618558,1361.39396587374,0.675,10069771.0,73.4397677793904,2743.0,31.0,10711.0,13618.0
Haiti,2013,88.86721649484537,9.23041237113402,1457.83221179626,0.929,10222362.0,75.0362844702467,2676.0,30.0,11844.0,14331.0
Haiti,2014,80.53572727272727,9.04392523364486,1460.18898613914,1.233,10373235.0,75.0362844702467,4106.0,36.0,12304.0,15870.0
Haiti,2015,82.80906542056074,9.167692307692308,1411.12684746796,1.28,10523242.0,75.0362844702467,4093.0,36.0,11803.0,15583.0
Haiti,2016,80.93906542056074,8.603592233009708,1318.40268167953,1.22,10671457.0,75.0362844702467,4144.0,32.0,11127.0,14947.0
Haiti,2017,79.76339449541285,8.228285714285715,1395.23945184461,0.99,10817754.0,72.9317851959361,4668.0,32.0,10852.0,14821.0
Haiti,2018,82.67873786407768,8.24049504950495,1496.38048970156,1.166,10962362.0,72.3875181422351,4294.0,25.0,10200.0,14575.0
Haiti,2019,78.9770093457944,7.857087378640776,1352.17204191532,1.435,11105163.0,64.9492017416546,4337.0,40.0,9799.0,14409.0
Haiti,2020,77.08412844036697,7.823238095238095,1290.32538667383,1.466,11243848.0,64.9492017416546,4678.0,43.0,9415.0,14019.0
Haiti,2021,77.17351851851852,7.875865384615385,1841.33189337222,0.957,11374586.0,65.1306240928882,4075.0,43.0,9698.0,14042.0
Haiti,2022,69.36645454545454,7.074150943396226,1760.62635668777,0.973,11503606.0,65.1306240928882,3599.0,35.0,9533.0,13307.0
Haiti,2023,71.0490909090909,7.2636792452830194,1705.75808460999,1.482,11637398.0,65.1306240928882,4132.0,17.0,9449.0,13624.0
Honduras,2010,99.27582524271844,8.859134615384615,1893.32722662035,0.651,8365878.0,29.207257127536,3331.0,3579.0,22286.0,22282.0
Honduras,2011,100.28990291262137,9.17875,2073.66121088074,0.481,8540583.0,29.591563142372,3946.0,3691.0,22830.0,23179.0
Honduras,2012,99.99932038834952,9.038076923076924,2126.03474686503,0.499,8715076.0,30.0116185539369,4198.0,4379.0,24729.0,24833.0
Honduras,2013,99.83504854368933,8.514134615384616,2081.12843527945,0.746,8889278.0,30.1188667441237,3920.0,4782.0,24887.0,24151.0
Honduras,2014,96.99923076923076,7.438952380952381,2179.88171977271,0.549,9063122.0,30.1635534900349,3785.0,5002.0,24438.0,23331.0
Honduras,2015,97.71557692307692,7.692857142857143,2271.20265980349,1.028,9237305.0,30.1635534900349,4429.0,5358.0,24857.0,23596.0
Honduras,2016,100.1504854368932,8.095769230769232,2307.34468351082,1.188,9412380.0,30.6014835999643,4665.0,5303.0,26199.0,25585.0
Honduras,2017,99.1285576923077,8.090095238095238,2413.0076562942,0.853,9588137.0,31.1734739476271,4667.0,5776.0,27512.0,26830.0
Honduras,2018,98.85742857142857,8.207452830188679,2464.64241531918,0.642,9765210.0,31.361158280454,6507.0,5616.0,28202.0,28037.0
Honduras,2019,100.96893203883495,8.2325,2502.32744328073,1.117,9943633.0,31.361158280454,5582.0,5100.0,27289.0,27864.0
Honduras,2020,98.33247619047619,7.8106603773584915,2307.61494319511,1.541,10119640.0,31.6203414067388,5120.0,5501.0,26309.0,26612.0
Honduras,2021,99.95628571428571,8.235377358490567,2735.14751503977,0.981,10289877.0,31.9599606756636,5614.0,4176.0,24809.0,26638.0
Honduras,2022,99.73346153846154,8.522380952380953,3003.28996826399,0.709,10463872.0,31.9599606756636,7618.0,5692.0,26794.0,28542.0
Honduras,2023,99.6214423076923,8.425238095238095,3227.45762509776,1.453,10644851.0,31.9599606756636,6739.0,5554.0,26528.0,27610.0
"Hong Kong SAR, China",2010,114.42570093457944,15.589615384615383,32550.136489179,0.365,7024200.0,5.23809523809524,19532.0,7582.0,1077.0,13223.0
"Hong Kong SAR, China",2011,115.02112149532711,15.81673076923077,35142.4879344543,0.324,7071600.0,5.23809523809524,21010.0,8338.0,1058.0,13642.0
"Hong Kong SAR, China",2012,113.2241121495327,16.09269230769231,36730.796195815,0.53,7150100.0,4.85714285714286,20571.0,7559.0,1018.0,13825.0
"Hong Kong SAR, China",2013,112.93411214953272,15.645673076923076,38403.7777145477,0.769,7178900.0,4.85714285714286,20748.0,8155.0,1050.0,13495.0
"Hong Kong SAR, China",2014,115.0020754716981,16.273009708737863,40315.3739510191,0.677,7229500.0,4.85714285714286,22395.0,7683.0,997.0,14580.0
"Hong Kong SAR, China",2015,112.96084905660378,16.129320388349512,42432.1619740441,1.147,7291300.0,4.85714285714286,21108.0,7155.0,1007.0,14142.0
"Hong Kong SAR, China",2016,114.32603773584906,16.299708737864076,43734.1980702999,0.724,7336600.0,4.76190476190476,22341.0,7950.0,972.0,14342.0
"Hong Kong SAR, China",2017,116.22443396226414,16.552330097087378,46160.429791493,1.272,7393200.0,4.85714285714286,22527.0,8251.0,950.0,14460.0
"Hong Kong SAR, China",2018,117.02594339622641,16.185728155339806,48537.5668888343,1.079,7452600.0,4.76190476190476,21685.0,7987.0,923.0,14617.0
"Hong Kong SAR, China",2019,119.89625,16.399019607843137,48359.0011950597,1.654,7507900.0,4.76190476190476,21100.0,6970.0,958.0,14749.0
"Hong Kong SAR, China",2020,116.57240384615385,15.704807692307693,46109.2299946609,1.741,7481000.0,3.80952380952381,18971.0,4661.0,960.0,14960.0
"Hong Kong SAR, China",2021,114.15298076923078,15.898557692307692,49770.5642374739,1.837,7413100.0,3.80952380952381,18311.0,4538.0,890.0,14560.0
"Hong Kong SAR, China",2022,108.93653846153846,15.019423076923077,48825.8441873536,1.238,7346100.0,3.80952380952381,15470.0,3708.0,926.0,13039.0
"Hong Kong SAR, China",2023,105.85817307692308,15.169615384615385,50562.3633144379,1.281,7536100.0,3.80952380952381,15716.0,3540.0,935.0,13194.0
Hungary,2010,115.62757281553398,12.77050505050505,13189.8433874768,0.817,10000023.0,59.0191096873964,6708.0,23042.0,42684.0,30892.0
Hungary,2011,116.19844660194175,13.373535353535354,14211.460557822,0.901,9971727.0,58.9528333149232,7891.0,20981.0,47733.0,31940.0
Hungary,2012,114.07466019417477,13.332828282828283,12950.1594488143,1.742,9920362.0,58.9638793770021,7586.0,23266.0,41192.0,31199.0
Hungary,2013,115.04631067961165,12.7089898989899,13739.4620151401,1.171,9872734.0,58.0691483486137,7952.0,21350.0,49238.0,32376.0
Hungary,2014,116.56796116504854,13.715959595959598,14352.501883174,2.221,9833038.0,57.6813499890423,8830.0,22435.0,57105.0,37569.0
Hungary,2015,120.53854368932038,13.984040404040405,12782.9412577973,2.069,9797755.0,57.6813499890423,8715.0,25086.0,51759.0,36618.0
Hungary,2016,121.40980582524273,14.029393939393941,13215.8605277789,1.896,9759755.0,57.8785886478194,9441.0,23510.0,59296.0,43640.0
Hungary,2017,122.77407766990291,14.045050505050506,14736.1668157258,1.341,9726756.0,58.1087004163927,9318.0,28690.0,54416.0,36857.0
Hungary,2018,124.98737864077668,14.265656565656565,16605.0570511887,2.527,9706964.0,58.031996493535,9358.0,23063.0,56296.0,41819.0
Hungary,2019,125.38145631067962,14.83212121212121,17012.8598553199,2.348,9694824.0,57.8347578347578,10175.0,25279.0,55569.0,43029.0
Hungary,2020,127.68796116504853,14.403434343434345,16386.9308821258,1.983,9670419.0,53.8754394039009,10140.0,29150.0,54581.0,40274.0
Hungary,2021,129.64893203883494,14.68828282828283,19030.628130329,1.429,9630932.0,55.2672430418584,11473.0,26603.0,50816.0,39014.0
Hungary,2022,132.11990291262137,14.452121212121211,18428.028825614,2.142,9605074.0,55.6214332675871,16582.0,22511.0,38364.0,37557.0
Hungary,2023,134.66766990291262,15.04929292929293,22230.6277875187,2.575,9592186.0,55.6985097523559,13215.0,23311.0,53705.0,40024.0
Iceland,2010,125.95871287128713,19.596288659793814,43776.4677400475,1.14,318041.0,18.6932668329177,669.0,2357.0,2604.0,927.0
Iceland,2011,125.2230693069307,19.271958762886598,48254.953927254,0.95,319014.0,18.6852867830424,634.0,2454.0,2773.0,968.0
Iceland,2012,127.01732673267327,19.888762886597938,46594.9869146614,0.674,320716.0,18.6753117206983,638.0,2869.0,3409.0,1152.0
Iceland,2013,127.56178217821783,19.705670103092785,50173.3360061057,0.662,323764.0,18.6753117206983,643.0,2875.0,3234.0,999.0
Iceland,2014,126.96441176470589,19.468265306122447,55140.364935793,1.582,327386.0,18.6753117206983,718.0,2243.0,2616.0,1092.0
Iceland,2015,129.70764705882354,19.73622448979592,53505.6964079339,0.339,330815.0,18.6733167082294,828.0,2667.0,3123.0,1241.0
Iceland,2016,131.2428846153846,19.912079207920794,62854.0906407932,1.333,335439.0,18.6733167082294,797.0,2175.0,2663.0,1232.0
Iceland,2017,133.27096153846153,20.820396039603963,72976.3729990975,1.617,343400.0,18.6733167082294,859.0,2427.0,2911.0,1231.0
Iceland,2018,134.02923076923076,20.817128712871288,75633.8651351915,0.746,352721.0,18.565903005058,882.0,2681.0,3064.0,1210.0
Iceland,2019,135.38451923076923,20.879009900990102,69296.3144361601,1.266,360563.0,18.565903005058,835.0,2053.0,2377.0,1164.0
Iceland,2020,134.81403846153847,20.21168316831683,60127.9393575616,0.711,366463.0,18.565903005058,817.0,2056.0,2365.0,1163.0
Iceland,2021,134.20326923076922,20.21,70425.4064277273,0.897,372520.0,18.565903005058,851.0,2060.0,2347.0,1164.0
Iceland,2022,135.16104761904762,20.79745098039216,76350.4550416502,1.244,382003.0,18.565903005058,868.0,2066.0,2360.0,1192.0
Iceland,2023,133.07367924528302,20.549417475728156,82138.7892973557,0.597,385663.0,16.2451651294258,885.0,2055.0,2362.0,1215.0
India,2010,89.41971153846154,8.34704761904762,1347.51939071367,1.2,1243481564.0,60.3974182611942,22396.0,34901.0,1980205.0,1980412.0
India,2011,90.65346153846154,8.508380952380952,1445.46127486037,0.415,1261224954.0,60.4300431523044,28093.0,52847.0,2170228.0,2136367.0
India,2012,90.40153846153846,8.548190476190475,1429.32199520032,0.559,1278674502.0,60.4206256579633,35885.0,81047.0,2247454.0,2204760.0
India,2013,91.70807692307692,8.791619047619047,1432.84397512195,0.482,1295829511.0,60.4394606466455,38572.0,89625.0,2260410.0,2222263.0
India,2014,92.77230769230769,8.96895238095238,1553.88396075118,0.57,1312277191.0,60.4495508191538,43159.0,81791.0,2313089.0,2282583.0
India,2015,90.76209523809524,8.72132075471698,1583.99815907985,0.775,1328024498.0,60.4317248477225,52570.0,67412.0,2298065.0,2286438.0
India,2016,93.50865384615385,9.000666666666667,1707.50892912243,1.171,1343944296.0,60.3990999566123,57054.0,64099.0,2308596.0,2319778.0
India,2017,94.99903846153846,9.198857142857143,1950.10468280866,1.075,1359657400.0,60.2840719900175,69311.0,69642.0,2309160.0,2294119.0
India,2018,95.36076923076924,9.23047619047619,1966.25455171679,0.986,1374659064.0,60.2437112999842,47587.0,71340.0,2557556.0,2486658.0
India,2019,95.31298076923076,9.38342857142857,2041.42863698585,0.903,1389030312.0,60.2198312250478,51359.0,69752.0,2618640.0,2571799.0
India,2020,94.75790476190475,9.534622641509433,1907.04251637669,0.619,1402617695.0,60.0459439188212,48513.0,94119.0,2611347.0,2550032.0
India,2021,95.96317307692308,9.699904761904762,2239.61384367482,0.838,1414203896.0,60.0507647678083,45616.0,138188.0,2772728.0,2675008.0
India,2022,96.71914285714286,9.753490566037737,2347.44829434623,0.867,1425423212.0,60.0555856504293,49059.0,150730.0,2915335.0,2814838.0
India,2023,99.46657142857143,10.024811320754718,2530.12031278204,0.948,1438069596.0,60.0604064994165,58356.0,111709.0,3075841.0,2970575.0
Indonesia,2010,95.39715596330274,10.074220183486238,3065.68348377765,0.755,246305322.0,26.568260667402,40497.0,51905.0,744987.0,725951.0
Indonesia,2011,97.74798165137615,10.374770642201835,3579.46442466152,0.3,249470032.0,27.0964207552627,56831.0,53935.0,771211.0,762162.0
Indonesia,2012,99.1245871559633,10.536788990825688,3632.27254030331,0.407,252698525.0,27.0919630640223,55116.0,59464.0,825585.0,809719.0
Indonesia,2013,100.35825688073393,10.498165137614679,3566.60284506078,0.75,255852467.0,27.3538142623324,49733.0,64865.0,860212.0,791543.0
Indonesia,2014,104.03953703703704,10.589074074074075,3441.06808464008,0.762,258877399.0,27.5091419048223,52920.0,71323.0,862080.0,850461.0
Indonesia,2015,102.8708256880734,10.537706422018347,3288.22269725538,0.78,261799249.0,27.6112077694021,56356.0,78008.0,881946.0,866788.0
Indonesia,2016,106.56712962962963,10.522962962962962,3521.46943457574,1.405,264627418.0,27.8730589677122,64487.0,68858.0,886428.0,878755.0
Indonesia,2017,108.60333333333334,10.780925925925926,3798.88326174526,0.949,267346658.0,27.7598939877572,59813.0,79549.0,1004866.0,986154.0
Indonesia,2018,106.99148148148149,10.608518518518519,3860.95353090726,0.87,269951846.0,28.411834447481,69297.0,83799.0,1015219.0,989729.0
Indonesia,2019,105.70761467889908,10.313669724770643,4106.94856160358,1.033,272489381.0,28.7503293442037,64115.0,82420.0,1034167.0,1011389.0
Indonesia,2020,104.95064220183485,10.469816513761469,3853.70288774146,1.225,274814866.0,28.9649906072855,61226.0,82458.0,1034952.0,1014611.0
Indonesia,2021,104.49715596330276,10.421284403669725,4287.17313995098,1.007,276758053.0,28.9558492042508,63752.0,86047.0,1067722.0,1041686.0
Indonesia,2022,105.8311009174312,10.787339449541284,4730.83484836107,0.97,278830529.0,29.0073830174182,64079.0,82955.0,1039061.0,1026450.0
Indonesia,2023,105.57018348623853,10.666238532110093,4876.30774512252,1.093,281190067.0,29.1258057551148,69165.0,87713.0,1032698.0,1013514.0
"Iran, Islamic Rep.",2010,111.34539215686274,14.410792079207921,6291.19443655454,2.151,77420842.0,28.5735160490189,34025.0,9845.0,154863.0,179222.0
"Iran, Islamic Rep.",2011,107.94696078431373,14.386633663366336,8025.68743364356,1.28,78383598.0,28.4833861342371,25122.0,7834.0,150968.0,175388.0
"Iran, Islamic Rep.",2012,111.56705882352941,14.41138613861386,8114.08099831877,1.036,79370580.0,28.3932562194553,37028.0,7119.0,152142.0,178292.0
"Iran, Islamic Rep.",2013,114.11980198019802,14.997128712871287,6222.74194840326,1.605,80414686.0,28.2141015250866,35830.0,5981.0,158525.0,180958.0
"Iran, Islamic Rep.",2014,115.1810891089109,14.060980392156862,5672.06372896319,1.02,81502045.0,28.2141015250866,44658.0,12390.0,163507.0,186726.0
"Iran, Islamic Rep.",2015,113.40343137254904,13.863823529411766,4952.73355532178,1.8,82619362.0,28.2141015250866,36549.0,8978.0,166005.0,188977.0
"Iran, Islamic Rep.",2016,115.03455445544554,13.420396039603961,5710.59947089104,1.615,83812228.0,28.2141015250866,33821.0,13106.0,174116.0,191773.0
"Iran, Islamic Rep.",2017,112.35772277227724,12.223564356435643,6000.93346404409,1.688,85026754.0,28.6194144838213,37999.0,13581.0,161756.0,185445.0
"Iran, Islamic Rep.",2018,108.98592233009708,11.848823529411764,4783.01067340237,1.997,86117998.0,28.9152542372881,41825.0,10976.0,157547.0,183511.0
"Iran, Islamic Rep.",2019,111.71398058252429,12.282254901960783,3997.4935449585,1.512,87051648.0,28.9602465331279,40891.0,9170.0,162968.0,189759.0
"Iran, Islamic Rep.",2020,110.74365384615385,11.56298076923077,3202.50003502169,1.261,87723443.0,28.9848998459168,45295.0,10002.0,148465.0,189714.0
"Iran, Islamic Rep.",2021,110.28368932038836,11.705882352941176,4605.14881318992,2.075,88455488.0,29.008936825886,32916.0,9675.0,145811.0,176546.0
"Iran, Islamic Rep.",2022,113.21732673267327,10.899207920792078,4721.20437099984,2.276,89524246.0,29.008936825886,51231.0,15944.0,151565.0,178845.0
"Iran, Islamic Rep.",2023,112.83910891089108,11.512475247524753,5049.29931642754,2.148,90608707.0,29.008936825886,30541.0,6437.0,155350.0,174504.0
Iraq,2010,114.03186813186812,11.050107526881721,4461.75196161555,2.625,31045366.0,18.9231442254559,17808.0,131.0,19564.0,36811.0
Iraq,2011,112.99597826086958,10.571720430107526,5775.54229080293,0.829,32161424.0,19.6313777859643,18638.0,282.0,20867.0,37729.0
Iraq,2012,109.99236559139786,10.191935483870967,6477.59618450955,1.222,33654842.0,19.7276201878799,19550.0,357.0,21598.0,39088.0
Iraq,2013,109.52978723404254,10.341612903225807,6650.35282247395,1.204,35281989.0,20.4671202963181,19229.0,292.0,25792.0,42519.0
Iraq,2014,103.58545454545455,9.641485148514851,6249.39226978969,1.148,36550059.0,21.5010319537095,18774.0,724.0,24775.0,41468.0
Iraq,2015,97.17780952380953,8.756571428571428,4440.14189252367,1.921,37560535.0,21.364205948476,22947.0,594.0,12817.0,37733.0
Iraq,2016,97.96114285714286,9.46923076923077,4334.42096404188,1.683,38469627.0,21.4745420705414,26411.0,644.0,13637.0,39685.0
Iraq,2017,97.7538679245283,9.236981132075472,4759.2846435467,1.563,39337353.0,21.5116279069767,31472.0,535.0,13032.0,42182.0
Iraq,2018,98.91122641509435,9.626603773584906,5646.68932074742,2.396,40265624.0,21.60422732466,36920.0,584.0,11655.0,46776.0
Iraq,2019,100.24745283018868,9.662075471698113,5671.8568632942,1.756,41192171.0,21.7695160435814,30378.0,628.0,22400.0,49188.0
Iraq,2020,101.03330188679246,9.905140186915887,4295.18945121228,1.954,42116605.0,21.7755050330546,27459.0,529.0,28162.0,54099.0
Iraq,2021,100.9845283018868,9.626635514018691,4868.49431080783,2.66,43071211.0,21.8439177204985,29591.0,703.0,20513.0,52161.0
Iraq,2022,101.49669811320754,9.992962962962963,6520.73154560584,2.22,44070551.0,21.7784995277912,35945.0,649.0,19958.0,55809.0
Iraq,2023,102.57971962616823,9.741009174311927,5965.31835077761,2.09,45074049.0,21.8307880128072,35582.0,885.0,21043.0,53495.0
Ireland,2010,141.07161616161616,21.211875000000003,48623.9666422487,-0.139,4560155.0,66.3086079256786,14233.0,8530.0,16391.0,22111.0
Ireland,2011,143.0781818181818,22.27208333333333,52613.8540355689,0.524,4580084.0,66.1199012919147,13229.0,9254.0,17473.0,21606.0
Ireland,2012,143.5272727272727,23.111145833333335,49335.8408099555,0.682,4599533.0,65.8005516040064,15340.0,9344.0,16229.0,22400.0
Ireland,2013,143.84868686868688,23.680520833333333,52537.6108648692,0.563,4623816.0,64.9876614893308,16452.0,9087.0,17321.0,24301.0
Ireland,2014,144.33848484848485,23.041770833333334,57214.5379785709,1.357,4657740.0,64.8279866453767,17238.0,10750.0,18368.0,24153.0
Ireland,2015,146.87555555555556,23.486145833333335,64250.1385181257,0.43,4701957.0,64.3054144287995,17981.0,11888.0,19170.0,24097.0
Ireland,2016,147.61350000000002,23.281237113402064,64129.5571542383,1.034,4762722.0,64.7554071708521,18996.0,11342.0,18887.0,25216.0
Ireland,2017,151.1459,24.706288659793817,72161.4047531385,1.262,4827445.0,65.1618522281899,20222.0,12230.0,20204.0,26854.0
Ireland,2018,150.9073,25.099175257731957,80804.1123164826,0.778,4898022.0,65.5537813906227,24201.0,11893.0,19174.0,30750.0
Ireland,2019,148.93098039215684,23.48060606060606,81827.6688873996,1.193,4976456.0,65.6699085498621,22107.0,12899.0,20245.0,27192.0
Ireland,2020,149.8191,23.74731958762887,86514.0706108754,1.071,5039747.0,65.495717811003,21572.0,12802.0,19618.0,28316.0
Ireland,2021,143.0321359223301,21.8285,103783.446284479,1.012,5110585.0,62.9554362026419,19474.0,12110.0,20597.0,29009.0
Ireland,2022,148.71455445544555,24.528979591836737,105190.685952731,1.752,5212836.0,63.115111046596,23377.0,12511.0,21843.0,33082.0
Ireland,2023,148.1864705882353,22.37878787878788,106818.917130804,1.609,5311538.0,60.8070837567136,22965.0,12589.0,20103.0,31334.0
Israel,2010,142.09444444444443,16.551414141414142,31439.0887027614,2.369,7623600.0,23.3133086876155,12491.0,3017.0,11367.0,20268.0
Israel,2011,142.12191919191918,16.482323232323232,34522.5215979073,0.589,7765800.0,23.8909426987061,12565.0,3471.0,11667.0,20906.0
Israel,2012,140.7283,16.286199999999997,33321.4300881602,1.039,7910500.0,24.3160813308688,14336.0,3297.0,12007.0,22996.0
Israel,2013,140.8329,16.3734,37034.3161080785,1.124,8059500.0,24.043438077634,14904.0,3396.0,12077.0,23686.0
Israel,2014,141.51554455445543,16.168333333333333,38343.3046626235,0.919,8215700.0,24.8475046210721,15912.0,3040.0,12241.0,24348.0
Israel,2015,142.6235,16.222772277227723,36213.1041481958,1.401,8380100.0,24.6719038817006,15335.0,3044.0,11849.0,24435.0
Israel,2016,144.39600000000002,16.824554455445544,37671.5389138798,1.701,8546000.0,25.5083179297597,15870.0,2723.0,12114.0,24930.0
Israel,2017,145.6725,16.563465346534656,41138.470964272,0.831,8713300.0,29.7597042513863,15099.0,2751.0,11785.0,23642.0
Israel,2018,141.59425742574257,16.105980392156862,42362.6652754196,2.061,8882800.0,29.6349353049908,13596.0,2437.0,11514.0,23241.0
Israel,2019,143.26264705882355,16.279320388349515,44250.6313628073,1.211,9054000.0,29.5009242144177,16550.0,2732.0,11505.0,24539.0
Israel,2020,146.07277227722773,16.709607843137256,44575.5719045492,1.437,9215100.0,25.0369685767098,18200.0,2877.0,11653.0,26405.0
Israel,2021,146.72303921568627,17.03009708737864,52270.9040241956,1.778,9371400.0,24.9075785582255,19867.0,2678.0,11782.0,28076.0
Israel,2022,149.57676470588234,17.361666666666665,54949.621556429,1.018,9557500.0,24.7042513863216,19235.0,2567.0,11920.0,27988.0
Israel,2023,144.86267326732673,16.278823529411767,52003.7200729997,1.851,9849000.0,24.8012939001848,14187.0,2449.0,11796.0,23783.0
Italy,2010,139.61313725490194,18.381372549019606,35856.8625485539,0.699,59819407.0,48.45088902265,80194.0,47543.0,161477.0,192895.0
Italy,2011,139.3385294117647,18.08264705882353,38432.3742820019,1.189,60026841.0,46.8439526846523,81670.0,49121.0,161101.0,191751.0
Italy,2012,139.07745098039214,17.535588235294117,34854.3949441965,1.488,60191247.0,46.4259869199711,76409.0,47798.0,150524.0,185190.0
Italy,2013,139.11166666666668,17.564901960784315,35701.6746002376,0.962,60311613.0,46.0912085162215,80203.0,47767.0,152071.0,187691.0
Italy,2014,134.27039215686275,16.751764705882355,36028.3494022349,1.581,60320707.0,44.5086196984965,87306.0,48114.0,152582.0,187674.0
Italy,2015,134.7285294117647,17.035,30639.8829751432,1.654,60229605.0,43.7748124902779,85232.0,49805.0,154934.0,185250.0
Italy,2016,134.9244117647059,16.865784313725488,31391.5692898108,1.664,60115223.0,43.3250596852407,88385.0,51780.0,154764.0,183591.0
Italy,2017,135.22117647058823,16.82294117647059,32844.115660604,1.57,60002252.0,43.3743295977925,90607.0,52934.0,147002.0,183270.0
Italy,2018,136.20613861386138,17.132574257425745,34904.1081923834,1.82,59877221.0,41.948748469826,93017.0,51474.0,151053.0,188066.0
Italy,2019,139.29851485148515,16.738415841584157,33812.788724868,1.637,59729081.0,44.3699956377212,95281.0,52163.0,144971.0,185960.0
Italy,2020,140.76247524752475,16.586534653465346,32091.4866621366,1.847,59438851.0,42.332263616904,96040.0,57834.0,148950.0,185826.0
Italy,2021,141.76861386138614,17.087524752475247,36852.5425414951,1.532,59133173.0,41.9422315930434,95296.0,58282.0,147198.0,184627.0
Italy,2022,142.3709900990099,17.063069306930693,35653.9042103495,2.112,59013667.0,43.9631475720276,100529.0,60189.0,141413.0,183853.0
Italy,2023,144.02633663366336,17.067920792079207,39277.0838783918,2.244,58984216.0,44.2565839307453,103339.0,58606.0,140387.0,182818.0
Jamaica,2010,106.98534653465347,13.294400000000001,4809.977380312,1.284,2748568.0,38.9012003693444,2590.0,655.0,5623.0,7729.0
Jamaica,2011,107.83237623762376,13.698900000000002,5232.63644918132,0.526,2760494.0,38.8273314866113,2583.0,685.0,6077.0,8113.0
Jamaica,2012,108.6345,13.7031,5340.83333232158,0.659,2772430.0,38.7626962142198,2960.0,911.0,6030.0,8228.0
Jamaica,2013,109.27079207920792,13.8158,5124.21301411137,0.924,2783687.0,38.6703601108033,3027.0,586.0,5838.0,8301.0
Jamaica,2014,108.7791089108911,13.638799999999998,4975.11325459872,1.147,2793749.0,38.5872576177285,2435.0,359.0,7031.0,9267.0
Jamaica,2015,109.99623762376238,13.756400000000001,5339.30718256806,1.219,2802534.0,38.5041551246537,2364.0,292.0,6593.0,8591.0
Jamaica,2016,108.02099009900991,13.781600000000001,5302.29553353854,1.369,2809915.0,38.5041551246537,3088.0,299.0,5807.0,8486.0
Jamaica,2017,109.95549019607843,13.8926,5605.43541173019,1.05,2815764.0,38.5041551246537,3036.0,358.0,5765.0,8266.0
Jamaica,2018,110.00883495145631,14.122673267326734,5976.90362644337,1.23,2820097.0,38.5041551246537,2987.0,342.0,5199.0,7731.0
Jamaica,2019,109.70278846153846,14.155098039215686,6030.68896415921,1.547,2823271.0,38.5041551246537,3187.0,318.0,4640.0,7325.0
Jamaica,2020,106.80605769230769,14.018921568627452,5299.04530804283,1.645,2830739.0,38.5041551246537,2882.0,312.0,4111.0,6552.0
Jamaica,2021,108.86349514563108,14.546930693069307,5625.67806271236,1.289,2837682.0,38.5041551246537,3086.0,348.0,4122.0,6773.0
Jamaica,2022,110.93718446601942,15.351089108910891,6626.47502388538,1.162,2839144.0,38.5041551246537,3523.0,329.0,4382.0,7425.0
Jamaica,2023,112.18277227722773,15.076262626262626,7542.40084275345,1.618,2839786.0,38.5041551246537,3463.0,322.0,4131.0,7162.0
Jordan,2010,102.47403846153847,10.490097087378642,3718.46571622945,2.603,7297043.0,11.2897048884884,7488.0,2266.0,5591.0,11170.0
Jordan,2011,101.90650485436893,10.528333333333334,3946.85503855525,0.509,7480424.0,11.2930840279342,8732.0,2470.0,5903.0,11773.0
Jordan,2012,102.09115384615384,10.167864077669902,4169.50470054618,1.068,7587127.0,11.769542689795,9625.0,2535.0,5533.0,12244.0
Jordan,2013,102.91057692307693,10.260294117647058,4311.21916713038,1.004,7991809.0,11.901329128182,9862.0,2949.0,5725.0,13051.0
Jordan,2014,105.83096153846154,10.09847619047619,4191.18050084986,0.796,8791710.0,11.9846812345123,12593.0,2755.0,6001.0,15188.0
Jordan,2015,107.09116504854369,10.68923076923077,4042.75678097555,1.445,9544729.0,11.8979499887362,11698.0,2493.0,6609.0,15630.0
Jordan,2016,105.66077669902914,11.066634615384617,3986.71677010853,1.642,10006367.0,12.0067582788916,12592.0,2025.0,7108.0,18029.0
Jordan,2017,104.24504854368932,10.141730769230769,4065.61628749384,0.949,10234226.0,11.3426447398063,13145.0,1848.0,5844.0,17522.0
Jordan,2018,101.12679611650486,9.777692307692307,4145.43989673265,1.978,10462306.0,11.5093489524668,12133.0,2572.0,6133.0,16057.0
Jordan,2019,98.28817307692309,9.345428571428572,4170.1144003465,1.264,10671891.0,11.6730860193256,11463.0,1856.0,6056.0,16200.0
Jordan,2020,98.46009615384615,9.523714285714286,4022.0401356135,1.59,10865228.0,11.5886208527603,11941.0,1826.0,5893.0,15903.0
Jordan,2021,96.80096153846154,9.907904761904762,4183.49998326866,1.901,11066356.0,11.5210487195081,12176.0,1966.0,6600.0,17045.0
Jordan,2022,100.8157843137255,10.45621359223301,4332.25159897931,1.276,11256263.0,11.7462891636822,11708.0,1425.0,7365.0,17849.0
Jordan,2023,98.42607843137255,10.493786407766992,4466.08314208575,1.779,11439213.0,11.5323107417168,10840.0,1873.0,7541.0,17673.0
Kazakhstan,2010,103.99611650485437,12.840392156862745,8793.07589980782,1.295,16836810.0,80.4392339889617,5741.0,17824.0,43410.0,42217.0
Kazakhstan,2011,106.96221153846153,14.295392156862745,11287.1464926039,0.724,17066002.0,80.3750416712968,8094.0,12870.0,75151.0,52315.0
Kazakhstan,2012,106.86538461538461,14.678823529411765,12018.7966527993,1.136,17306106.0,80.3837833833389,8817.0,23160.0,47932.0,47796.0
Kazakhstan,2013,107.70125,15.054901960784314,13478.459627612,1.599,17556502.0,80.3771159758492,9618.0,17031.0,60343.0,49783.0
Kazakhstan,2014,106.74428571428571,15.149333333333335,12427.7094576939,0.663,17816285.0,80.304996851502,9611.0,17021.0,59457.0,46944.0
Kazakhstan,2015,105.33962264150944,14.960666666666665,10196.1226255982,1.585,18084169.0,80.1050857502685,9103.0,15686.0,63332.0,48378.0
Kazakhstan,2016,107.27438095238095,14.907904761904762,7475.56688689424,2.214,18363600.0,80.0985665073897,8402.0,19449.0,69466.0,50545.0
Kazakhstan,2017,110.50409523809525,14.955333333333332,8943.08416791984,1.742,18651931.0,80.088046820017,8721.0,20705.0,71550.0,51655.0
Kazakhstan,2018,114.12876190476192,15.41552380952381,9472.48527327758,0.631,18932727.0,80.0222617327851,9576.0,27431.0,73423.0,54060.0
Kazakhstan,2019,112.1451886792453,15.464095238095238,9457.12614657136,1.473,19209555.0,79.2585472459903,10251.0,24629.0,68794.0,55635.0
Kazakhstan,2020,110.79333333333334,15.645046728971963,8781.50797787648,2.832,19482117.0,79.3233322220988,12800.0,21797.0,75023.0,58458.0
Kazakhstan,2021,112.79504672897195,15.98377358490566,9983.60103576902,1.438,19743603.0,79.3664851650183,14375.0,21559.0,68077.0,58363.0
Kazakhstan,2022,114.96990654205608,15.920566037735849,11255.3396437881,2.696,20034609.0,79.3664851650183,15857.0,25761.0,81058.0,61559.0
Kazakhstan,2023,113.86542056074767,15.913584905660379,12879.4275257974,2.631,20330104.0,79.3664851650183,20556.0,30406.0,70073.0,61171.0
Kenya,2010,79.77205607476635,8.866542056074767,1091.51873101194,1.146,41598567.0,48.11958182521,6166.0,2413.0,52075.0,56349.0
Kenya,2011,80.06560747663552,8.51018691588785,1096.14499807675,1.072,42758461.0,49.0740895034614,10086.0,1983.0,48954.0,57216.0
Kenya,2012,80.93514018691589,8.938504672897196,1285.00536171512,0.942,43888303.0,49.6703443792388,9253.0,1704.0,53958.0,61613.0
Kenya,2013,82.72141509433963,8.694766355140187,1370.87885214659,0.846,44986791.0,49.7928697684225,7068.0,2805.0,56243.0,60313.0
Kenya,2014,81.99691588785046,8.698796296296296,1482.81566253497,0.93,46051440.0,49.747157992761,9771.0,2157.0,53757.0,61763.0
Kenya,2015,81.4300925925926,8.610183486238531,1489.11959777284,1.148,47088526.0,49.5619679036477,10507.0,2061.0,57156.0,64152.0
Kenya,2016,78.98240740740741,8.330642201834863,1554.12610314423,1.15,48139687.0,49.6614869747445,10896.0,2176.0,53469.0,63214.0
Kenya,2017,79.82092592592592,8.139444444444445,1667.48447230835,1.393,49197766.0,48.9288901383398,16079.0,2899.0,49913.0,60378.0
Kenya,2018,81.01185185185186,8.51425925925926,1836.45275528993,0.505,50207107.0,49.5521664949056,11978.0,3348.0,54912.0,62883.0
Kenya,2019,84.03532710280375,8.811111111111112,1960.40808854893,1.467,51202827.0,49.5174851803854,11940.0,2856.0,55583.0,65137.0
Kenya,2020,82.04796296296297,9.8851376146789,1927.66459027849,1.17,52217334.0,49.3892110936528,12479.0,3483.0,67645.0,75692.0
Kenya,2021,79.21663551401869,9.520833333333334,2061.35622089594,1.232,53219166.0,49.4013975092459,13042.0,3405.0,66832.0,77212.0
Kenya,2022,77.53407407407407,9.417981651376147,2109.56288513137,1.233,54252461.0,49.4830453575056,12926.0,3241.0,68533.0,78886.0
Kenya,2023,77.85685185185186,9.311834862385322,1942.58802756191,1.413,55339003.0,49.5263223856783,13925.0,3815.0,67486.0,75246.0
Kiribati,2010,128.6954945054945,17.529662921348315,1522.10068744154,0.331,108704.0,41.9753086419753,60.0,106.0,463.0,418.0
Kiribati,2011,130.87472527472528,17.766516853932586,1771.12926848792,0.347,110647.0,41.9753086419753,71.0,128.0,506.0,441.0
Kiribati,2012,130.97021739130435,17.680222222222223,1843.55336349889,0.447,112284.0,41.9753086419753,64.0,148.0,550.0,466.0
Kiribati,2013,130.8892391304348,17.57134831460674,1772.08718317132,0.646,113838.0,41.9753086419753,58.0,140.0,553.0,474.0
Kiribati,2014,119.93411764705883,15.449801980198021,1736.70535682101,0.786,115326.0,41.9753086419753,70.0,203.0,622.0,485.0
Kiribati,2015,119.15423076923078,15.34747572815534,1639.85274740652,0.921,116815.0,41.9753086419753,71.0,246.0,681.0,516.0
Kiribati,2016,124.60404040404039,15.6923,1742.66799324117,1.248,118478.0,41.9753086419753,113.0,294.0,738.0,551.0
Kiribati,2017,127.219375,16.333368421052633,1853.05122713319,1.06,120275.0,41.9753086419753,74.0,316.0,711.0,471.0
Kiribati,2018,125.81275510204081,16.036701030927834,1912.73809378187,0.966,122084.0,41.9753086419753,61.0,288.0,742.0,489.0
Kiribati,2019,119.39298076923077,15.262135922330097,1750.9977188915,0.968,123921.0,41.9753086419753,78.0,338.0,856.0,627.0
Kiribati,2020,139.35193181818184,17.55659090909091,1751.78249168214,1.177,126099.0,41.9753086419753,92.0,318.0,854.0,611.0
Kiribati,2021,121.4606862745098,15.758118811881188,2222.04819501897,0.791,128377.0,41.9753086419753,110.0,332.0,852.0,622.0
Kiribati,2022,128.5922105263158,15.442446808510637,2069.7671726925,0.741,130469.0,41.9753086419753,78.0,330.0,869.0,621.0
Kiribati,2023,130.91515789473684,15.641489361702128,2177.70125812262,1.254,132530.0,41.9753086419753,83.0,316.0,885.0,641.0
"Korea, Dem. People's Rep.",2010,107.80894736842104,12.982894736842105,,0.45,24987258.0,22.2015447221992,1415.0,153.0,27828.0,31236.0
"Korea, Dem. People's Rep.",2011,109.78133333333334,12.804868421052632,,0.586,25097874.0,21.8594801096254,1641.0,166.0,27995.0,31085.0
"Korea, Dem. People's Rep.",2012,110.16066666666666,12.840921052631579,,0.48,25211728.0,21.8528361431775,2178.0,171.0,28668.0,31492.0
"Korea, Dem. People's Rep.",2013,109.05666666666667,12.640657894736842,,0.376,25329451.0,21.8528361431775,2170.0,168.0,29370.0,31117.0
"Korea, Dem. People's Rep.",2014,84.32857142857142,9.868673469387755,,1.675,25451262.0,21.8349223486421,2676.0,299.0,29130.0,31397.0
"Korea, Dem. People's Rep.",2015,82.31474747474748,9.5938,,1.401,25575350.0,21.8469645378291,2742.0,230.0,28056.0,31080.0
"Korea, Dem. People's Rep.",2016,81.69141414141414,9.593061224489796,,1.621,25698326.0,21.6178058300806,2760.0,231.0,27323.0,30765.0
"Korea, Dem. People's Rep.",2017,81.4029,9.3227,,1.807,25817709.0,21.5679760817208,3012.0,346.0,26155.0,30286.0
"Korea, Dem. People's Rep.",2018,82.28364583333332,9.578315789473685,,1.086,25931147.0,21.5762810397807,3076.0,85.0,25467.0,29944.0
"Korea, Rep.",2010,123.8192523364486,15.452924528301887,24071.2620526362,0.524,49554112.0,18.2407407407407,59382.0,5646.0,64633.0,120762.0
"Korea, Rep.",2011,124.0081308411215,15.846698113207546,26175.2398553363,0.326,49936638.0,18.068731350962,61442.0,5565.0,64989.0,123897.0
"Korea, Rep.",2012,122.28186915887851,15.415754716981132,26600.5477433903,0.412,50199853.0,18.3742678039256,65079.0,5923.0,64112.0,124708.0
"Korea, Rep.",2013,122.47831775700935,15.523809523809524,28449.3591104972,0.545,50428893.0,18.154291462238,63524.0,5974.0,65705.0,123137.0
"Korea, Rep.",2014,123.6526168224299,15.508396226415096,30667.0912467447,1.081,50746659.0,17.9441650415683,65599.0,6258.0,69067.0,129255.0
"Korea, Rep.",2015,124.64216981132076,15.305142857142856,30171.7906545222,1.035,51014947.0,17.815177792601,65942.0,6364.0,66744.0,126376.0
"Korea, Rep.",2016,123.47457943925234,15.138207547169813,30832.0628072516,1.722,51217803.0,17.4460708387613,66199.0,6353.0,65595.0,125753.0
"Korea, Rep.",2017,125.39598130841122,15.65820754716981,33296.9845439195,1.535,51361911.0,17.1951594708235,66750.0,6111.0,66254.0,126599.0
"Korea, Rep.",2018,125.73813084112149,15.794905660377358,35363.9508228687,1.04,51585058.0,16.9401148482363,67880.0,6585.0,66977.0,129185.0
"Korea, Rep.",2019,125.63626168224299,15.509811320754716,33826.9443301597,1.604,51764822.0,16.7725409836066,69537.0,7020.0,65897.0,128019.0
"Korea, Rep.",2020,125.23196261682243,15.391415094339623,33645.7719545073,1.592,51836239.0,16.608606557377,71054.0,6892.0,64287.0,128836.0
"Korea, Rep.",2021,126.49495327102802,15.401415094339622,37518.4635305697,1.793,51769539.0,16.4241803278689,73774.0,7368.0,65112.0,130913.0
"Korea, Rep.",2022,127.25411214953272,15.478113207547171,34822.4048404971,1.636,51672569.0,16.2295081967213,74576.0,7310.0,64954.0,132268.0
"Korea, Rep.",2023,126.13685185185186,15.152897196261682,35674.095995632,1.744,51712619.0,16.0655737704918,71471.0,6344.0,63445.0,130815.0
Kuwait,2010,140.5551515151515,17.224591836734692,39212.252220155,2.395,2943372.0,8.5297418630752,5047.0,367.0,1165.0,5961.0
Kuwait,2011,142.23666666666668,17.65353535353535,49169.6063813095,1.179,3132814.0,8.55780022446689,5547.0,396.0,1410.0,6571.0
Kuwait,2012,141.00757575757575,17.072424242424244,52155.2225833921,1.402,3337109.0,8.5297418630752,5490.0,307.0,1319.0,6709.0
Kuwait,2013,142.10666666666668,20.684242424242424,49651.0439275077,1.301,3507844.0,8.61952861952862,8145.0,767.0,1575.0,8674.0
Kuwait,2014,141.63255102040816,19.093979591836735,44368.7813457751,1.454,3665876.0,8.53535353535353,9221.0,1083.0,1440.0,8848.0
Kuwait,2015,141.40336734693878,19.38438775510204,29882.2126495698,2.097,3834574.0,8.38383838383838,8959.0,1315.0,1353.0,8849.0
Kuwait,2016,138.98969072164948,18.283917525773195,27323.6890735517,1.731,4004096.0,8.41750841750842,8680.0,1208.0,1297.0,8532.0
Kuwait,2017,133.51239999999999,17.5046,29047.6536135703,2.014,4154812.0,8.49607182940516,9477.0,1632.0,1441.0,9040.0
Kuwait,2018,132.54227722772276,17.1673,32067.9623756889,2.395,4323515.0,8.41750841750842,9364.0,1632.0,1375.0,9192.0
Kuwait,2019,128.84238095238095,19.563846153846153,31707.8737443551,1.924,4442316.0,8.41750841750842,10503.0,833.0,1727.0,10821.0
Kuwait,2020,129.40778846153847,18.29485436893204,25236.0755848941,2.028,4400267.0,8.41750841750842,9518.0,954.0,1696.0,9994.0
Kuwait,2021,128.3585576923077,16.21631067961165,34018.6342592913,2.726,4360865.0,8.41750841750842,8479.0,955.0,1569.0,9181.0
Kuwait,2022,127.74397959183673,15.553737373737373,39981.7691035833,2.32,4589643.0,8.41750841750842,8786.0,1018.0,1313.0,9216.0
Kuwait,2023,125.3569387755102,14.890202020202022,34075.849012909,2.108,4853420.0,8.41750841750842,8203.0,964.0,1414.0,8753.0
Kyrgyz Republic,2010,108.13052631578947,14.265869565217391,876.954476440354,1.406,5467059.0,55.3279457768509,1907.0,859.0,10848.0,12396.0
Kyrgyz Republic,2011,108.93326315789473,14.388478260869565,1117.40174350185,1.265,5546587.0,55.3102189781022,2083.0,898.0,11090.0,12190.0
Kyrgyz Republic,2012,109.4321052631579,14.630326086956522,1168.62244675446,0.323,5652076.0,55.2205422314911,2403.0,740.0,10713.0,12854.0
Kyrgyz Republic,2013,109.06368421052633,14.76804347826087,1269.66303464348,1.404,5777150.0,55.0401459854015,2277.0,649.0,12001.0,13486.0
Kyrgyz Republic,2014,107.22500000000001,14.56505376344086,1264.52668823891,0.499,5905848.0,55.0422314911366,2301.0,482.0,11294.0,13147.0
Kyrgyz Republic,2015,107.34229166666667,14.721702127659574,1105.65193844261,1.472,6040036.0,55.0375391032325,1796.0,490.0,12753.0,13668.0
Kyrgyz Republic,2016,105.50697916666667,14.941956521739131,1103.27489428412,1.851,6175338.0,54.958811261731,1400.0,317.0,13968.0,14633.0
Kyrgyz Republic,2017,105.36632653061224,14.563125000000001,1221.39046807082,1.439,6306696.0,54.9535974973931,2154.0,504.0,14194.0,15956.0
Kyrgyz Republic,2018,103.29633663366337,13.8665,1283.5203037417,1.248,6444079.0,54.0709071949948,1762.0,454.0,14573.0,15988.0
Kyrgyz Republic,2019,105.42591836734694,14.7090625,1421.99927504102,1.666,6590211.0,54.0583941605839,2513.0,664.0,14444.0,15925.0
Kyrgyz Republic,2020,103.19602040816328,14.235208333333333,1229.51766602907,1.452,6726596.0,54.0552659019812,2295.0,835.0,13842.0,15073.0
Kyrgyz Republic,2021,97.75813725490195,13.291584158415843,1349.99730650542,1.4,6851224.0,54.0464025026069,2633.0,809.0,12441.0,14784.0
Kyrgyz Republic,2022,104.1391,14.467979797979797,1739.72018344174,2.605,6975220.0,55.2526068821689,3210.0,902.0,14062.0,16027.0
Kyrgyz Republic,2023,105.8441,14.807070707070707,2138.22210211478,2.087,7099750.0,54.0085714285714,3657.0,793.0,14058.0,16907.0
Lao PDR,2010,135.62658823529412,18.95,1125.91610151261,1.262,6334194.0,9.50389948006932,595.0,554.0,17005.0,18070.0
Lao PDR,2011,137.9768604651163,20.76686046511628,1361.54704394913,0.041,6426590.0,9.61785095320624,621.0,504.0,20325.0,20754.0
Lao PDR,2012,142.48250000000002,20.26872093023256,1563.5650771337,0.886,6518978.0,9.782712305026,490.0,552.0,21350.0,21024.0
Lao PDR,2013,144.0804705882353,21.405465116279068,1812.51774424651,1.081,6611385.0,10.1490467937608,536.0,614.0,22875.0,22684.0
Lao PDR,2014,121.86637254901962,19.60514563106796,1981.03910900473,0.67,6703172.0,10.3431542461005,1112.0,1281.0,29083.0,27330.0
Lao PDR,2015,132.048125,21.727346938775508,2121.01339097363,1.319,6801645.0,10.4545060658579,1215.0,2371.0,34385.0,31277.0
Lao PDR,2016,126.89767676767677,20.450594059405944,2303.22156035363,1.348,6908802.0,10.5112651646447,1607.0,3340.0,35060.0,32218.0
Lao PDR,2017,120.7378640776699,18.710865384615385,2432.43059478511,1.139,7018147.0,10.2235701906412,1835.0,3859.0,31928.0,30296.0
Lao PDR,2018,118.26311320754716,18.815233644859813,2545.1075420815,0.854,7128045.0,10.0511265164645,1752.0,3378.0,32256.0,30496.0
Lao PDR,2019,126.421,19.26909090909091,2589.32081035237,2.085,7237636.0,9.80459272097054,2755.0,5286.0,31008.0,29006.0
Lao PDR,2020,114.394,17.366216216216216,2583.77730696131,1.618,7346533.0,9.56629116117851,2692.0,8558.0,33353.0,28243.0
Lao PDR,2021,116.41691588785048,17.011481481481482,2526.05105018529,1.156,7453194.0,9.57712305025997,2624.0,9486.0,33999.0,27075.0
Lao PDR,2022,116.85842592592591,17.03,2046.40440255621,0.981,7559007.0,9.79116117850953,3278.0,10636.0,38111.0,29696.0
Lao PDR,2023,117.67157407407406,17.44981651376147,2066.94979776957,1.581,7664993.0,9.90987868284229,2718.0,10556.0,42896.0,32348.0
Latvia,2010,119.56627450980392,17.03938775510204,11188.4191700977,0.659,2097555.0,29.0067012711524,3949.0,4804.0,6751.0,6428.0
Latvia,2011,121.49607843137255,17.47765306122449,12902.574053337,1.127,2059709.0,29.183473411863,3905.0,3704.0,6702.0,6655.0
Latvia,2012,120.84745098039214,17.444897959183674,13329.3499931271,1.381,2034319.0,29.5852282771144,4662.0,6423.0,8290.0,7030.0
Latvia,2013,124.38568627450981,17.659795918367347,14484.4715282132,1.045,2012647.0,30.1637552830765,4304.0,5455.0,7899.0,6538.0
Latvia,2014,124.53534653465346,18.42701030927835,15185.814581236,2.288,1993782.0,30.0834043100262,4850.0,6090.0,8322.0,7085.0
Latvia,2015,123.57247524752475,18.259278350515466,13321.9753140616,2.123,1977527.0,30.2842817426519,4598.0,7504.0,10163.0,6772.0
Latvia,2016,123.81742574257426,18.526494845360823,13838.5266823272,1.907,1959537.0,31.0315457920195,5506.0,8408.0,9620.0,6550.0
Latvia,2017,123.92415841584159,18.793608247422682,15132.4958333982,1.465,1942248.0,31.0636861812397,6096.0,8743.0,9583.0,6400.0
Latvia,2018,125.549900990099,18.42474226804124,17252.1710428626,2.322,1927174.0,31.1440371542899,6972.0,8229.0,7506.0,6123.0
Latvia,2019,125.5069306930693,18.22,17294.9751600969,2.408,1913822.0,31.4975814357112,6540.0,10306.0,9887.0,6197.0
Latvia,2020,124.03079207920793,17.952164948453607,17564.2321549354,3.503,1900449.0,31.6406877711715,7185.0,11793.0,10623.0,5990.0
Latvia,2021,122.26398058252428,17.02323232323232,20261.8887788916,1.927,1884490.0,31.6567571910654,7015.0,10333.0,9290.0,5953.0
Latvia,2022,124.92264705882353,17.886224489795918,20221.103686109,1.915,1879383.0,31.6567571910654,7865.0,11230.0,9789.0,6238.0
Latvia,2023,125.75417475728156,18.026060606060607,22710.2637544197,2.292,1883710.0,31.6728266109593,9087.0,11684.0,8741.0,6087.0
Lebanon,2010,117.07388349514564,15.024851485148515,7625.81051551165,2.317,5041288.0,62.5610948191593,5915.0,1547.0,5541.0,9900.0
Lebanon,2011,115.08718446601941,14.805098039215686,7834.96257108993,0.605,5096020.0,63.6363636363636,5798.0,1405.0,5436.0,9870.0
Lebanon,2012,114.05788461538462,14.599611650485437,8406.98405608118,0.966,5235742.0,64.3206256109482,5971.0,1510.0,5377.0,9968.0
Lebanon,2013,112.05048076923077,14.253529411764704,8162.37929361396,1.182,5743436.0,64.5161290322581,6527.0,1818.0,5739.0,10603.0
Lebanon,2014,110.74971153846153,13.635098039215686,7577.6413302369,0.995,6346990.0,64.7116324535679,6663.0,1880.0,6494.0,11440.0
Lebanon,2015,108.29914285714285,13.29126213592233,7714.1099998804,1.381,6472469.0,65.0048875855327,7071.0,1654.0,6807.0,12007.0
Lebanon,2016,108.70666666666665,13.685098039215687,8089.012088155,1.67,6323060.0,65.5913978494624,7186.0,1441.0,7488.0,12364.0
Lebanon,2017,108.73838095238096,14.216862745098041,8608.21084982387,1.052,6160128.0,65.8181818181818,7388.0,1399.0,7508.0,12355.0
Lebanon,2018,108.808,13.815436893203884,9174.53666204759,2.141,5984119.0,65.6451612903226,7097.0,1193.0,7125.0,12064.0
Lebanon,2019,107.84990476190475,13.896116504854369,8905.88005497437,1.343,5794594.0,65.6207233626589,6960.0,1127.0,7046.0,12284.0
Lebanon,2020,107.62161904761905,13.344901960784314,5561.19166950397,1.548,5702398.0,65.8958944281525,6587.0,1508.0,6842.0,11368.0
Lebanon,2021,106.61790476190477,13.122912621359225,4045.37391066234,1.936,5718122.0,66.6294916911046,5760.0,1486.0,6847.0,10915.0
Lebanon,2022,106.21323809523808,13.231747572815536,3654.35845534878,1.141,5744489.0,66.1275659824047,5906.0,1279.0,6997.0,11128.0
Lebanon,2023,105.95457142857143,13.22135922330097,3477.72489842684,1.744,5773493.0,65.9055522971652,5146.0,789.0,6742.0,10969.0
Lesotho,2010,151.3537878787879,12.576617647058825,1119.47557793042,1.211,1996251.0,76.6139657444005,1017.0,1.0,947.0,1901.0
Lesotho,2011,149.31014925373134,12.713088235294117,1280.73390931581,0.293,2014009.0,76.1528326745718,1100.0,0.0,856.0,1920.0
Lesotho,2012,148.69545454545454,12.72955223880597,1217.93071228944,0.699,2034354.0,75.2733860342556,1162.0,0.0,751.0,1904.0
Lesotho,2013,139.11863636363637,11.579710144927537,1151.03735837227,0.745,2056504.0,74.1798418972332,874.0,63.0,888.0,1795.0
Lesotho,2014,80.82364485981307,7.680091743119266,1173.5377928819,0.69,2080089.0,74.9769433465086,1209.0,137.0,894.0,1913.0
Lesotho,2015,79.2804854368932,7.386952380952381,1121.19851342518,1.236,2104611.0,73.2213438735178,1035.0,86.0,835.0,1752.0
Lesotho,2016,76.01703703703704,7.484311926605504,992.491840678465,1.74,2130422.0,77.6021080368907,1238.0,123.0,703.0,1874.0
Lesotho,2017,78.32305555555556,7.837727272727273,1069.36673247542,0.902,2157110.0,79.6442687747035,1690.0,63.0,1102.0,2041.0
Lesotho,2018,81.17679245283018,8.128598130841121,1170.65569702819,0.69,2183603.0,80.1482213438735,1116.0,91.0,915.0,2038.0
Lesotho,2019,71.64467889908258,7.220733944954128,1082.05706777516,1.609,2209405.0,70.961791831357,947.0,86.0,751.0,1871.0
Lesotho,2020,64.91477064220183,6.572844036697248,918.582574704447,0.728,2235727.0,77.3847167325428,1080.0,118.0,694.0,1710.0
Lesotho,2021,66.2203738317757,6.857962962962962,1066.58645143823,0.78,2261542.0,73.4321475625823,908.0,59.0,870.0,1798.0
Lesotho,2022,65.6799074074074,6.855779816513762,1030.12582947757,0.889,2286110.0,74.9472990777339,1090.0,110.0,828.0,1850.0
Lesotho,2023,67.90092592592593,6.866055045871559,916.282976983803,0.888,2311472.0,77.7584980237154,1222.0,137.0,937.0,1867.0
Liberia,2010,95.82102272727273,9.458,492.252808033724,1.291,4058890.0,17.3072529069767,1354.0,15.0,3505.0,4495.0
Liberia,2011,96.07068965517242,9.471,568.087865520004,0.967,4221178.0,17.6148162375415,864.0,28.0,3548.0,4669.0
Liberia,2012,95.2740909090909,9.328111111111111,638.368751462083,0.733,4373043.0,17.926040282392,1203.0,29.0,3623.0,4747.0
Liberia,2013,94.03454545454547,9.342,710.744570927863,0.84,4470239.0,18.2366206395349,1286.0,76.0,3559.0,4826.0
Liberia,2014,80.16399999999999,8.213177570093459,706.714490064507,0.799,4564293.0,18.5462344269103,1464.0,18.0,3672.0,5040.0
Liberia,2015,80.42817307692309,8.199813084112149,692.590082351257,1.125,4659431.0,18.8585257475083,1458.0,70.0,3828.0,5144.0
Liberia,2016,83.4043137254902,8.621553398058252,714.613063145659,1.359,4755608.0,19.1702938122924,1372.0,113.0,4189.0,5285.0
Liberia,2017,83.40757281553398,8.414,699.269095727404,1.333,4848925.0,19.4838901578073,1940.0,57.0,3681.0,5312.0
Liberia,2018,81.24653846153845,8.390380952380953,692.203127129794,1.119,4944726.0,19.7975892857143,1687.0,74.0,3781.0,5372.0
Liberia,2019,79.27301886792453,8.48942857142857,658.164180770507,1.216,5043721.0,19.9651162790698,1517.0,89.0,3762.0,5531.0
Liberia,2020,76.97231481481482,8.409532710280374,616.787867006715,1.338,5149463.0,19.9651162790698,1844.0,148.0,3973.0,5724.0
Liberia,2021,76.56166666666667,8.1402752293578,667.96610514319,1.234,5259323.0,19.9651162790698,1904.0,126.0,3930.0,5743.0
Liberia,2022,80.74807692307692,8.771809523809523,744.617175237387,1.341,5373294.0,19.9651162790698,2154.0,65.0,3996.0,6098.0
Liberia,2023,81.92778846153846,8.834761904761905,799.194470229642,1.27,5493031.0,19.9651162790698,3000.0,78.0,3947.0,6247.0
Libya,2010,123.97622448979592,15.41958762886598,11600.9068649472,1.921,6497839.0,8.72443934210078,9578.0,9.0,4975.0,15058.0
Libya,2011,118.9089898989899,14.343711340206184,7593.8391525702,0.686,6343203.0,8.72443934210078,7383.0,1.0,5124.0,12402.0
Libya,2012,117.02555555555556,14.938041237113403,14975.8902795144,0.631,6179328.0,8.72671266353706,9510.0,5.0,5278.0,14578.0
Libya,2013,119.27142857142857,15.845257731958762,11951.7134126011,1.022,6304628.0,8.72671266353706,11982.0,5.0,5146.0,16229.0
Libya,2014,115.1035,14.84959595959596,8926.42074591474,1.147,6427252.0,8.72387101174171,10760.0,10.0,5107.0,15393.0
Libya,2015,115.93279999999999,14.7510101010101,7458.48917756374,0.63,6531819.0,8.72387101174171,10111.0,33.0,5224.0,15488.0
Libya,2016,117.28979797979798,14.81826530612245,7525.80299308216,1.54,6632126.0,8.72387101174171,11365.0,52.0,5265.0,15829.0
Libya,2017,114.01490196078431,13.504455445544554,9965.83236729757,0.236,6738770.0,8.72387101174171,9719.0,90.0,5259.0,14353.0
Libya,2018,114.14235294117647,14.004554455445545,11196.5854810844,1.682,6849055.0,8.72387101174171,10364.0,28.0,5301.0,15017.0
Libya,2019,111.19103773584905,13.908857142857144,9963.19489084483,0.903,6951033.0,8.72387101174171,8057.0,30.0,5147.0,13415.0
Libya,2020,109.21216981132075,13.302666666666667,6650.33810585348,1.154,7045399.0,8.72387101174171,10101.0,23.0,5047.0,15223.0
Libya,2021,112.82038461538461,14.162403846153847,4935.82787349801,1.897,7135175.0,8.72387101174171,11227.0,15.0,5062.0,15322.0
Libya,2022,109.78123809523808,13.21742857142857,5986.63694851258,0.556,7223805.0,8.72387101174171,7842.0,28.0,5112.0,13419.0
Libya,2023,105.91896226415095,13.178867924528301,6026.51518708812,1.466,7305659.0,8.72387101174171,7642.0,20.0,5136.0,13153.0
Lithuania,2010,132.202,17.110104166666666,11829.122609457,0.723,3097282.0,44.2329477463103,4667.0,7382.0,13817.0,12207.0
Lithuania,2011,137.47126315789475,18.01395833333333,14261.8433787325,0.931,3028115.0,44.7697609854166,5249.0,7103.0,16051.0,13496.0
Lithuania,2012,136.8717894736842,17.801041666666666,14288.1853493139,1.345,2989139.0,45.3489485273,5792.0,10083.0,19298.0,14027.0
Lithuania,2013,139.00484210526318,18.224270833333332,15636.5252586048,0.935,2961250.0,46.1332269644994,6368.0,11438.0,18491.0,14512.0
Lithuania,2014,139.58852631578947,18.25958762886598,16446.1647181663,2.203,2937253.0,47.1252992817239,6740.0,12483.0,20147.0,13780.0
Lithuania,2015,138.68,17.074742268041238,14269.8039878287,2.062,2911109.0,47.9792498004789,7195.0,14438.0,21400.0,12347.0
Lithuania,2016,138.98789473684212,17.603092783505154,14934.2702840428,1.909,2877325.0,47.1552632419144,5797.0,13413.0,20370.0,13188.0
Lithuania,2017,139.618,17.44556701030928,16800.1510246099,1.504,2842639.0,46.8590859022046,6237.0,13429.0,20012.0,12564.0
Lithuania,2018,136.40385416666666,17.524123711340206,19247.2315367967,2.389,2819200.0,47.0541274149768,6456.0,10832.0,17226.0,12995.0
Lithuania,2019,133.42422680412372,17.350714285714286,19608.7943945553,2.576,2811089.0,47.5087831363781,7087.0,13887.0,19732.0,12996.0
Lithuania,2020,133.1879381443299,17.396020408163263,20428.6478157394,3.38,2810369.0,46.9945704247844,6979.0,16857.0,22991.0,13224.0
Lithuania,2021,133.24690721649486,18.24020408163265,23870.4594851722,1.713,2808380.0,46.9222168982591,6995.0,13842.0,20009.0,13588.0
Lithuania,2022,132.86731958762886,18.22612244897959,25085.784063499,1.893,2831639.0,46.503418311929,8134.0,13458.0,20469.0,13551.0
Lithuania,2023,132.48505154639176,18.142142857142858,27786.0057829276,2.428,2871585.0,45.8945686900959,7931.0,15502.0,20821.0,13331.0
Luxembourg,2010,136.7954081632653,26.40926315789474,110885.991378721,0.325,506953.0,50.8999945619664,1950.0,1152.0,884.0,1680.0
Luxembourg,2011,136.17469387755102,26.440842105263158,119025.057203467,1.339,518347.0,50.9893336855108,2007.0,1133.0,861.0,1725.0
Luxembourg,2012,134.9408163265306,27.032105263157895,112584.676270958,1.264,530946.0,51.0475983313005,2249.0,1311.0,844.0,1754.0
Luxembourg,2013,134.75540816326532,26.62505263157895,120000.140729859,0.574,543360.0,50.8378456064573,2307.0,1300.0,886.0,1764.0
Luxembourg,2014,133.3458585858586,26.074791666666666,123678.702143275,2.472,556319.0,50.8805730133698,2468.0,1587.0,919.0,1730.0
Luxembourg,2015,130.3991,24.83814432989691,105462.012584423,1.523,569604.0,50.9893336855108,2540.0,1734.0,946.0,1658.0
Luxembourg,2016,128.48970297029703,24.617551020408165,106899.293549552,1.876,582014.0,50.7488949138849,2376.0,1608.0,893.0,1661.0
Luxembourg,2017,128.83,24.810714285714283,110193.213797228,1.643,596336.0,50.9458294166544,2430.0,1540.0,918.0,1748.0
Luxembourg,2018,132.98676767676767,24.81177083333333,116926.759593905,2.46,607950.0,51.1015902363991,2542.0,1702.0,970.0,1742.0
Luxembourg,2019,134.1489108910891,23.5484,112696.649059674,2.146,620001.0,51.1106795211423,2487.0,1675.0,970.0,1768.0
Luxembourg,2020,130.94313725490196,22.65970588235294,116860.02817236,2.619,630419.0,51.3218694405817,2585.0,1691.0,959.0,1900.0
Luxembourg,2021,130.34450980392157,22.847352941176467,134965.815442152,1.161,640064.0,51.5843322483161,2736.0,1740.0,960.0,1944.0
Luxembourg,2022,131.6649019607843,23.05764705882353,123719.658915996,2.917,653103.0,51.4711434630952,2865.0,1817.0,1022.0,1970.0
Luxembourg,2023,131.91225490196078,23.54745098039216,133230.619178899,2.597,666430.0,51.6606200912036,3056.0,1940.0,990.0,2023.0
"Macao SAR, China",2010,106.85158878504673,13.857102803738318,52596.2250160214,0.365,537000.0,,796.0,2.0,33.0,845.0
"Macao SAR, China",2011,111.16457943925234,14.624953271028039,67046.7284292101,0.324,549600.0,,891.0,2.0,35.0,911.0
"Macao SAR, China",2012,111.28607476635514,14.482803738317758,76058.0224963659,0.53,567900.0,,902.0,9.0,37.0,915.0
"Macao SAR, China",2013,112.8211214953271,14.551495327102804,87107.8313063626,0.769,591900.0,,912.0,7.0,37.0,940.0
"Macao SAR, China",2014,117.62169811320754,15.503490566037737,88355.3181764446,0.677,621700.0,,1067.0,9.0,37.0,1019.0
"Macao SAR, China",2015,117.06396226415093,15.021886792452829,69902.9605741233,1.147,642900.0,,1088.0,5.0,35.0,1002.0
"Macao SAR, China",2016,115.32943925233644,14.755233644859812,68911.6755919628,0.724,652500.0,,1053.0,2.0,35.0,1011.0
"Macao SAR, China",2017,115.46822429906543,15.575092592592592,77570.9876166977,1.272,648400.0,,1133.0,24.0,37.0,1102.0
"Macao SAR, China",2018,117.01858490566038,15.939622641509436,83588.2875009014,1.079,658900.0,,1206.0,13.0,34.0,1145.0
"Macao SAR, China",2019,119.9321359223301,17.270776699029128,81882.6964523869,1.654,672000.0,,1304.0,7.0,29.0,1231.0
"Macao SAR, China",2020,110.13038834951456,14.798461538461538,36883.6652578543,1.741,685400.0,,1066.0,8.0,27.0,1070.0
"Macao SAR, China",2021,109.70086538461538,14.984857142857143,44884.8961602393,1.837,682500.0,,1099.0,8.0,27.0,1124.0
"Macao SAR, China",2022,109.43990384615384,14.67104761904762,36806.891255461,1.238,677300.0,,1071.0,17.0,27.0,1114.0
"Macao SAR, China",2023,109.32980952380953,15.175943396226415,67216.3631112124,1.281,678800.0,,1195.0,10.0,27.0,1177.0
Madagascar,2010,80.04548076923076,10.093238095238094,450.009391645726,1.211,22183340.0,70.3219039103071,1280.0,275.0,30418.0,30469.0
Madagascar,2011,80.59153846153846,10.130857142857144,506.163691559309,1.139,22822300.0,70.2910819102949,1621.0,321.0,30823.0,31814.0
Madagascar,2012,80.22211538461539,10.063142857142859,493.511162904211,0.932,23462438.0,70.2910819102949,1471.0,299.0,31894.0,32546.0
Madagascar,2013,78.36105769230768,9.452857142857143,515.301589361832,0.837,24109290.0,70.2904778274321,2177.0,470.0,28956.0,30907.0
Madagascar,2014,78.26326923076923,9.200761904761904,505.684922503435,0.863,24764348.0,70.2904778274321,2191.0,423.0,29468.0,30652.0
Madagascar,2015,76.97240384615385,8.819142857142857,445.320069480568,1.216,25426702.0,70.2904778274321,1877.0,492.0,28614.0,30643.0
Madagascar,2016,75.10198113207548,8.745809523809525,453.970714522463,1.187,26099952.0,70.2904778274321,2017.0,532.0,29020.0,31158.0
Madagascar,2017,74.34084905660377,8.637904761904762,491.866848718929,1.435,26788375.0,70.2904778274321,3472.0,565.0,28402.0,31494.0
Madagascar,2018,74.02773584905661,8.607307692307693,500.45718552916,1.093,27494926.0,70.2904778274321,3447.0,524.0,29271.0,32031.0
Madagascar,2019,73.05594339622641,8.458461538461538,499.818837622534,1.505,28219554.0,70.2904778274321,3049.0,534.0,29966.0,32627.0
Madagascar,2020,72.56603773584905,8.174190476190477,450.771615201509,1.245,28953556.0,70.2904778274321,3066.0,487.0,29561.0,32543.0
Madagascar,2021,72.33367924528302,8.089333333333334,483.469463351195,1.231,29691083.0,70.2904778274321,3724.0,553.0,29696.0,32930.0
Madagascar,2022,75.7283962264151,8.533619047619048,503.51453347296,0.923,30437261.0,70.2904778274321,3676.0,570.0,31169.0,34155.0
Madagascar,2023,74.35169811320755,8.321142857142858,508.718427705591,1.385,31195932.0,70.2904778274321,2867.0,717.0,31806.0,34232.0
Malawi,2010,98.18538461538462,10.883300970873787,683.124694716799,1.053,14826463.0,58.1777683495969,575.0,564.0,34947.0,34537.0
Malawi,2011,99.38601941747574,10.669417475728157,763.061000394572,0.667,15265022.0,58.1777683495969,517.0,1418.0,36381.0,35425.0
Malawi,2012,99.5014423076923,10.707087378640775,558.46208832772,0.782,15709577.0,58.1777683495969,448.0,777.0,39496.0,38562.0
Malawi,2013,99.34586538461538,11.620291262135922,496.947368267313,0.614,16161816.0,58.8141705557913,701.0,792.0,42877.0,41351.0
Malawi,2014,95.36336448598131,12.168301886792452,529.5133440206,0.81,16621538.0,59.9384811200679,597.0,600.0,49221.0,47090.0
Malawi,2015,99.87153846153848,12.399038461538462,539.605363240686,0.841,17085587.0,60.5218498090793,875.0,596.0,46650.0,47298.0
Malawi,2016,97.79971428571427,11.964666666666666,450.506105510719,1.066,17557739.0,61.1158252015274,1209.0,586.0,45099.0,47315.0
Malawi,2017,97.21132075471698,12.846666666666668,495.769683367165,0.833,18039715.0,61.6991938905388,736.0,518.0,52077.0,52284.0
Malawi,2018,97.53811320754716,13.273653846153847,533.202567189331,0.801,18528081.0,62.2931692829869,656.0,614.0,52798.0,54439.0
Malawi,2019,97.83457142857142,12.78794117647059,580.889139762475,0.87,19025752.0,62.8765379719983,631.0,850.0,55430.0,54246.0
Malawi,2020,95.94082568807339,12.727196261682243,602.507478176106,1.128,19533888.0,63.4705133644463,724.0,704.0,59976.0,59080.0
Malawi,2021,100.40380952380954,13.423689320388348,617.446994451007,0.973,20047258.0,64.1705557912601,528.0,685.0,63973.0,62368.0
Malawi,2022,99.35495238095238,13.540873786407767,604.269740360317,1.049,20568728.0,64.1705557912601,232.0,827.0,63137.0,62848.0
Malawi,2023,99.50704761904761,13.538058252427184,633.214767978695,1.202,21104482.0,64.1705557912601,542.0,821.0,63071.0,63768.0
Malaysia,2010,105.72179245283019,10.576666666666666,8899.34505544675,0.968,28655776.0,22.4906406939583,43258.0,43691.0,229125.0,235641.0
Malaysia,2011,107.02735849056603,10.507547169811321,10217.1068585031,0.576,29162039.0,22.9207122203622,46373.0,46327.0,253386.0,256930.0
Malaysia,2012,107.91132075471697,10.853113207547171,10600.5744240026,0.721,29662831.0,23.8295541013544,49534.0,45066.0,257841.0,260591.0
Malaysia,2013,106.11632075471698,10.807428571428572,10713.6407638899,0.958,30174265.0,24.529904124182,48804.0,45887.0,259191.0,265863.0
Malaysia,2014,106.61742857142858,10.671619047619048,11013.3107334403,0.95,30696137.0,24.6203013239994,51332.0,46963.0,260611.0,269411.0
Malaysia,2015,108.23914285714287,10.844095238095237,9648.6797937523,1.139,31232798.0,26.0842185359915,54507.0,47549.0,269766.0,277564.0
Malaysia,2016,107.788,10.51152380952381,9476.53409809923,1.558,31789685.0,26.0873535230558,58906.0,45527.0,238854.0,256051.0
Malaysia,2017,108.924,10.584952380952382,9862.54806612235,1.11,32355644.0,26.0873535230558,61864.0,43925.0,275359.0,286697.0
Malaysia,2018,108.88428571428572,10.64,10901.8019954421,1.078,32910967.0,26.0873535230558,65965.0,46226.0,267878.0,284734.0
Malaysia,2019,108.93571428571428,10.583047619047619,10920.191763972,1.338,33440596.0,26.0873535230558,62898.0,50055.0,270108.0,285764.0
Malaysia,2020,110.45942857142857,10.571523809523809,9957.52626697613,1.337,33889558.0,26.0873535230558,61087.0,47468.0,264066.0,275312.0
Malaysia,2021,109.83533333333332,10.835238095238095,10903.1037480772,1.114,34282399.0,26.0873535230558,63031.0,46109.0,250987.0,265265.0
Malaysia,2022,112.35590476190477,11.36695238095238,11754.5678336248,1.053,34695493.0,26.0873535230558,67204.0,46820.0,259507.0,281813.0
Malaysia,2023,109.88580952380953,10.90342857142857,11386.0395636528,1.281,35126298.0,26.0873535230558,66553.0,46591.0,258369.0,277872.0
Maldives,2010,99.85336633663367,14.193366336633662,7173.59601844692,0.678,360792.0,23.0,431.0,109.0,284.0,632.0
Maldives,2011,99.96881188118812,14.054158415841584,7424.520410971,0.54,373674.0,23.0,482.0,113.0,272.0,658.0
Maldives,2012,100.32019801980198,15.8056,7461.29703686309,0.537,386818.0,21.3333333333333,553.0,112.0,266.0,752.0
Maldives,2013,101.3089108910891,15.751100000000001,8236.08177944126,0.61,400070.0,21.3333333333333,588.0,109.0,285.0,784.0
Maldives,2014,100.95563106796116,16.374901960784314,8939.07416571472,0.699,413617.0,21.3333333333333,685.0,129.0,280.0,868.0
Maldives,2015,101.96865384615384,16.000679611650487,9644.90655028145,0.758,428154.0,21.3333333333333,724.0,130.0,278.0,892.0
Maldives,2016,104.16669902912622,17.483529411764707,9947.80744731739,1.134,443308.0,21.3333333333333,1008.0,137.0,282.0,1050.0
Maldives,2017,99.31067307692307,14.859902912621358,10509.628805812,0.776,458287.0,21.3333333333333,803.0,182.0,308.0,907.0
Maldives,2018,97.85673076923078,14.128058252427184,11423.2838427029,0.545,473099.0,21.3333333333333,779.0,182.0,325.0,894.0
Maldives,2019,97.0811320754717,14.401981132075472,11740.2724029785,0.859,487731.0,21.3333333333333,835.0,161.0,297.0,967.0
Maldives,2020,94.3207476635514,13.06411214953271,7393.8886543933,0.844,502118.0,21.3333333333333,754.0,161.0,297.0,832.0
Maldives,2021,98.1751923076923,15.547087378640775,10176.143882547,0.781,516154.0,19.6666666666667,908.0,161.0,287.0,958.0
Maldives,2022,100.74631067961164,16.38950980392157,11786.0191492983,0.485,524106.0,19.6666666666667,1034.0,161.0,286.0,1133.0
Maldives,2023,100.45601941747572,16.362254901960785,12587.6126038651,0.723,525994.0,19.7986577181208,995.0,161.0,289.0,1115.0
Malta,2010,130.22961165048542,19.21650485436893,21946.6069636029,1.153,414508.0,32.28125,865.0,72.0,378.0,1218.0
Malta,2011,130.1866990291262,19.50495145631068,23516.9691234302,0.887,416268.0,32.28125,932.0,79.0,375.0,1241.0
Malta,2012,131.7395145631068,19.70592233009709,22878.3130866521,1.399,420028.0,32.1875,1079.0,173.0,363.0,1265.0
Malta,2013,133.75766990291262,19.715686274509803,25415.5566867731,1.325,424810.0,31.96875,985.0,96.0,364.0,1226.0
Malta,2014,129.94259615384615,21.923300970873786,27424.5765646694,1.46,433481.0,31.96875,1053.0,108.0,373.0,1326.0
Malta,2015,127.11196261682242,20.831415094339622,25529.6813337717,1.457,444220.0,31.96875,1163.0,104.0,368.0,1361.0
Malta,2016,129.12173076923077,20.271941747572818,26459.0770929988,1.691,454505.0,32.4375,1113.0,130.0,370.0,1388.0
Malta,2017,131.6571153846154,20.817281553398058,30317.2443175543,1.254,467106.0,32.4375,1229.0,125.0,375.0,1468.0
Malta,2018,123.9762037037037,19.238333333333337,33382.2677499267,1.521,483903.0,32.4375,1231.0,108.0,377.0,1503.0
Malta,2019,122.14999999999999,18.30622641509434,32421.9179752262,1.325,503912.0,32.4375,1212.0,85.0,268.0,1415.0
Malta,2020,120.26292452830188,17.291142857142855,31823.4363934505,1.631,515490.0,28.46875,1052.0,88.0,265.0,1224.0
Malta,2021,120.29870370370371,16.972685185185185,38096.8360735119,2.091,518150.0,27.34375,1027.0,103.0,255.0,1210.0
Malta,2022,122.95682242990654,17.754953271028036,35638.8869457406,1.9,531113.0,27.34375,1219.0,114.0,258.0,1326.0
Malta,2023,123.91682242990655,17.92943925233645,40905.8059585057,2.225,552747.0,25.909375,1187.0,121.0,258.0,1342.0
Marshall Islands,2019,110.05915094339623,14.730882352941176,5292.33985502306,1.012,44007.0,38.8888888888889,128.0,150.0,294.0,270.0
Marshall Islands,2020,110.15064220183487,15.763177570093456,5661.96787336674,1.123,42706.0,38.8888888888889,82.0,104.0,268.0,238.0
Marshall Islands,2021,118.74367924528302,17.370388349514563,6315.31279603534,0.834,41367.0,38.8888888888889,73.0,96.0,272.0,240.0
Marshall Islands,2022,117.0302752293578,15.564392523364488,6455.66062185762,0.457,40077.0,38.8888888888889,118.0,98.0,294.0,310.0
Marshall Islands,2023,119.68807339449542,16.707037037037036,6793.24495895856,0.744,38827.0,38.8888888888889,61.0,96.0,288.0,249.0
Mauritania,2010,107.25557692307692,9.119428571428571,1659.96369705455,1.937,3390965.0,38.5272145144077,2382.0,345.0,1856.0,3856.0
Mauritania,2011,108.5325,9.540285714285714,1931.19975525465,1.578,3502811.0,38.5272145144077,2509.0,684.0,1906.0,3953.0
Mauritania,2012,109.52161904761905,9.435943396226415,1859.11733247641,0.852,3619034.0,38.5272145144077,3039.0,824.0,2344.0,4313.0
Mauritania,2013,108.53219047619046,9.763018867924528,1934.24103064714,1.409,3734318.0,38.5272145144077,2855.0,743.0,2225.0,4315.0
Mauritania,2014,109.41903846153846,9.770857142857144,1713.00865264234,1.319,3848514.0,38.5272145144077,4053.0,741.0,2379.0,4480.0
Mauritania,2015,107.65085714285715,9.94433962264151,1554.94897871782,1.341,3965959.0,38.5272145144077,4325.0,755.0,2294.0,4741.0
Mauritania,2016,106.42180952380951,9.301320754716981,1565.76575722696,1.651,4086657.0,38.5272145144077,3287.0,1194.0,2777.0,4632.0
Mauritania,2017,107.9033653846154,9.217619047619047,1615.00401327323,2.07,4210600.0,38.5272145144077,4230.0,1598.0,3226.0,4941.0
Mauritania,2018,109.88485436893204,9.973173076923077,1722.93528854073,1.115,4337685.0,38.5272145144077,4374.0,1554.0,3623.0,5391.0
Mauritania,2019,115.17295918367347,10.323917525773195,1767.072710621,1.522,4467708.0,38.5272145144077,4514.0,1862.0,3124.0,5636.0
Mauritania,2020,113.32459999999999,10.133838383838384,1795.76459566714,1.971,4600131.0,38.5272145144077,4575.0,1859.0,3229.0,6044.0
Mauritania,2021,114.15,10.398775510204082,1947.78918383313,1.917,4734874.0,38.5272145144077,4226.0,1866.0,3432.0,5788.0
Mauritania,2022,113.52617647058824,10.305,1960.35240077424,1.786,4875637.0,38.5272145144077,4832.0,1869.0,3544.0,6394.0
Mauritania,2023,111.7343137254902,9.5876,2135.78187606359,2.163,5022441.0,38.5272145144077,4444.0,1946.0,3578.0,5961.0
Mauritius,2010,116.87823529411764,12.25242718446602,8113.17670740212,0.95,1250400.0,44.8275862068966,1759.0,1621.0,10446.0,10678.0
Mauritius,2011,115.28098039215686,12.195728155339806,9324.24232310496,0.791,1252404.0,44.5668502754131,1805.0,1456.0,10145.0,10583.0
Mauritius,2012,114.69588235294117,12.785784313725491,9421.52514098225,0.545,1255882.0,43.565348022033,1925.0,1492.0,9489.0,9997.0
Mauritius,2013,114.36637254901962,12.932156862745098,9877.13865958834,0.693,1258927.0,43.064596895343,2093.0,1482.0,9252.0,9908.0
Mauritius,2014,113.45601941747572,12.81359223300971,10490.3315563853,0.768,1261208.0,43.064596895343,2136.0,1474.0,9689.0,10374.0
Mauritius,2015,113.4352427184466,12.843300970873788,9630.5437837507,1.06,1262879.0,43.064596895343,2290.0,1523.0,9471.0,10246.0
Mauritius,2016,112.76514563106795,13.053300970873787,10095.1225574156,0.908,1263747.0,43.064596895343,2256.0,1618.0,9114.0,9779.0
Mauritius,2017,115.20323529411765,13.334705882352942,10986.7034093005,1.122,1264887.0,43.064596895343,2439.0,1423.0,8922.0,9785.0
Mauritius,2018,116.99772277227723,13.669,11818.7480619272,0.926,1265577.0,43.064596895343,2157.0,1023.0,7730.0,8668.0
Mauritius,2019,114.07076190476191,13.915142857142856,11568.2533399824,1.355,1265985.0,43.064596895343,2340.0,1276.0,8253.0,9212.0
Mauritius,2020,118.17737864077671,14.006442307692309,9135.84773751062,1.14,1266014.0,43.064596895343,2190.0,1196.0,6501.0,7662.0
Mauritius,2021,117.66144230769231,14.023142857142858,9177.71195973013,1.02,1266334.0,43.064596895343,2219.0,914.0,6585.0,7674.0
Mauritius,2022,120.09190476190476,15.008761904761906,10246.5017455553,0.611,1262523.0,43.064596895343,2438.0,1105.0,5757.0,6950.0
Mauritius,2023,120.72132075471697,15.382897196261682,11269.9684462139,1.523,1248647.0,43.043264897346,2538.0,1156.0,6273.0,7526.0
Mexico,2010,116.4816037735849,11.97152380952381,9728.80078377082,0.25,113623895.0,52.3712029630392,67125.0,32242.0,302975.0,340569.0
Mexico,2011,115.5622641509434,11.877714285714287,10664.4944032313,0.974,115243504.0,52.1217109493557,71021.0,34659.0,290949.0,332613.0
Mexico,2012,115.7983962264151,11.949714285714286,10744.1335242686,0.881,116818208.0,51.7050335656781,72439.0,35748.0,308877.0,348713.0
Mexico,2013,115.50216981132075,12.002857142857142,11216.8008505428,0.707,118343573.0,51.1772422130199,64641.0,40644.0,336038.0,367923.0
Mexico,2014,116.87594339622642,12.02190476190476,11391.3773497683,0.858,119784261.0,50.7976028190025,69673.0,41584.0,335003.0,364995.0
Mexico,2015,116.28336448598131,12.171132075471698,10021.2386118827,1.072,121072306.0,50.7626224954345,75644.0,41697.0,333938.0,365178.0
Mexico,2016,118.39311320754717,12.509428571428572,9097.92397674769,1.266,122251351.0,50.5866920445485,83151.0,47690.0,354262.0,379388.0
Mexico,2017,118.77575471698113,12.632476190476192,9649.27816772402,1.526,123400057.0,49.8706242444507,88734.0,49061.0,360674.0,390174.0
Mexico,2018,119.04915094339621,12.860190476190475,10084.7937562021,1.125,124573711.0,49.6494251395355,93756.0,52284.0,363959.0,396035.0
Mexico,2019,120.31622641509435,12.873428571428573,10369.5553585271,1.264,125762982.0,49.4385143650814,91747.0,50423.0,370941.0,416826.0
Mexico,2020,120.22292452830187,12.810857142857143,8841.27075039868,1.615,126799054.0,51.5149441086448,82922.0,47238.0,360808.0,400030.0
Mexico,2021,120.77367924528302,12.816857142857142,10314.0506722115,1.054,127648148.0,51.5064078294195,90011.0,51155.0,368779.0,404150.0
Mexico,2022,120.52160377358491,12.91647619047619,11405.7940473759,1.159,128613117.0,50.8701226883407,86695.0,52634.0,371270.0,408334.0
Mexico,2023,122.08528301886793,13.238380952380952,13860.9597809326,1.728,129739759.0,50.6933879986625,91683.0,50325.0,375391.0,414956.0
"Micronesia, Fed. Sts.",2019,125.3846590909091,16.74686746987952,3572.65918282222,1.373,110282.0,7.14285714285714,80.0,186.0,555.0,444.0
"Micronesia, Fed. Sts.",2020,114.71499999999999,15.327333333333334,3362.02802120524,1.45,110916.0,7.14285714285714,69.0,204.0,579.0,441.0
"Micronesia, Fed. Sts.",2021,127.796091954023,17.225232558139535,3508.22314197664,1.181,111624.0,7.14285714285714,71.0,292.0,567.0,342.0
"Micronesia, Fed. Sts.",2022,120.57933333333332,16.115168539325843,3710.12451611752,1.15,112114.0,7.14285714285714,66.0,292.0,567.0,340.0
"Micronesia, Fed. Sts.",2023,115.99133333333333,16.074606741573035,3919.64307910859,1.275,112630.0,7.14285714285714,56.0,294.0,567.0,336.0
Moldova,2010,103.19524752475247,13.624285714285715,2436.79935102421,1.268,2862354.0,75.0380517503805,1015.0,2611.0,12646.0,10268.0
Moldova,2011,105.15544554455447,14.057857142857143,2941.36224066021,0.407,2860699.0,74.9467275494673,1032.0,2819.0,12821.0,10548.0
Moldova,2012,104.78435643564356,13.638673469387754,3044.8084324815,1.979,2860324.0,74.8630553864881,1121.0,2163.0,8919.0,8850.0
Moldova,2013,106.2159405940594,13.971340206185568,3321.04397795719,1.23,2859558.0,74.8479318734793,1103.0,3792.0,13921.0,9911.0
Moldova,2014,107.90313131313131,14.239895833333334,3289.95758568777,1.304,2857815.0,70.4075425790754,1032.0,4683.0,15729.0,11294.0
Moldova,2015,107.47930693069307,13.768383838383837,2749.55137054338,1.822,2835978.0,70.4987834549878,992.0,4242.0,11632.0,9751.0
Moldova,2016,109.7750495049505,14.3291,2847.08794770479,1.89,2803186.0,70.4957420924574,1028.0,5113.0,14362.0,9836.0
Moldova,2017,111.31941176470588,14.473465346534653,3453.26727720294,1.209,2755189.0,70.456065673457,1133.0,5920.0,16138.0,10824.0
Moldova,2018,114.47294117647058,15.515742574257425,4156.44981956646,1.866,2707203.0,68.6355301608926,1185.0,5893.0,16508.0,11548.0
Moldova,2019,114.89,15.512673267326733,4405.33418162155,2.175,2664224.0,68.7711146722455,1189.0,6773.0,16238.0,10990.0
Moldova,2020,114.09225490196079,14.335544554455447,4375.7788930524,2.933,2635130.0,75.1445965588756,1327.0,4496.0,9828.0,8523.0
Moldova,2021,114.5743137254902,14.380776699029127,5274.60582195352,1.122,2595809.0,75.0684098510185,1221.0,6082.0,18498.0,10368.0
Moldova,2022,112.63049019607843,14.293980582524272,5744.29618434435,1.921,2528654.0,74.9695863746959,1825.0,6623.0,11074.0,8269.0
Moldova,2023,114.13931372549018,14.824368932038835,6799.58594644576,2.781,2457783.0,74.096568478591,1471.0,7472.0,14714.0,9864.0
Mongolia,2010,94.93227722772276,9.87171717171717,2625.21881402433,0.323,2738622.0,73.3388467572954,1161.0,44.0,2384.0,3567.0
Mongolia,2011,97.79495049504949,10.714747474747474,3736.04201455077,0.777,2786317.0,73.3264775940588,1100.0,54.0,2886.0,3987.0
Mongolia,2012,99.72643564356436,11.0815,4328.89001905655,0.254,2839705.0,73.2494851072419,1129.0,32.0,3183.0,4122.0
Mongolia,2013,99.5439,10.753535353535355,4340.14310544449,1.039,2899011.0,73.2252730410926,1085.0,88.0,3101.0,3924.0
Mongolia,2014,99.29118811881187,11.120784313725489,4126.23975800524,1.896,2963113.0,73.001629001279,1138.0,138.0,3488.0,4203.0
Mongolia,2015,100.59980582524271,11.082307692307692,3838.92126989984,2.143,3026864.0,72.990217275856,1480.0,185.0,3249.0,4524.0
Mongolia,2016,99.51647619047618,11.30622641509434,3619.90026383792,1.409,3088856.0,72.9236771309318,1543.0,146.0,3774.0,4481.0
Mongolia,2017,98.58582524271844,11.246923076923078,3645.96708669551,2.518,3148917.0,72.8635713833453,1337.0,187.0,3286.0,4463.0
Mongolia,2018,106.25067961165048,12.44368932038835,4107.64288528468,2.234,3208189.0,72.8416347996956,2180.0,303.0,4156.0,5225.0
Mongolia,2019,107.85382352941177,12.687843137254903,4347.54610314873,1.869,3267673.0,72.6641956567248,1491.0,257.0,4206.0,5241.0
Mongolia,2020,106.67579439252336,12.848130841121495,4001.25193077703,2.394,3327204.0,72.2189891455646,1769.0,180.0,4810.0,5580.0
Mongolia,2021,111.00632075471698,13.615377358490566,4517.61578018785,2.022,3383741.0,72.1791744756203,2494.0,122.0,4571.0,6311.0
Mongolia,2022,114.3953846153846,15.009326923076923,4993.51487463495,2.226,3433748.0,71.9096506603489,1985.0,105.0,4952.0,6497.0
Mongolia,2023,112.62875,14.038365384615386,5838.63108083902,2.196,3481145.0,68.9555729589301,2107.0,401.0,4812.0,6437.0
Montenegro,2010,128.99020000000002,20.408686868686868,6678.63930800758,1.199,619428.0,38.0669144981413,1255.0,87.0,560.0,1776.0
Montenegro,2011,129.6214,20.817777777777778,7265.51668681954,0.99,620345.0,38.1412639405204,1255.0,83.0,613.0,1804.0
Montenegro,2012,122.8957843137255,19.256930693069307,6552.48071710904,1.663,621418.0,38.1412639405204,1196.0,85.0,545.0,1681.0
Montenegro,2013,124.22509803921568,20.043499999999998,7102.77882895852,1.459,622587.0,16.5895910780669,1216.0,80.0,581.0,1731.0
Montenegro,2014,125.11435643564356,19.7305,7342.17339453427,1.569,623744.0,17.1241635687732,1265.0,133.0,556.0,1698.0
Montenegro,2015,129.2707,21.041717171717174,6421.00307345999,1.766,624651.0,17.2044609665428,1333.0,91.0,602.0,1848.0
Montenegro,2016,131.97299999999998,21.770404040404042,6968.01539365317,1.549,625353.0,19.0111524163569,1361.0,85.0,632.0,1869.0
Montenegro,2017,132.560198019802,22.1186,7674.2813940676,1.304,625982.0,19.0557620817844,1404.0,64.0,609.0,1872.0
Montenegro,2018,127.49188679245283,21.388285714285715,8673.59128084795,2.26,626438.0,19.092936802974,1463.0,52.0,612.0,1913.0
Montenegro,2019,127.04411214953271,21.19150943396226,8749.02375172644,1.842,626753.0,19.1078066914498,1462.0,35.0,585.0,1894.0
Montenegro,2020,130.19085714285714,20.473076923076924,7538.53635992191,1.696,626590.0,19.17843866171,1288.0,50.0,553.0,1818.0
Montenegro,2021,132.23499999999999,21.299809523809525,9317.15520065156,1.605,625053.0,19.0007434944238,1420.0,59.0,551.0,1867.0
Montenegro,2022,131.94396226415094,21.60295238095238,10024.5435616209,1.81,623591.0,18.8847583643123,1434.0,57.0,531.0,1861.0
Montenegro,2023,130.346261682243,21.66556603773585,12259.8775034436,2.352,623529.0,19.5925650557621,1485.0,69.0,515.0,1906.0
Morocco,2010,127.29009803921569,12.529901960784313,3067.9853515625,2.009,32467016.0,67.1931436253641,19157.0,5176.0,55580.0,70002.0
Morocco,2011,129.0886274509804,12.82970588235294,3301.98876953125,1.683,32912588.0,67.4519381581896,16768.0,4455.0,60087.0,73046.0
Morocco,2012,129.71166666666667,12.961372549019607,3164.17724609375,1.287,33355241.0,68.1223392336993,21936.0,5112.0,50563.0,72141.0
Morocco,2013,130.02401960784314,12.765686274509806,3379.7431640625,1.197,33787571.0,68.5301366793637,17323.0,5759.0,60897.0,69642.0
Morocco,2014,131.89764705882354,13.130980392156863,3435.40698242188,1.631,34204780.0,67.404212413175,23613.0,6192.0,59059.0,77592.0
Morocco,2015,129.09403846153847,12.861153846153845,3146.24780273438,1.166,34607588.0,67.3246695048174,19173.0,6236.0,69688.0,74441.0
Morocco,2016,131.67553398058251,12.34701923076923,3140.85546875,1.788,35023457.0,69.1799238180596,28586.0,6925.0,51732.0,80218.0
Morocco,2017,129.75252427184466,12.771844660194175,3296.52661132813,2.095,35446392.0,69.5643024871163,22433.0,7356.0,66584.0,78859.0
Morocco,2018,130.4143269230769,12.781538461538462,3501.69799804688,0.541,35839760.0,68.3975066099036,21920.0,8233.0,69955.0,81633.0
Morocco,2019,125.88242990654206,12.645714285714286,3508.09765625,1.462,36210898.0,66.34978041676,25075.0,8313.0,60666.0,80700.0
Morocco,2020,124.38766355140187,11.942666666666668,3268.0302734375,2.083,36584208.0,67.0205229666144,32496.0,8542.0,52883.0,80684.0
Morocco,2021,125.30018691588786,12.37152380952381,3785.93627929688,1.771,36954442.0,67.0350365225185,26313.0,8935.0,67141.0,81438.0
Morocco,2022,123.26056074766355,12.254761904761905,3463.1376953125,2.247,37329064.0,65.8091218911046,30095.0,9566.0,52139.0,76032.0
Morocco,2023,124.47803738317756,11.896857142857144,3813.72607421875,2.524,37712505.0,66.7449381581896,32524.0,8255.0,50502.0,75374.0
Mozambique,2010,90.795,9.235999999999999,496.185839392659,0.962,22999235.0,50.4410844629823,3137.0,1168.0,31861.0,33415.0
Mozambique,2011,90.58314285714285,9.238095238095237,618.17649286789,0.718,23649039.0,50.7035885958443,3505.0,1191.0,34756.0,35996.0
Mozambique,2012,87.1187619047619,8.678285714285714,685.685748199513,0.715,24337846.0,50.9660927287062,3560.0,1109.0,32102.0,34140.0
Mozambique,2013,84.48903846153847,8.492095238095239,686.505672517351,0.438,25051611.0,51.2706884712226,4522.0,1158.0,29682.0,33309.0
Mozambique,2014,78.2685576923077,7.94447619047619,697.142680444123,0.633,25788475.0,51.5212390956026,4177.0,1411.0,28917.0,32050.0
Mozambique,2015,72.39216981132076,7.411603773584906,610.563774706589,0.93,26547572.0,51.8231643734581,4896.0,1327.0,26437.0,30337.0
Mozambique,2016,69.69952380952381,7.201714285714286,441.489734819071,1.108,27337105.0,52.2482896309672,4456.0,1108.0,25848.0,29666.0
Mozambique,2017,73.32367924528302,7.6246226415094345,470.93856305196,0.78,28166393.0,52.5799231923498,6054.0,1697.0,28221.0,32380.0
Mozambique,2018,78.34396226415093,8.646698113207547,517.507260258101,0.68,29018644.0,52.7751621353544,5687.0,2050.0,35129.0,37669.0
Mozambique,2019,80.15314285714285,8.832596153846154,519.09255091362,1.069,29884380.0,52.7979246674636,7032.0,2088.0,36532.0,40078.0
Mozambique,2020,80.99383177570094,8.498878504672897,462.433876479921,0.897,30783688.0,52.7793585798215,7594.0,1300.0,33808.0,38310.0
Mozambique,2021,82.66349056603774,8.974528301886792,509.907829475551,0.724,31707800.0,52.7742719804675,8861.0,2539.0,36077.0,40446.0
Mozambique,2022,83.06064814814815,9.136759259259259,578.251663751351,0.847,32656246.0,52.7726188356774,7850.0,2822.0,40205.0,43792.0
Mozambique,2023,80.89796296296296,8.708240740740742,622.000297682823,1.069,33635160.0,52.7891502835779,6184.0,2303.0,36721.0,40963.0
Myanmar,2010,111.306875,11.317319587628866,1010.53417343401,1.228,49024382.0,19.1746012307504,2182.0,3926.0,140333.0,134244.0
Myanmar,2011,110.83458333333334,11.309072164948454,1213.62898703376,0.512,49419820.0,19.2227035466638,2350.0,4956.0,133974.0,129928.0
Myanmar,2012,111.29708333333333,11.295670103092784,1202.6658960055,0.952,49837446.0,19.2130444767664,2880.0,5435.0,129108.0,126632.0
Myanmar,2013,111.90802083333334,11.361134020618556,1199.09561597055,0.991,50262658.0,19.2732896429228,3069.0,6058.0,133879.0,130520.0
Myanmar,2014,101.01287037037036,10.438981481481482,1293.00042319714,0.81,50681634.0,19.342193911925,3876.0,9444.0,134282.0,128356.0
Myanmar,2015,101.00770642201834,10.532385321100918,1166.73305547935,1.192,51089056.0,19.5213448582103,6797.0,11744.0,133734.0,128587.0
Myanmar,2016,103.58560747663552,10.76551401869159,1229.19713491328,1.418,51495696.0,19.5471674990043,11523.0,11495.0,133498.0,132556.0
Myanmar,2017,102.18899082568808,10.622660550458717,1272.82241815234,1.339,51894938.0,19.997855227882,10291.0,15352.0,134010.0,129362.0
Myanmar,2018,103.71859813084112,11.13952380952381,1298.21310327675,1.12,52272247.0,20.0265052857362,9619.0,14317.0,139558.0,134289.0
Myanmar,2019,107.58601941747574,11.124563106796115,1425.98954241668,1.776,52640713.0,19.8857055308718,7165.0,15372.0,137998.0,135910.0
Myanmar,2020,105.02092592592592,10.975420560747665,1490.21683599469,1.589,53016522.0,19.8875388787596,6712.0,15449.0,128023.0,113358.0
Myanmar,2021,106.77764150943396,11.091619047619046,1242.7213439951,1.636,53387102.0,19.8875388787596,5097.0,15333.0,130647.0,116014.0
Myanmar,2022,104.62065420560748,10.890754716981133,1158.05005055976,1.38,53756787.0,19.8875388787596,3315.0,17356.0,130969.0,111064.0
Myanmar,2023,104.7392523364486,10.792169811320756,1233.19666209269,1.792,54133798.0,19.9140944121838,3513.0,14544.0,127058.0,113438.0
Namibia,2010,83.17074766355141,10.401132075471699,5418.21633365814,1.202,2109811.0,47.1389182426605,901.0,968.0,2731.0,2932.0
Namibia,2011,84.36514018691588,10.496698113207549,5834.7917675794,-0.48,2146325.0,47.1389182426605,894.0,1014.0,2829.0,3032.0
Namibia,2012,88.3570093457944,11.564056603773585,5942.64680978673,-0.142,2194654.0,47.1389182426605,2115.0,1566.0,3100.0,3427.0
Namibia,2013,89.91046728971963,11.65056603773585,5346.62131149967,0.727,2252508.0,47.1389182426605,2192.0,1701.0,3036.0,3341.0
Namibia,2014,90.38405660377357,11.078113207547169,5378.32326241205,0.377,2312139.0,47.1389182426605,2175.0,1502.0,3012.0,3342.0
Namibia,2015,91.78509433962263,11.361981132075472,4774.10650865775,1.179,2374300.0,47.1401328814877,2618.0,1563.0,3148.0,3675.0
Namibia,2016,90.89,11.077264150943396,4395.68776162376,1.433,2439213.0,47.1401328814877,2615.0,1596.0,3126.0,3687.0
Namibia,2017,91.23867924528302,10.908867924528302,5143.96072323076,0.728,2506853.0,47.1413475203148,2832.0,1792.0,3229.0,4128.0
Namibia,2018,90.47764150943395,10.508207547169812,5308.60813408705,1.006,2577327.0,47.1413475203148,2349.0,1562.0,3227.0,4009.0
Namibia,2019,92.27556603773586,11.019622641509434,4731.9210318831,2.071,2650494.0,47.1413475203148,4217.0,1827.0,3152.0,5287.0
Namibia,2020,91.2917924528302,10.380186915887851,3878.58982993966,0.558,2728762.0,47.1413475203148,2142.0,1288.0,3262.0,3902.0
Namibia,2021,91.70336448598131,10.604259259259258,4412.8355693052,0.015,2810548.0,47.142562159142,3133.0,1518.0,3181.0,4379.0
Namibia,2022,94.88641509433961,10.953177570093459,4349.79908493314,0.085,2889662.0,47.142562159142,2585.0,1358.0,3261.0,4365.0
Namibia,2023,96.25169811320755,11.051401869158878,4187.60500396525,0.806,2963095.0,47.142562159142,2939.0,1311.0,3292.0,4829.0
Nauru,2019,130.38101123595504,18.117926829268292,10801.7705659635,,,20.0,8.0,0.0,71.0,81.0
Nauru,2020,131.608202247191,18.569638554216866,10709.068810538,,,20.0,12.0,0.0,188.0,200.0
Nauru,2021,121.28083333333335,17.043478260869566,14979.099896799,,,20.0,10.0,0.0,244.0,256.0
Nauru,2022,124.77822916666668,17.00720430107527,12911.9086441381,,,20.0,12.0,0.0,244.0,257.0
Nauru,2023,125.3671875,16.126989247311826,12752.4723855838,,,20.0,13.0,2.0,244.0,256.0
Nepal,2010,94.03584905660377,10.423981481481482,585.278491984574,1.261,27341952.0,28.782699686083,2890.0,493.0,40186.0,45144.0
Nepal,2011,97.15028846153845,10.64935185185185,785.518656222132,0.33,27464494.0,28.7868852459016,3061.0,357.0,43347.0,46896.0
Nepal,2012,97.2138679245283,11.138518518518518,788.202937148377,0.52,27534915.0,28.5151398674573,3767.0,435.0,46800.0,49669.0
Nepal,2013,98.24405660377359,11.15712962962963,803.269595420477,0.289,27589996.0,28.2957244506453,4541.0,381.0,45088.0,49424.0
Nepal,2014,96.6705504587156,11.20981818181818,821.455224911731,0.425,27672370.0,28.1675388908266,5561.0,430.0,47980.0,52513.0
Nepal,2015,100.61245283018869,11.50275229357798,875.543635474862,0.771,27823629.0,27.9640516219044,5151.0,311.0,47769.0,52961.0
Nepal,2016,101.59440366972476,11.92990990990991,877.256454696737,1.32,27955462.0,27.7312179979072,6527.0,277.0,50642.0,57272.0
Nepal,2017,102.538,11.863333333333333,1034.28374906846,1.292,28011258.0,27.5400788280433,6984.0,252.0,50507.0,56573.0
Nepal,2018,102.75363636363636,11.757837837837839,1179.19843190389,0.785,28079689.0,26.9733247296826,7549.0,458.0,51692.0,57863.0
Nepal,2019,103.90045454545454,12.034684684684684,1203.14294706401,0.815,28414064.0,26.7748852459016,8293.0,783.0,54130.0,59630.0
Nepal,2020,104.78792792792792,12.155625,1154.21517578318,0.295,28966574.0,26.5011008022323,9873.0,626.0,55026.0,61696.0
Nepal,2021,108.70697247706423,12.49190909090909,1252.75076731986,0.655,29475010.0,26.3199051273108,13351.0,1225.0,55005.0,64953.0
Nepal,2022,106.90127272727273,12.474324324324325,1385.91066274851,0.964,29715436.0,26.1213812347401,8069.0,728.0,56482.0,63295.0
Nepal,2023,104.98954545454546,12.35918918918919,1382.33055769304,1.171,29694614.0,26.1185908615277,7139.0,1046.0,56506.0,62609.0
Netherlands,2010,127.57677083333334,18.370833333333334,51305.7338533973,0.097,16615394.0,55.5084494515268,121351.0,94563.0,73151.0,99122.0
Netherlands,2011,127.50541666666668,19.973229166666666,54701.7728030611,1.064,16693074.0,55.1126927639383,125493.0,100131.0,77010.0,102105.0
Netherlands,2012,128.27989583333334,20.107604166666665,50473.9442002689,1.148,16754962.0,54.6174377224199,127001.0,103386.0,74138.0,100418.0
Netherlands,2013,128.27479166666666,20.756666666666664,52602.2860520766,0.423,16804432.0,54.8411991688928,131660.0,104513.0,74217.0,102460.0
Netherlands,2014,127.3218556701031,20.116701030927835,53457.2234864322,2.553,16865008.0,54.5888987830217,131721.0,98586.0,76946.0,104220.0
Netherlands,2015,129.77364583333335,20.863020833333334,45793.8135434697,1.282,16939923.0,54.8262548262548,135788.0,101977.0,71932.0,98044.0
Netherlands,2016,128.80427083333333,21.225520833333334,46808.5291492503,1.926,17030314.0,53.9055539055539,137926.0,104783.0,73521.0,103075.0
Netherlands,2017,129.88197916666667,21.121666666666666,49513.6817346384,1.714,17131296.0,54.024354024354,153606.0,120659.0,82718.0,112655.0
Netherlands,2018,130.92458333333335,23.097291666666663,53955.0770024266,2.128,17231624.0,54.1431541431541,164054.0,121349.0,75432.0,117574.0
Netherlands,2019,135.10979381443298,20.092886597938143,53554.9007491475,2.129,17344874.0,53.959013959014,161237.0,121668.0,80309.0,114387.0
Netherlands,2020,134.8678350515464,20.57298969072165,53467.9277413737,2.461,17441500.0,53.8892188892189,167958.0,125118.0,78955.0,115072.0
Netherlands,2021,136.10597938144332,19.63298969072165,60141.9880911492,1.3,17533044.0,53.8164538164538,166143.0,126592.0,78131.0,117813.0
Netherlands,2022,136.1441237113402,20.413814432989692,59123.318556487,2.579,17700982.0,53.5788535788536,174282.0,133718.0,79630.0,118068.0
Netherlands,2023,136.16577319587628,19.640927835051546,63515.6030780019,2.329,17877117.0,53.5491535491536,166451.0,127743.0,75840.0,111755.0
New Caledonia,2010,105.95509803921568,15.64252427184466,35798.9084757829,0.973,261582.0,10.8643326039387,435.0,8.0,129.0,557.0
New Caledonia,2011,104.74921568627451,15.756893203883495,38835.9401851385,0.787,266543.0,10.410284463895,464.0,10.0,132.0,580.0
New Caledonia,2012,104.21725490196079,16.19514563106796,35559.5672006157,0.588,271633.0,10.0675054704595,496.0,12.0,142.0,603.0
New Caledonia,2013,105.22343137254903,15.19019417475728,36671.1566752621,0.683,276822.0,10.050875273523,469.0,10.0,129.0,558.0
New Caledonia,2014,105.86872549019608,15.696990291262136,37816.9558599295,0.705,281224.0,10.050875273523,479.0,9.0,149.0,579.0
New Caledonia,2015,106.39254901960786,15.818446601941748,30858.7237060533,0.918,283168.0,10.0672866520788,441.0,4.0,168.0,577.0
New Caledonia,2016,105.98679611650485,15.579902912621359,30782.8544433514,1.75,283423.0,10.0672866520788,414.0,7.0,167.0,576.0
New Caledonia,2017,106.28572815533981,15.230388349514563,32354.7102832901,1.536,283546.0,10.0672866520788,408.0,9.0,170.0,566.0
New Caledonia,2018,105.23285714285713,14.17495238095238,34902.8968780031,1.184,283541.0,10.0672866520788,389.0,9.0,164.0,534.0
New Caledonia,2019,109.99029126213593,14.819519230769231,33411.3358835672,1.094,283606.0,10.0672866520788,403.0,9.0,168.0,556.0
New Caledonia,2020,109.5989423076923,14.839047619047617,33270.330597637,1.172,284176.0,10.0672866520788,408.0,9.0,173.0,553.0
New Caledonia,2021,111.47403846153847,14.93173076923077,35311.5543551452,0.946,285214.0,10.0672866520788,407.0,9.0,156.0,539.0
New Caledonia,2022,112.16038461538461,15.008365384615384,33516.363085906,1.676,287123.0,10.0672866520788,416.0,3.0,146.0,546.0
New Caledonia,2023,112.84278846153846,14.725480769230769,33701.8923322781,0.613,289870.0,10.0672866520788,396.0,5.0,146.0,536.0
New Zealand,2010,116.95320754716982,14.81252427184466,33761.9009639947,0.597,4350700.0,43.3253579431089,4868.0,17536.0,31272.0,18867.0
New Zealand,2011,122.74951456310679,15.604077669902912,38431.7766788499,0.668,4384000.0,43.1848391629638,3864.0,14159.0,31685.0,21362.0
New Zealand,2012,123.3768932038835,15.33264705882353,40053.6991536369,0.118,4408100.0,42.571113896168,5249.0,17922.0,33828.0,21543.0
New Zealand,2013,121.78386792452831,15.912330097087379,43000.4646849189,0.971,4442100.0,42.1784208727356,5465.0,18078.0,34360.0,22198.0
New Zealand,2014,123.38271844660194,16.12078431372549,44618.266973847,0.483,4516500.0,42.2163989214234,6586.0,19887.0,37047.0,23635.0
New Zealand,2015,118.5393396226415,15.864411764705883,38665.3723018158,0.501,4609400.0,40.6820857544339,6552.0,20605.0,37680.0,23733.0
New Zealand,2016,117.1027358490566,15.588627450980391,40113.7195382428,1.147,4714100.0,40.3099008772929,5943.0,21599.0,37981.0,23000.0
New Zealand,2017,116.06735849056604,15.299223300970873,42950.3841711138,0.549,4813600.0,40.4238350233565,6831.0,20433.0,36512.0,22538.0
New Zealand,2018,117.0283962264151,14.95611650485437,43257.0769238879,1.078,4900600.0,39.8693555125138,6828.0,20259.0,37159.0,22952.0
New Zealand,2019,115.59811320754717,14.65495145631068,42855.831861632,1.026,4970300.0,39.2882913675895,6631.0,21563.0,37734.0,22798.0
New Zealand,2020,117.17622641509435,13.91747572815534,41997.7830324279,0.828,5072400.0,38.5629106376514,6204.0,21716.0,38057.0,22305.0
New Zealand,2021,117.30254716981132,14.54126213592233,49950.4251691316,0.899,5084600.0,38.6426645398959,6360.0,22499.0,37914.0,21852.0
New Zealand,2022,116.20707547169812,14.741262135922328,49099.7090423358,1.269,5081700.0,37.0172040560556,6153.0,20181.0,37034.0,22829.0
New Zealand,2023,116.44339622641509,15.010388349514562,49075.9562832927,1.065,5200000.0,36.8804830807793,6195.0,20335.0,37298.0,23000.0
Nicaragua,2010,96.23163461538462,8.459320388349514,1526.56706951408,0.877,5737450.0,41.9644341033738,2418.0,2654.0,17068.0,16994.0
Nicaragua,2011,97.40942307692308,8.624271844660194,1679.71192084633,0.589,5819051.0,42.1381086920392,2622.0,2665.0,18550.0,18323.0
Nicaragua,2012,97.85942307692306,8.56359223300971,1784.69836017555,0.686,5901287.0,42.1555592487951,2479.0,2960.0,22027.0,21308.0
Nicaragua,2013,97.4125,8.568446601941748,1835.43996363715,1.037,5983845.0,42.1555592487951,2422.0,3183.0,22276.0,22856.0
Nicaragua,2014,96.52807692307692,8.810485436893204,1958.37047579547,0.997,6066492.0,42.1555592487951,2449.0,3548.0,22745.0,21905.0
Nicaragua,2015,95.79466666666667,8.902307692307692,2074.45620634731,1.254,6149417.0,42.1555592487951,2815.0,3220.0,21618.0,21092.0
Nicaragua,2016,98.84504761904762,9.069903846153846,2131.68704828322,1.363,6232666.0,42.1555592487951,2799.0,3164.0,21636.0,21001.0
Nicaragua,2017,100.10742857142857,9.234711538461537,2182.61380995674,0.968,6316231.0,42.222037560246,2832.0,3521.0,24229.0,23277.0
Nicaragua,2018,100.99873786407768,9.482549019607843,2035.16549390507,0.985,6400080.0,42.2469669270401,2774.0,3859.0,24530.0,23467.0
Nicaragua,2019,100.6326923076923,9.571165048543689,1958.62051528095,1.419,6483657.0,42.2469669270401,2648.0,4087.0,25094.0,23764.0
Nicaragua,2020,101.31971153846153,9.683942307692307,1938.44704754382,1.459,6565267.0,42.3051354495596,2887.0,4052.0,25599.0,24417.0
Nicaragua,2021,103.20875,9.700576923076923,2138.38588469449,1.177,6644741.0,42.3051354495596,3169.0,4156.0,25615.0,24472.0
Nicaragua,2022,105.15701923076924,9.972884615384617,2322.89053964583,0.994,6730654.0,42.3051354495596,3311.0,4211.0,26793.0,26027.0
Nicaragua,2023,103.8498076923077,10.156442307692307,2609.44492072931,1.667,6823613.0,42.3051354495596,3442.0,3889.0,25503.0,25241.0
Niger,2010,101.33709999999999,8.112673267326732,474.425692340831,1.664,16548835.0,34.7217178495303,1893.0,529.0,20437.0,21192.0
Niger,2011,98.93333333333332,7.785686274509803,510.75956176268,1.065,17176283.0,35.1164443040973,1418.0,283.0,16744.0,19036.0
Niger,2012,98.62267326732673,8.23892156862745,528.510104469655,0.699,17836769.0,35.3532801768375,2672.0,437.0,20333.0,21503.0
Niger,2013,99.994,8.465980392156862,552.103334363117,0.919,18519898.0,36.063787795058,2393.0,430.0,20246.0,22255.0
Niger,2014,99.9394,8.597058823529412,565.30989731175,1.099,19215909.0,36.063787795058,2741.0,446.0,21663.0,23779.0
Niger,2015,100.52774509803922,8.932403846153846,485.662574175279,0.904,19939498.0,36.0740506828768,2904.0,510.0,24534.0,26544.0
Niger,2016,100.86980582524272,9.019333333333334,502.706475406446,1.042,20685753.0,36.6266677192705,2467.0,1211.0,26252.0,26715.0
Niger,2017,100.13980582524272,9.1926213592233,521.804130023434,0.869,21435446.0,36.7845583010973,2725.0,1936.0,27191.0,26906.0
Niger,2018,103.47699029126213,9.380384615384616,578.568035680892,1.081,22188069.0,36.7845583010973,2913.0,1421.0,29305.0,29357.0
Niger,2019,102.0757281553398,9.49126213592233,561.691304349698,0.98,22947757.0,36.7845583010973,3548.0,582.0,28873.0,30815.0
Niger,2020,103.32336538461537,9.761442307692308,579.512495758236,0.809,23717613.0,36.786689823952,4244.0,522.0,32065.0,33583.0
Niger,2021,98.47442307692307,8.975,608.722439593808,1.476,24502140.0,36.7873213862793,3243.0,372.0,25461.0,30528.0
Niger,2022,102.77250000000001,9.288666666666668,609.745147574878,0.449,25311973.0,36.7877950580248,5479.0,290.0,33812.0,34897.0
Niger,2023,99.32528301886792,8.961509433962263,638.336080897887,1.523,26159867.0,36.7873213862793,3552.0,385.0,32089.0,34774.0
Nigeria,2010,96.60877358490566,11.539813084112149,2202.25672957344,1.453,166642886.0,73.4421967126717,26524.0,967.0,326905.0,350479.0
Nigeria,2011,95.19962264150944,11.301028037383178,2418.41316975875,0.876,171379598.0,73.4914686474082,29320.0,1173.0,309242.0,339770.0
Nigeria,2012,94.53169811320755,11.265233644859814,2633.19734671361,0.553,176200625.0,73.755240730371,25583.0,1320.0,334064.0,355941.0
Nigeria,2013,94.20066037735849,11.098971962616822,2872.79083379398,0.947,181049443.0,73.5484116736388,28506.0,1744.0,325874.0,339296.0
Nigeria,2014,95.55467289719627,11.420092592592592,3088.72131316169,1.038,185896915.0,73.6946120315777,28117.0,1307.0,376218.0,400395.0
Nigeria,2015,93.75146788990826,11.44537037037037,2585.73360671797,1.22,190671878.0,73.9246242190674,23595.0,1399.0,384460.0,408554.0
Nigeria,2016,95.55093457943926,11.308055555555555,2070.4127339595,1.202,195443700.0,74.1530467626294,20378.0,1456.0,409169.0,424906.0
Nigeria,2017,92.83581818181818,10.884363636363636,1876.34027111773,1.17,200254579.0,74.3371732709685,24388.0,2002.0,405274.0,427044.0
Nigeria,2018,93.99242990654206,10.93787037037037,2057.87944554011,1.096,204938755.0,74.7367722915775,21078.0,1727.0,403185.0,420647.0
Nigeria,2019,94.53196261682243,11.23822429906542,3189.81286498516,1.236,209485641.0,74.9047952831121,24260.0,1896.0,413007.0,434066.0
Nigeria,2020,90.64418181818182,10.846396396396397,2797.18458068686,1.107,213996181.0,75.4191119602095,24232.0,1677.0,413348.0,435602.0
Nigeria,2021,92.41018181818183,11.313783783783784,2787.48779224428,1.62,218529286.0,75.6659597922637,25203.0,1911.0,454147.0,472450.0
Nigeria,2022,90.67054054054054,11.191339285714287,2899.16047470324,0.874,223150896.0,75.9658687703811,20261.0,2161.0,467669.0,485699.0
Nigeria,2023,88.85117117117117,10.981785714285715,2138.76383719983,1.485,227882945.0,76.1972932793131,19691.0,2050.0,468323.0,487305.0
North Macedonia,2010,117.81762376237624,15.455567010309279,4833.36586759968,1.367,1946298.0,44.3695479777954,1478.0,1271.0,4893.0,5100.0
North Macedonia,2011,116.73673267326733,15.480515463917527,5416.86672931659,0.746,1937398.0,44.3298969072165,1512.0,1253.0,4789.0,5124.0
North Macedonia,2012,118.34871287128712,15.819484536082474,5049.8265386157,1.481,1929821.0,50.2379064234734,1729.0,1220.0,4535.0,5119.0
North Macedonia,2013,120.3409900990099,16.138247422680415,5626.26115664893,1.453,1922716.0,49.9603489294211,1569.0,1161.0,4927.0,5295.0
North Macedonia,2014,120.7892,16.726666666666667,5925.38592218015,1.35,1917557.0,50.0,1623.0,1183.0,4941.0,5213.0
North Macedonia,2015,126.73602040816327,18.51705263157895,5262.68671928674,1.543,1912430.0,50.0396510705789,1841.0,1133.0,5150.0,5745.0
North Macedonia,2016,128.67448979591836,18.544631578947367,5598.48622617967,1.689,1906313.0,50.1586042823156,1870.0,1186.0,5384.0,5906.0
North Macedonia,2017,128.09343434343435,18.326249999999998,5955.2973863451,1.128,1898657.0,50.1982553528945,1932.0,942.0,4320.0,5367.0
North Macedonia,2018,131.34787878787878,19.660104166666667,6713.98925398989,2.143,1889051.0,50.1189532117367,1973.0,1003.0,5282.0,5922.0
North Macedonia,2019,136.88163265306122,20.13621052631579,6718.85826635458,1.923,1876262.0,50.1586042823156,2043.0,1067.0,4961.0,5911.0
North Macedonia,2020,137.3791,20.572164948453608,6659.59651070776,1.628,1856124.0,50.0396510705789,2021.0,1000.0,5180.0,6065.0
North Macedonia,2021,142.48816326530613,21.162291666666665,7620.80296977508,1.739,1837114.0,49.9603489294211,2020.0,1046.0,4919.0,5868.0
North Macedonia,2022,140.55551020408163,21.138333333333332,7606.2375253797,1.583,1831712.0,49.8413957176844,1918.0,1039.0,5112.0,5847.0
North Macedonia,2023,139.08897959183673,19.965729166666666,8674.35846327485,2.416,1827816.0,49.6034892942109,2036.0,935.0,4245.0,5376.0
Norway,2010,133.96098039215687,18.54950495049505,88163.2085931423,-0.333,4889252.0,2.75404934783323,12758.0,6891.0,14604.0,20657.0
Norway,2011,133.73,18.85217821782178,101221.813476644,1.413,4953088.0,2.73515786706969,14020.0,6350.0,13520.0,21167.0
Norway,2012,134.2685294117647,18.701683168316833,102175.919298374,1.07,5018573.0,2.71818291334012,15012.0,6516.0,13766.0,22078.0
Norway,2013,132.4366990291262,18.499411764705883,103553.840134417,0.806,5079623.0,2.70359004539183,15236.0,6401.0,13327.0,22135.0
Norway,2014,131.97343137254902,18.964554455445544,97666.6951838749,2.43,5137232.0,2.7026523658753,16154.0,6973.0,14622.0,23581.0
Norway,2015,129.64186274509802,18.204950495049506,74809.9658049898,1.791,5188607.0,2.70004137564292,15631.0,7005.0,14878.0,23330.0
Norway,2016,128.40558823529412,18.553663366336636,70867.3609970749,1.733,5234519.0,2.69388608214041,15828.0,6576.0,14369.0,23351.0
Norway,2017,127.91941176470588,18.322475247524753,76131.8384032764,1.563,5276968.0,2.69802778789613,16692.0,6997.0,14820.0,24300.0
Norway,2018,129.6326213592233,18.68950495049505,82792.8427113304,1.505,5311916.0,2.70133768638321,17051.0,7456.0,14683.0,23885.0
Norway,2019,131.47844660194176,18.54764705882353,76430.5889473338,1.212,5347896.0,2.69589201685045,17445.0,7445.0,15050.0,24629.0
Norway,2020,130.52096153846153,18.792038834951455,68340.0181033702,2.393,5379475.0,2.70656765993659,18004.0,7401.0,15269.0,25291.0
Norway,2021,130.4446153846154,18.41009708737864,93072.8925119571,1.52,5408320.0,2.70403821341313,18418.0,7362.0,15038.0,25945.0
Norway,2022,129.90144230769232,17.97708737864078,109269.520580298,1.923,5457127.0,2.70403821341313,17503.0,7227.0,15186.0,25399.0
Norway,2023,129.5560576923077,17.558446601941746,87497.2179649556,1.222,5519601.0,2.69580256403217,16818.0,7155.0,13971.0,24269.0
Oman,2010,127.02960396039603,17.585940594059405,23570.1798147325,1.37,2757446.0,4.66300484652666,6329.0,1975.0,2184.0,6558.0
Oman,2011,121.85801980198019,15.37247524752475,25188.0074151885,1.088,3076763.0,4.64232633279483,6245.0,2019.0,2098.0,6541.0
Oman,2012,114.03186274509804,14.942549019607844,24642.2978768596,1.036,3547106.0,4.60032310177706,7131.0,1893.0,2165.0,7323.0
Oman,2013,114.03186274509804,15.084901960784315,23458.0233840053,0.772,3833913.0,4.58642972536349,7594.0,2253.0,2407.0,8001.0
Oman,2014,115.455,14.837549019607842,23160.6502252547,0.805,4002439.0,4.58739903069467,8638.0,2551.0,2430.0,8241.0
Oman,2015,115.16225490196078,14.770098039215686,18808.3077921839,1.571,4184895.0,4.63327948303716,9477.0,2768.0,2810.0,9080.0
Oman,2016,112.62401960784314,14.673823529411765,17110.1897460545,1.212,4390877.0,4.63974151857835,9083.0,2670.0,2880.0,9340.0
Oman,2017,115.61558823529413,16.562254901960785,17820.0661809335,1.743,4537396.0,4.68794830371567,10274.0,2786.0,3740.0,10846.0
Oman,2018,113.05609523809524,16.861428571428572,19901.7615642016,1.476,4597877.0,4.71369951534733,10826.0,3142.0,4170.0,11599.0
Oman,2019,112.52405660377357,17.160094339622642,19180.1864152801,1.211,4591241.0,4.71369951534733,10560.0,3194.0,4206.0,11199.0
Oman,2020,111.55523364485981,17.496355140186914,16784.8630630058,0.836,4522497.0,4.71382875605816,11304.0,3641.0,4941.0,12380.0
Oman,2021,110.71745283018869,17.528396226415094,19403.4600160211,1.598,4500424.0,4.73738287560582,14335.0,5575.0,4729.0,12753.0
Oman,2022,111.23990654205608,17.034672897196263,23223.5829405935,1.342,4730226.0,4.73738287560582,9799.0,2603.0,5570.0,12420.0
Oman,2023,108.80345794392522,16.221308411214952,21027.7384778886,1.482,5049269.0,4.75518578352181,10966.0,3703.0,5769.0,13329.0
Pakistan,2010,85.71764150943396,6.286190476190477,987.304571124485,1.282,199239047.0,45.7165836446658,11924.0,17485.0,284345.0,283123.0
Pakistan,2011,85.89858490566037,6.3243809523809515,1131.73513834324,0.804,203746065.0,46.6168534661685,11639.0,22589.0,308570.0,302776.0
Pakistan,2012,85.97990566037737,6.222190476190477,1204.36475491585,0.278,207667125.0,46.781600249066,11311.0,18916.0,310719.0,309878.0
Pakistan,2013,86.4804716981132,6.314857142857142,1225.4340119198,0.789,211073978.0,47.063096720631,11456.0,22857.0,340766.0,335216.0
Pakistan,2014,86.70638095238095,6.266000000000001,1266.61340849959,0.383,214264647.0,47.0267745952677,14860.0,19012.0,339126.0,332296.0
Pakistan,2015,87.64885714285715,6.357333333333333,1380.47020838317,0.592,217290883.0,46.9619136571191,14209.0,21069.0,343146.0,343211.0
Pakistan,2016,89.67057142857142,6.434,1424.69161195897,1.254,220138869.0,47.7298671647987,15605.0,18109.0,370190.0,367700.0
Pakistan,2017,91.97603773584906,6.598301886792454,1519.23459514248,1.33,223273967.0,48.0009858862599,18785.0,16918.0,394020.0,392531.0
Pakistan,2018,86.93219047619048,6.285428571428572,1569.33814626355,1.431,226928892.0,47.9361249481112,19723.0,25779.0,361062.0,357854.0
Pakistan,2019,92.6712380952381,6.600190476190476,1390.41690981745,0.616,230800899.0,47.0553134080531,19983.0,22618.0,364920.0,367810.0
Pakistan,2020,92.59390476190477,6.706857142857143,1278.39735206896,0.441,235001746.0,47.572903694479,25333.0,17287.0,404327.0,404384.0
Pakistan,2021,94.17783018867925,6.890666666666666,1455.31922370186,1.133,239477801.0,46.7180365296804,26631.0,19312.0,438499.0,431353.0
Pakistan,2022,89.52896226415093,6.775619047619048,1538.3228133171,1.39,243700667.0,46.6311228725612,22009.0,22412.0,431786.0,428185.0
Pakistan,2023,91.26311320754716,6.807047619047619,1360.32417758419,1.088,247504495.0,46.6933893731839,22761.0,24560.0,448016.0,433277.0
Panama,2010,101.74144230769231,11.02125,8331.46422259967,1.059,3628535.0,30.4868173258004,2562.0,1252.0,9155.0,10522.0
Panama,2011,104.01173076923077,11.296826923076923,9662.29590911979,0.654,3693505.0,30.4412160344364,2553.0,1170.0,9254.0,10646.0
Panama,2012,105.47528846153847,11.939807692307692,11064.8063662003,0.602,3759256.0,30.3066989507667,2789.0,1310.0,9386.0,10997.0
Panama,2013,105.35903846153846,11.959711538461537,12273.3224983788,0.905,3825329.0,30.1721818670971,2883.0,1396.0,9998.0,11436.0
Panama,2014,105.20576923076922,12.262596153846154,13213.1989591137,0.871,3892101.0,30.1268213707501,3532.0,1365.0,9817.0,12054.0
Panama,2015,105.63990384615384,12.097403846153847,14082.6548434996,1.113,3960035.0,29.9919050188883,3632.0,1217.0,9677.0,12049.0
Panama,2016,107.11817307692309,12.32298076923077,14832.3611652459,1.033,4029086.0,29.8569886670264,3639.0,1255.0,10407.0,12655.0
Panama,2017,108.75923076923075,12.711634615384614,15694.6297518495,0.887,4098707.0,29.7220723151646,3706.0,1225.0,10561.0,12874.0
Panama,2018,112.68754716981131,12.693679245283018,16151.3273433486,1.29,4167860.0,29.563224588838,3791.0,1378.0,11443.0,13608.0
Panama,2019,113.25330188679246,12.587924528301887,16477.9066268111,1.487,4234700.0,29.4284173631707,3787.0,1488.0,11175.0,13406.0
Panama,2020,116.52058823529413,12.839902912621358,13290.5608397749,1.565,4293261.0,29.3084389323268,3947.0,1781.0,11279.0,13320.0
Panama,2021,116.55553398058254,14.153173076923078,15509.8069124139,1.146,4345405.0,29.4057158263683,4376.0,1534.0,11342.0,13559.0
Panama,2022,118.53233009708738,14.66403846153846,17378.6070017557,0.944,4400773.0,29.4057158263683,3935.0,1468.0,12191.0,14557.0
Panama,2023,118.9231067961165,14.333461538461538,18797.1933994045,1.652,4458759.0,29.522326772715,3903.0,1405.0,9714.0,12130.0
Papua New Guinea,2010,78.75906542056074,13.928317757009346,1866.86889851208,0.809,7633523.0,2.79777414653535,1357.0,1770.0,18529.0,18050.0
Papua New Guinea,2011,79.85878504672897,13.929065420560748,2288.37591141234,0.129,7859346.0,2.83972971779358,1158.0,2041.0,19349.0,19039.0
Papua New Guinea,2012,81.10149532710281,14.199158878504672,2635.0873631547,0.055,8081390.0,2.83972971779358,1360.0,1898.0,19587.0,19288.0
Papua New Guinea,2013,81.72607476635514,14.204859813084113,2560.77458976327,0.508,8302698.0,2.83972971779358,1431.0,1778.0,19852.0,20004.0
Papua New Guinea,2014,82.58999999999999,14.266203703703704,2723.17529825196,0.253,8523441.0,2.8816852890518,1651.0,1968.0,20630.0,20615.0
Papua New Guinea,2015,81.84943396226416,14.18188679245283,2484.5963398603,0.188,8743246.0,2.91922448438811,2370.0,2220.0,20937.0,20376.0
Papua New Guinea,2016,81.68009345794393,14.022314814814816,2316.39479758492,0.834,8961718.0,2.93247361215387,2581.0,2300.0,21600.0,21428.0
Papua New Guinea,2017,82.01785046728972,14.107592592592592,2477.76530986323,0.661,9178714.0,3.10250408514773,2914.0,2694.0,21946.0,22599.0
Papua New Guinea,2018,81.3114953271028,13.512616822429905,2566.36833735041,0.428,9394513.0,3.10250408514773,1954.0,2644.0,22262.0,22240.0
Papua New Guinea,2019,81.37439252336448,13.39196261682243,2575.77274140393,0.445,9609010.0,3.10250408514773,2170.0,2336.0,21714.0,21515.0
Papua New Guinea,2020,81.87148148148147,13.031834862385322,2429.61134585269,0.818,9815746.0,3.10250408514773,2316.0,2192.0,22200.0,22131.0
Papua New Guinea,2021,81.19439252336448,12.839906542056074,2607.57861874444,0.947,10012896.0,3.10250408514773,2502.0,2802.0,22590.0,22862.0
Papua New Guinea,2022,82.97537735849056,13.127830188679244,3102.28968594061,0.979,10203169.0,3.10250408514773,2902.0,2525.0,23828.0,24006.0
Papua New Guinea,2023,82.03349056603773,13.094999999999999,2966.06830432055,0.529,10389635.0,3.10250408514773,2680.0,2382.0,23939.0,23851.0
Paraguay,2010,116.21038461538461,13.605799999999999,4750.96273669458,0.483,5737971.0,47.4473657186006,1137.0,16901.0,47395.0,31064.0
Paraguay,2011,120.08843137254902,13.5929,5805.40154542925,0.721,5814626.0,47.9879557009816,1244.0,17346.0,49665.0,31602.0
Paraguay,2012,117.64735294117646,12.956,5642.16991672846,0.963,5897008.0,48.5392985149761,1144.0,16703.0,36651.0,23814.0
Paraguay,2013,117.81201923076924,13.409405940594059,6435.68342733004,0.486,5982445.0,49.0869360684621,1257.0,20458.0,54677.0,34272.0
Paraguay,2014,123.09269999999998,14.064400000000001,6652.25478942461,1.294,6069811.0,49.6341485023911,1297.0,19376.0,56468.0,38098.0
Paraguay,2015,122.95171717171716,14.1743,5879.33792308762,1.64,6159103.0,50.1495819280141,1256.0,21703.0,59776.0,40248.0
Paraguay,2016,118.29637254901961,13.842058823529413,5775.15963399596,0.375,6249126.0,50.6678494840171,1365.0,21940.0,60706.0,39915.0
Paraguay,2017,119.86637254901962,14.337227722772276,6152.2671153779,1.269,6338660.0,51.1846647369746,1564.0,21410.0,63192.0,40885.0
Paraguay,2018,120.27911764705881,14.4777,6258.44991640984,0.652,6427382.0,51.7095343569091,1765.0,20849.0,62994.0,41288.0
Paraguay,2019,117.49240384615383,14.372352941176471,5821.18199548738,1.43,6515058.0,52.2353553989429,1674.0,22062.0,59824.0,40030.0
Paraguay,2020,119.03902912621359,14.842574257425742,5365.47220721104,1.527,6603739.0,52.7540030203876,1874.0,23938.0,68963.0,45158.0
Paraguay,2021,120.7610891089109,14.997171717171717,5976.93179789949,0.862,6684182.0,53.2711832368487,2276.0,22640.0,63131.0,42691.0
Paraguay,2022,119.4050495049505,14.882828282828282,6205.62595379319,0.829,6760464.0,54.1069405157129,2111.0,20043.0,46060.0,32323.0
Paraguay,2023,119.60881188118812,14.237171717171718,6299.99026533713,1.934,6844146.0,54.1069421552674,1790.0,27518.0,62745.0,40793.0
Peru,2010,94.81722222222223,12.496603773584905,5072.11494019615,1.031,29086019.0,18.644273125,11404.0,14447.0,78709.0,79387.0
Peru,2011,95.24861111111112,12.54188679245283,5861.35793645245,0.821,29304086.0,18.718241328125,11764.0,17150.0,87661.0,80135.0
Peru,2012,97.68546296296296,12.999528301886793,6519.37852981527,0.965,29550366.0,18.792209609375,12831.0,18120.0,85454.0,83751.0
Peru,2013,98.77203703703702,13.146792452830189,6746.80025696601,0.663,29817919.0,18.76575328125,12809.0,13711.0,90333.0,87256.0
Peru,2014,100.97607476635514,13.428380952380953,6667.13410360861,0.947,30115826.0,18.75578140625,14041.0,14672.0,87250.0,89770.0
Peru,2015,101.94757009345794,13.472571428571428,6231.71150338894,1.342,30457600.0,18.995159375,15713.0,13029.0,88343.0,89387.0
Peru,2016,101.53766355140188,13.349428571428572,6217.03599995447,1.431,30866494.0,18.75,16419.0,12625.0,85648.0,89863.0
Peru,2017,102.0,13.372666666666666,6736.16693725487,1.044,31324637.0,18.945396875,19065.0,16388.0,86739.0,91644.0
Peru,2018,102.93841121495326,13.509809523809524,6978.49121548627,0.799,31897584.0,18.82389765625,18680.0,17408.0,99155.0,96029.0
Peru,2019,104.47644859813084,13.61352380952381,7037.00803692604,1.157,32449303.0,18.6431953125,19359.0,18520.0,96232.0,99988.0
Peru,2020,105.67308411214954,13.58752380952381,6133.32552410183,1.542,32838579.0,19.125773046875,20025.0,17134.0,97773.0,99442.0
Peru,2021,104.84271028037384,13.661809523809524,6826.20255614477,1.091,33155882.0,19.60835078125,19152.0,20927.0,101873.0,99227.0
Peru,2022,105.24457943925233,13.817238095238094,7350.63034300417,0.512,33475438.0,19.05121875,18568.0,21492.0,103273.0,100424.0
Peru,2023,103.49906542056074,13.729714285714286,7887.54185920108,2.012,33845617.0,19.05121875,18095.0,21291.0,103076.0,100029.0
Philippines,2010,89.82168224299066,10.26943396226415,2162.91375885614,0.902,96337125.0,40.580876681088,22723.0,11620.0,192262.0,200748.0
Philippines,2011,89.27833333333332,10.069345794392524,2383.91892522087,0.472,98248614.0,41.1174833148875,18719.0,13806.0,216725.0,221883.0
Philippines,2012,90.40018518518518,10.039719626168225,2614.61644401308,0.778,100175512.0,41.6876278632995,20909.0,13832.0,218471.0,223457.0
Philippines,2013,90.21481481481482,9.798598130841121,2781.27957677397,0.905,102076336.0,41.8184257302881,17480.0,16960.0,214141.0,215986.0
Philippines,2014,90.92981481481482,10.30588785046729,2866.83803761407,0.737,103767130.0,41.9156856826642,23416.0,17319.0,217146.0,222367.0
Philippines,2015,92.70148148148148,10.82373831775701,2909.85818010301,0.953,105312992.0,42.0129456350404,25212.0,11563.0,211945.0,226844.0
Philippines,2016,95.64268518518519,10.642616822429906,2985.19564024046,1.416,106735719.0,42.1102055874166,32345.0,14977.0,208298.0,222881.0
Philippines,2017,97.23472222222223,10.537850467289719,3038.12124959289,1.016,108119693.0,42.224234497099,36973.0,19361.0,229362.0,243001.0
Philippines,2018,100.6024074074074,10.813831775700933,3168.51036609727,1.03,109465287.0,42.3013717007077,43894.0,17235.0,221831.0,239922.0
Philippines,2019,103.26833333333333,11.26355140186916,3400.78949767074,1.118,110804683.0,42.3785089043163,49468.0,16556.0,211919.0,243736.0
Philippines,2020,102.99916666666667,11.01607476635514,3227.57910235199,1.289,112081264.0,42.455646107925,42063.0,18925.0,217196.0,243514.0
Philippines,2021,104.51453703703703,11.147476635514018,3484.38593882819,1.141,113100950.0,42.5361371029949,47523.0,19363.0,221933.0,248351.0
Philippines,2022,108.12342592592593,11.388878504672896,3548.06930572116,1.107,113964338.0,42.3925948284536,52965.0,18909.0,217788.0,250318.0
Philippines,2023,109.97851851851853,11.595233644859814,3804.08274131097,1.307,114891199.0,42.6689472448603,48854.0,13124.0,214786.0,251131.0
Poland,2010,133.580297029703,17.350851063829786,12567.7317676382,0.383,38042794.0,47.1757868616952,23806.0,23722.0,149755.0,153394.0
Poland,2011,134.44465346534653,17.934574468085106,13867.6669408192,0.745,38063255.0,48.2611109296934,26438.0,22395.0,157123.0,159189.0
Poland,2012,133.50356435643565,17.5468085106383,13087.420943321,1.361,38063164.0,47.4462804519626,26228.0,29879.0,163660.0,158834.0
Poland,2013,131.42673267326734,17.262978723404256,13621.9023794031,0.631,38040196.0,47.059207733255,24783.0,35497.0,158897.0,149724.0
Poland,2014,134.43454545454546,17.458723404255316,14262.2841914116,2.353,38011735.0,47.1080048336001,26195.0,39224.0,176512.0,158754.0
Poland,2015,132.84676767676768,17.255851063829788,12637.5220324406,1.988,37986412.0,46.9349096965936,26744.0,42998.0,154908.0,143757.0
Poland,2016,136.0590909090909,17.916276595744684,12464.0110508476,2.03,37970087.0,46.9447075345374,30313.0,44283.0,176344.0,158246.0
Poland,2017,138.15060606060607,18.000106382978725,13913.3402919927,1.45,37974826.0,47.2321107808877,33002.0,44240.0,184414.0,164415.0
Poland,2018,139.70242424242423,18.385,15658.2120316794,2.41,37974750.0,47.39850409903,34094.0,43400.0,170120.0,158958.0
Poland,2019,137.53356435643565,16.6879,15874.5220531254,2.622,37965475.0,47.4437293783281,34780.0,44010.0,166108.0,158972.0
Poland,2020,139.5972277227723,17.00108910891089,16150.9304813473,2.648,37515748.0,48.1266128768824,36982.0,55479.0,188466.0,165619.0
Poland,2021,141.09445544554455,16.844059405940595,18635.5104895754,1.429,36981559.0,47.3691604050964,36630.0,57745.0,186418.0,163050.0
Poland,2022,142.84039603960395,16.84811881188119,18891.2121169279,2.017,36821749.0,46.3131758633082,44748.0,60399.0,186476.0,168227.0
Poland,2023,143.11643564356433,16.567326732673266,22145.2660647429,2.456,36687353.0,47.6050543637967,37797.0,69034.0,190883.0,162730.0
Portugal,2010,136.22227722772277,20.3565306122449,22551.935098809,1.077,10573100.0,39.8970411616989,23102.0,7017.0,21763.0,37989.0
Portugal,2011,135.3070297029703,18.94112244897959,23246.5425416481,1.583,10557560.0,39.8445245114095,22731.0,7828.0,20274.0,35781.0
Portugal,2012,134.1190099009901,18.76469387755102,20593.4274224109,0.769,10514844.0,40.0088437602358,23851.0,8735.0,20306.0,35329.0
Portugal,2013,133.40831683168318,18.580408163265304,21676.4859642714,0.909,10457295.0,40.4027282294018,24076.0,8887.0,21051.0,35670.0
Portugal,2014,133.1285,19.331340206185565,22120.6850127107,1.329,10401062.0,39.996244771062,25094.0,9818.0,21566.0,36757.0
Portugal,2015,136.7819191919192,19.679897959183673,19215.7813014347,1.376,10358076.0,39.7222440549486,24750.0,9644.0,23288.0,36913.0
Portugal,2016,132.962,20.05659793814433,19980.2808866516,1.658,10325452.0,39.5066458819112,25573.0,9985.0,21577.0,35755.0
Portugal,2017,136.61755102040817,20.167938144329895,21442.3842768879,2.085,10300300.0,40.1000899508327,27523.0,10729.0,23297.0,38412.0
Portugal,2018,134.7779,19.489690721649485,23541.1401075289,0.841,10283822.0,40.791900276839,30446.0,11210.0,20940.0,38827.0
Portugal,2019,131.20223300970875,19.603673469387758,23343.3628970034,1.225,10286263.0,43.1253165745326,27995.0,11215.0,22577.0,37960.0
Portugal,2020,131.6964077669903,18.56765306122449,22299.4044062173,1.921,10297081.0,43.1660902826901,27443.0,12671.0,21772.0,35513.0
Portugal,2021,132.2135922330097,19.30530612244898,24711.4510062111,1.153,10361831.0,43.2538567511157,29471.0,12838.0,25313.0,40800.0
Portugal,2022,132.45815533980584,19.327857142857145,24620.5197587181,2.188,10434332.0,42.7894964936641,29340.0,13856.0,22208.0,37156.0
Portugal,2023,134.40825242718446,20.29061224489796,27634.6183139773,2.482,10578174.0,43.33752194189,30290.0,13581.0,23739.0,38762.0
Qatar,2019,125.00429906542057,15.983831775700935,66841.3623185691,1.844,2638657.0,6.44038294168842,7250.0,15.0,427.0,7509.0
Qatar,2020,126.15485714285714,16.098380952380953,51683.5681078949,1.759,2794148.0,6.44038294168842,7334.0,16.0,461.0,7524.0
Qatar,2021,120.3912962962963,15.167499999999999,71751.9363398856,2.179,2504910.0,6.44038294168842,6144.0,20.0,478.0,6663.0
Qatar,2022,120.11101851851852,15.862962962962964,88701.4689763536,1.887,2657333.0,6.44038294168842,7288.0,23.0,439.0,7623.0
Qatar,2023,118.30796296296296,14.349907407407407,81816.9797967481,2.106,2656032.0,6.44038294168842,5626.0,33.0,492.0,6333.0
Romania,2010,127.74356435643564,18.54204081632653,8399.5374234284,1.167,20246871.0,61.5344490328189,12375.0,16573.0,72155.0,69292.0
Romania,2011,128.99247524752474,18.9815306122449,9560.6755277458,0.5,20147528.0,60.7464048312117,12036.0,15739.0,83822.0,74810.0
Romania,2012,127.7350495049505,18.122626262626262,8929.95366231474,1.829,20058035.0,59.7035040431267,12524.0,14996.0,60350.0,60938.0
Romania,2013,130.349801980198,18.923673469387754,9497.67411615237,1.375,19983693.0,60.4486371342868,12297.0,25062.0,83357.0,73750.0
Romania,2014,133.9176,19.11265306122449,10031.7710755404,1.553,19908979.0,60.1095271210014,13089.0,27931.0,87761.0,73074.0
Romania,2015,136.0627,19.35418367346939,8977.01748158196,1.774,19815616.0,60.2312239221141,16497.0,28213.0,78650.0,69738.0
Romania,2016,137.7593,19.318571428571428,9404.54005870715,1.847,19702267.0,58.7665159944367,20868.0,32716.0,83830.0,71514.0
Romania,2017,138.512,19.684489795918367,10727.9822007426,1.123,19588715.0,58.1449930458971,19172.0,32426.0,99993.0,72408.0
Romania,2018,139.433,20.245714285714286,12416.134317959,2.226,19473970.0,58.3014603616134,17478.0,33519.0,109737.0,80522.0
Romania,2019,141.047,19.220612244897957,12909.6104013244,2.205,19371648.0,60.0921418636996,18904.0,36925.0,102284.0,74870.0
Romania,2020,139.47217821782178,18.7079797979798,13009.1770573223,2.208,19265250.0,56.7150556328234,22915.0,30295.0,71728.0,66765.0
Romania,2021,139.8419801980198,18.653737373737375,14907.9803652143,1.372,19122059.0,56.8454450625869,22350.0,41070.0,93973.0,69394.0
Romania,2022,141.44831683168317,18.004040404040406,15503.551804598,1.892,19048502.0,55.1025730180807,26936.0,35861.0,69910.0,65648.0
Romania,2023,139.34465346534654,17.863737373737372,18244.4186876321,2.659,19061062.0,55.2633866481224,24979.0,46053.0,74408.0,61177.0
Russian Federation,2010,129.6705,17.0621,10674.990234375,0.872,142849468.0,13.1584362579663,77294.0,37164.0,370904.0,445968.0
Russian Federation,2011,131.3134,17.3844,14305.33203125,1.696,143018195.0,13.1584362579663,74454.0,49834.0,539338.0,530356.0
Russian Federation,2012,132.61350000000002,17.528,15401.8515625,1.925,143378447.0,13.1584362579663,78606.0,62754.0,484032.0,521678.0
Russian Federation,2013,131.8657,17.3727,15941.4482421875,1.159,143805638.0,13.1584362579663,86455.0,56435.0,519242.0,542769.0
Russian Federation,2014,131.63950495049505,17.14235294117647,14055.47265625,1.748,144237223.0,13.1584362579663,71589.0,79539.0,527174.0,523908.0
Russian Federation,2015,132.66989999999998,16.763366336633663,9277.7138671875,2.241,144640716.0,13.1584362579663,60881.0,82916.0,546471.0,523664.0
Russian Federation,2016,130.5050495049505,15.799901960784313,8663.158203125,2.451,145015460.0,13.1584362579663,61709.0,92901.0,583489.0,530501.0
Russian Federation,2017,131.74633663366336,15.91735294117647,10658.9130859375,2.121,145293260.0,13.1584362579663,62720.0,116106.0,617201.0,556704.0
Russian Federation,2018,129.81316831683168,15.925196078431373,11211.8876953125,2.037,145398106.0,13.1584362579663,61098.0,140854.0,561140.0,503971.0
Russian Federation,2019,127.87271844660194,15.587884615384617,11447.701171875,2.184,145453291.0,13.1584362579663,61248.0,114638.0,612942.0,551504.0
Russian Federation,2020,127.14673076923077,15.375238095238096,10108.3271484375,3.697,145245148.0,13.1584362579663,56440.0,131525.0,588852.0,523031.0
Russian Federation,2021,127.9773076923077,15.471904761904762,12425.029296875,1.63,144746762.0,13.1584362579663,57716.0,106665.0,583993.0,529852.0
Russian Federation,2022,129.4007619047619,15.374905660377358,15619.6142578125,2.269,144236933.0,13.1584362579663,45245.0,82162.0,688147.0,568742.0
Russian Federation,2023,130.28180952380953,15.48132075471698,14159.3876953125,2.505,143826130.0,13.171076035897,42028.0,119617.0,666068.0,566243.0
Rwanda,2010,82.69529411764707,13.102828282828284,593.624927744346,,10317553.0,77.9083907580057,993.0,122.0,16683.0,16660.0
Rwanda,2011,83.80950495049505,13.718947368421052,651.133677964662,,10573733.0,78.759627077422,920.0,177.0,17893.0,17216.0
Rwanda,2012,85.2492,14.320851063829785,706.817269168561,,10829901.0,79.4081880826915,1176.0,322.0,19568.0,18408.0
Rwanda,2013,85.4756,14.55244680851064,704.92421851123,,11093340.0,80.2594244021078,1224.0,440.0,20329.0,19282.0
Rwanda,2014,81.82086538461537,10.835333333333333,724.957526520906,,11364757.0,81.3133360356709,1362.0,356.0,15288.0,16276.0
Rwanda,2015,81.1935294117647,11.16529411764706,733.998629882494,,11640022.0,81.3538710985002,1801.0,489.0,15232.0,16546.0
Rwanda,2016,85.02576923076923,11.277142857142856,729.519133812945,,11919183.0,81.2728009728415,2366.0,471.0,15617.0,17504.0
Rwanda,2017,86.60952380952381,11.676153846153845,758.300966509647,,12202060.0,81.2728009728415,2677.0,642.0,16043.0,18081.0
Rwanda,2018,85.55941747572817,11.724215686274508,771.773511207309,,12487996.0,79.0028374543981,2617.0,868.0,16478.0,18217.0
Rwanda,2019,82.6411320754717,11.813557692307691,810.051412137354,,12776103.0,77.1787596270774,2286.0,927.0,17733.0,19090.0
Rwanda,2020,81.84961904761904,12.195339805825242,778.701498925026,,13065837.0,79.3919740575598,2184.0,735.0,18311.0,19761.0
Rwanda,2021,87.79867924528301,12.194666666666667,829.544845263697,,13355260.0,81.2509120389137,2626.0,1197.0,19228.0,20665.0
Rwanda,2022,93.12566037735849,12.392095238095239,975.469323735369,,13651030.0,80.0367774625051,3381.0,1247.0,19346.0,21469.0
Rwanda,2023,90.42320754716982,12.020095238095237,1027.03446826565,,13954471.0,76.3328334008918,2253.0,182.0,19394.0,21461.0
Samoa,2010,116.19171717171717,18.163473684210526,3524.2479246203,1.026,193023.0,14.6643109540636,123.0,34.0,551.0,659.0
Samoa,2011,115.05121212121212,17.88357894736842,3821.50678264479,0.686,194713.0,16.9611307420495,119.0,30.0,572.0,674.0
Samoa,2012,116.40656565656566,18.240105263157893,3934.60320799981,0.781,196498.0,19.2579505300353,144.0,39.0,570.0,694.0
Samoa,2013,118.03676767676767,18.432315789473687,4023.5254013825,1.073,198268.0,21.5547703180212,155.0,40.0,574.0,699.0
Samoa,2014,112.3933962264151,16.959711538461537,3982.68080202084,0.886,200037.0,23.8515901060071,196.0,15.0,555.0,601.0
Samoa,2015,109.64805555555556,15.237924528301887,4084.36083819933,0.725,201782.0,26.7208480565371,162.0,56.0,309.0,471.0
Samoa,2016,117.56950980392158,16.7948,4147.07097674888,1.255,203499.0,24.3144876325088,208.0,45.0,307.0,481.0
Samoa,2017,112.5466037735849,15.3552427184466,4307.59381964907,1.151,205415.0,22.3021582733813,167.0,34.0,311.0,478.0
Samoa,2018,115.47266666666668,16.0707,4231.81409469194,0.905,207582.0,19.8453237410072,213.0,31.0,318.0,502.0
Samoa,2019,116.14066666666668,15.246078431372547,4351.94234943706,1.255,209780.0,17.773381294964,234.0,58.0,313.0,475.0
Samoa,2020,117.52384615384615,15.7062,4099.59660548583,1.147,211944.0,17.773381294964,211.0,26.0,310.0,478.0
Samoa,2021,119.40857142857142,15.754174757281554,4021.55934894283,0.984,213779.0,17.773381294964,284.0,62.0,322.0,487.0
Samoa,2022,123.58617647058824,15.576099999999999,4132.44717734444,0.971,215261.0,17.773381294964,189.0,26.0,322.0,475.0
Samoa,2023,121.02019607843137,16.1244,4822.74084650019,0.996,216663.0,17.5647482014388,194.0,16.0,331.0,518.0
Sao Tome and Principe,2010,104.72887640449437,13.634130434782607,1045.20958234528,0.975,181802.0,34.375,76.0,9.0,234.0,312.0
Sao Tome and Principe,2011,102.12233333333333,13.504130434782608,1219.80189089671,0.669,185649.0,35.4166666666667,76.0,9.0,228.0,312.0
Sao Tome and Principe,2012,104.05348314606742,13.623478260869565,1192.0202911189,0.732,189439.0,36.4583333333333,86.0,8.0,243.0,329.0
Sao Tome and Principe,2013,104.28299999999999,13.861630434782608,1382.5757842916,0.839,193148.0,36.4583333333333,90.0,11.0,275.0,353.0
Sao Tome and Principe,2014,95.41938144329897,13.2949,1489.67633417608,0.919,196767.0,38.5416666666667,109.0,12.0,259.0,347.0
Sao Tome and Principe,2015,92.90171717171718,12.768613861386138,1298.10946596396,0.867,200291.0,38.5416666666667,109.0,12.0,261.0,346.0
Sao Tome and Principe,2016,92.75990099009901,12.734563106796116,1434.87018050521,1.557,203689.0,41.6666666666667,111.0,12.0,273.0,356.0
Sao Tome and Principe,2017,93.6786,13.011274509803922,1555.79477812888,1.226,206970.0,42.7083333333333,111.0,14.0,285.0,368.0
Sao Tome and Principe,2018,96.57072164948453,13.439285714285713,1825.59971753966,0.91,210187.0,43.75,108.0,10.0,271.0,367.0
Sao Tome and Principe,2019,92.68539215686275,11.077254901960783,1935.2931816596,1.254,213392.0,43.75,112.0,14.0,204.0,299.0
Sao Tome and Principe,2020,94.71392156862744,10.506601941747574,2167.22001796925,1.434,217435.0,43.75,105.0,20.0,208.0,289.0
Sao Tome and Principe,2021,95.760099009901,11.211414141414142,2362.58827248102,1.203,221961.0,44.7916666666667,119.0,22.0,227.0,316.0
Sao Tome and Principe,2022,92.67754901960785,10.5153,2389.73729784737,1.178,226305.0,44.7916666666667,101.0,20.0,242.0,322.0
Sao Tome and Principe,2023,88.95147058823528,10.1426,2990.6606143535,1.187,230871.0,44.7916666666667,91.0,16.0,232.0,306.0
Saudi Arabia,2010,126.42528301886793,11.848598130841122,22028.3901426586,2.079,23978487.0,80.8209750708242,47879.0,7730.0,16308.0,54550.0
Saudi Arabia,2011,123.37216981132076,11.904579439252336,27126.7498747702,0.772,25091867.0,80.8180482767283,48330.0,7931.0,16220.0,55164.0
Saudi Arabia,2012,128.01999999999998,12.301214953271028,28733.4375513452,1.141,26168861.0,80.8132607957426,52961.0,8563.0,15981.0,59882.0
Saudi Arabia,2013,126.02650943396226,12.450093457943925,27865.465604962,1.147,27624004.0,80.8084732682387,59636.0,7215.0,15932.0,66166.0
Saudi Arabia,2014,138.76414141414142,12.1807,27805.4850319422,1.234,28309273.0,80.7661454907452,59118.0,6806.0,14144.0,62184.0
Saudi Arabia,2015,139.27232323232323,12.406199999999998,23256.1549553531,1.875,29816382.0,80.7626139582917,59108.0,6241.0,15013.0,64095.0
Saudi Arabia,2016,140.15212121212122,12.326600000000001,22267.7217050387,1.528,30954198.0,80.7596872107141,62019.0,5901.0,15307.0,67913.0
Saudi Arabia,2017,142.35727272727271,12.5927,23929.2907135982,1.733,30977355.0,80.7591328517135,66004.0,6277.0,15473.0,72258.0
Saudi Arabia,2018,146.03879999999998,12.934257425742572,29360.0658968566,1.792,30196281.0,80.7582529108848,58020.0,5820.0,16244.0,71294.0
Saudi Arabia,2019,146.35009803921568,13.077766990291263,29566.7933827436,1.672,30063799.0,80.7636691802074,55436.0,7599.0,17863.0,64727.0
Saudi Arabia,2020,150.3030303030303,14.267999999999999,24338.8307301067,1.484,31552510.0,80.7734077936819,57540.0,6295.0,20658.0,69385.0
Saudi Arabia,2021,144.03323529411765,13.882135922330098,31920.7653655643,2.224,30784383.0,80.7732356758416,60243.0,6534.0,20049.0,74125.0
Saudi Arabia,2022,137.01065420560747,13.075277777777778,38510.2276211037,1.804,32175224.0,80.7732356758416,64298.0,5933.0,20976.0,74014.0
Saudi Arabia,2023,134.54242990654205,12.698703703703703,36156.848337701,1.844,33702731.0,80.7732356758416,50561.0,6860.0,23770.0,65220.0
Senegal,2010,91.31981308411214,7.709722222222222,1275.88357492357,1.497,12635413.0,48.1898924842882,5091.0,724.0,12842.0,16005.0
Senegal,2011,89.38412844036696,7.453055555555555,1374.67591873844,1.238,12958897.0,46.5641718173791,5307.0,1025.0,10013.0,15569.0
Senegal,2012,90.63091743119267,7.613888888888888,1326.83798848379,0.915,13310495.0,46.5641718173791,6595.0,985.0,11288.0,16297.0
Senegal,2013,88.87174311926606,7.389814814814815,1379.83196553924,1.26,13710849.0,46.5797538046019,6634.0,1179.0,10739.0,15777.0
Senegal,2014,89.33100917431193,7.7085185185185185,1398.89137601382,1.167,14152102.0,46.6005297875656,6652.0,1179.0,11580.0,16943.0
Senegal,2015,89.36745454545455,7.919266055045872,1218.00613555438,1.283,14593331.0,48.4495922713343,7258.0,1612.0,15301.0,18992.0
Senegal,2016,92.24183486238533,8.108165137614678,1266.43957151587,1.601,15034521.0,48.2418324416974,6854.0,1691.0,14513.0,19368.0
Senegal,2017,92.77136363636365,8.358348623853212,1356.80518449031,1.8,15475002.0,48.4236222926297,8401.0,1549.0,18569.0,21949.0
Senegal,2018,93.81463636363637,9.314954128440368,1452.55612562445,1.029,15914498.0,48.605412143562,8747.0,1848.0,22381.0,25814.0
Senegal,2019,95.82518181818182,9.398715596330275,1431.18128932159,1.486,16352922.0,48.7975899859762,7808.0,2675.0,22373.0,27367.0
Senegal,2020,98.42454545454547,9.910366972477064,1461.08720350553,1.777,16789219.0,48.9793798369085,8965.0,2314.0,26419.0,31791.0
Senegal,2021,99.12045454545455,9.931192660550458,1598.10676952274,1.892,17220867.0,49.4000934919233,9128.0,2795.0,25985.0,31341.0
Senegal,2022,101.37311926605504,9.942314814814814,1574.0281059306,1.54,17651103.0,49.4000934919233,10396.0,2345.0,25538.0,32684.0
Senegal,2023,104.09724770642202,10.305,1698.03387300843,2.052,18077573.0,49.4000934919233,11203.0,1942.0,26717.0,33709.0
Serbia,2010,129.4289,17.132755102040818,5970.92660940072,1.199,7291436.0,40.2652641207409,2018.0,8518.0,40755.0,34369.0
Serbia,2011,131.911,17.750102040816326,7082.2861666075,0.771,7236519.0,40.3407271895724,2324.0,8271.0,39533.0,33336.0
Serbia,2012,132.4716,16.696020408163264,6263.04086072815,1.726,7201497.0,39.5906700205808,2309.0,8365.0,30859.0,29969.0
Serbia,2013,134.9546,17.736836734693878,7040.41812068781,1.448,7166553.0,39.9176766521839,2495.0,7778.0,40042.0,33066.0
Serbia,2014,130.80186274509802,16.0085,6886.67809068704,1.637,7131787.0,40.0914703864624,2540.0,9626.0,43241.0,32684.0
Serbia,2015,133.06656862745098,16.66683168316832,5820.3215576888,1.787,7095383.0,39.8010519094443,2919.0,9759.0,35593.0,29567.0
Serbia,2016,131.68961165048543,16.678823529411765,5982.37030126471,1.745,7058322.0,39.5152069517494,2561.0,11043.0,43060.0,33083.0
Serbia,2017,132.70106796116505,16.348725490196077,6548.03653824187,1.312,7020858.0,39.0921564143609,2999.0,9234.0,33437.0,31179.0
Serbia,2018,135.3371844660194,16.623663366336633,7559.86165747394,2.353,6982604.0,39.6066773382118,3275.0,10085.0,40856.0,30595.0
Serbia,2019,138.8857281553398,17.02128712871287,7755.632986437,2.117,6945235.0,39.5609421449806,3450.0,12613.0,40998.0,30144.0
Serbia,2020,141.55864077669904,17.388823529411766,8098.70955668849,1.847,6899126.0,41.4080152217862,3568.0,13756.0,42481.0,31981.0
Serbia,2021,143.00365384615384,17.65990291262136,9680.52798074468,1.628,6834326.0,41.443691283149,3982.0,12074.0,39375.0,30246.0
Serbia,2022,145.958640776699,18.302745098039214,10024.8191112596,1.977,6664449.0,41.2534189558806,4339.0,8957.0,33939.0,31367.0
Serbia,2023,147.02436893203884,17.794705882352943,12281.707946167,2.606,6623183.0,40.3853014627185,4075.0,8235.0,40248.0,32022.0
Seychelles,2010,108.64699029126213,14.37116504854369,10934.79494629,0.735,89770.0,5.21739130434783,269.0,221.0,204.0,193.0
Seychelles,2011,105.5447572815534,14.374077669902912,12110.0937461973,0.635,87441.0,3.26086956521739,268.0,296.0,182.0,182.0
Seychelles,2012,104.4066990291262,13.695436893203885,12337.1554669388,0.668,88303.0,3.26086956521739,257.0,312.0,170.0,180.0
Seychelles,2013,102.21923076923076,13.714615384615383,14821.2921476077,0.488,89949.0,3.3695652173913,263.0,259.0,181.0,193.0
Seychelles,2014,103.10122641509433,13.851037735849056,15188.1902175113,0.615,91359.0,3.3695652173913,283.0,254.0,181.0,206.0
Seychelles,2015,105.07841121495326,14.485233644859814,15333.1051727105,0.913,93419.0,3.3695652173913,312.0,322.0,245.0,224.0
Seychelles,2016,107.21301886792453,15.79754716981132,16566.9946042294,0.86,94677.0,3.3695652173913,364.0,392.0,283.0,239.0
Seychelles,2017,103.59149532710279,15.140747663551402,17480.3651911372,1.004,95843.0,3.3695652173913,353.0,411.0,320.0,259.0
Seychelles,2018,106.77177570093458,14.832242990654205,18440.2340460932,0.738,96762.0,3.3695652173913,352.0,438.0,330.0,246.0
Seychelles,2019,103.87185185185184,15.057407407407409,19141.5118743615,1.199,97625.0,3.3695652173913,337.0,386.0,307.0,260.0
Seychelles,2020,106.43579439252336,15.419065420560747,14041.4754074575,1.256,98462.0,3.3695652173913,334.0,386.0,305.0,258.0
Seychelles,2021,104.33083333333333,14.682777777777778,14982.9111487767,0.707,99258.0,3.3695652173913,324.0,386.0,310.0,251.0
Seychelles,2022,106.01242990654205,14.583831775700935,16836.6721895387,0.547,119878.0,3.3695652173913,340.0,386.0,315.0,270.0
Seychelles,2023,105.67364485981308,15.888785046728971,18262.7115849287,0.984,119773.0,3.3695652173913,374.0,388.0,314.0,304.0
Sierra Leone,2010,96.93091836734695,11.444947368421053,685.039673490948,1.206,6222714.0,54.4524799113328,641.0,36.0,12137.0,13008.0
Sierra Leone,2011,97.79061224489797,11.56,761.146365577281,0.952,6387251.0,55.6612635078969,935.0,35.0,12888.0,13727.0
Sierra Leone,2012,97.18122448979592,11.592947368421052,937.504428180231,0.405,6551080.0,53.1539207536714,1203.0,50.0,13257.0,14287.0
Sierra Leone,2013,96.63387755102042,11.515368421052631,1117.47183075115,0.71,6714051.0,54.7055971183153,1322.0,40.0,13989.0,14928.0
Sierra Leone,2014,91.86287128712871,11.022323232323233,1117.7586465721,0.671,6876385.0,54.7104461069548,1507.0,70.0,14362.0,15683.0
Sierra Leone,2015,95.05712871287129,11.194,964.575980888989,0.903,7037655.0,54.7104461069548,1927.0,195.0,14480.0,16450.0
Sierra Leone,2016,90.98627450980392,10.935247524752475,844.416411175476,0.886,7205328.0,54.7104461069548,1355.0,99.0,13737.0,15485.0
Sierra Leone,2017,92.24735294117649,11.462448979591835,779.186007841728,1.408,7379299.0,54.7104461069548,2101.0,121.0,14220.0,16298.0
Sierra Leone,2018,92.33539215686274,11.2103,845.914540460932,0.951,7554563.0,54.7104461069548,1880.0,86.0,14649.0,16656.0
Sierra Leone,2019,92.88565656565657,10.526428571428571,843.712517809977,1.4,7731991.0,54.7104461069548,1884.0,88.0,7930.0,10680.0
Sierra Leone,2020,89.8014563106796,10.916666666666666,845.277557920549,1.579,7912558.0,54.7104461069548,2256.0,78.0,9759.0,12890.0
Sierra Leone,2021,91.62766990291261,11.3455,885.396401885395,1.589,8094602.0,54.7104461069548,2160.0,110.0,14549.0,15145.0
Sierra Leone,2022,91.8832380952381,11.266274509803923,860.371067916096,1.482,8276807.0,54.7104461069548,2366.0,104.0,11353.0,13019.0
Sierra Leone,2023,95.30401960784314,11.714897959183673,758.329137378248,1.343,8460512.0,54.7104461069548,2078.0,75.0,12208.0,13420.0
Slovak Republic,2010,113.71237113402063,14.486326530612246,16899.448680529,0.681,5391428.0,40.4379197770893,7163.0,5957.0,12829.0,14742.0
Slovak Republic,2011,113.44927835051546,14.240816326530611,18469.4354316836,0.835,5398384.0,40.1285143902845,7631.0,6609.0,15695.0,15840.0
Slovak Republic,2012,111.69577319587628,13.164489795918366,17516.9691054078,1.567,5407579.0,40.0806854100815,7223.0,8502.0,13104.0,13982.0
Slovak Republic,2013,115.3203092783505,14.116122448979594,18312.7805149823,0.947,5413393.0,39.3736483114291,7304.0,7965.0,14677.0,14906.0
Slovak Republic,2014,114.04350515463916,14.066428571428572,18770.9289896545,2.361,5418649.0,39.2970049916805,7743.0,7640.0,18372.0,15804.0
Slovak Republic,2015,111.30864583333334,13.794432989690721,16442.0760860018,2.108,5423801.0,39.2787321658833,8162.0,9567.0,15254.0,14330.0
Slovak Republic,2016,114.89329896907216,15.002653061224489,16636.0769133073,1.949,5430798.0,39.2262895174709,8568.0,9546.0,18654.0,16376.0
Slovak Republic,2017,116.10030927835051,15.436428571428571,17645.5298716761,1.267,5439232.0,39.0806988352745,8810.0,9284.0,15141.0,15444.0
Slovak Republic,2018,117.09144329896908,15.350510204081631,19573.3717031314,2.54,5446771.0,39.2886855241265,9229.0,8414.0,16571.0,15664.0
Slovak Republic,2019,122.3918556701031,15.458367346938775,19406.0589683582,2.412,5454147.0,39.2054908485857,9434.0,8389.0,16100.0,16072.0
Slovak Republic,2020,121.81309278350517,15.723367346938776,19735.4858280801,2.038,5458827.0,39.1638935108153,9500.0,9831.0,17229.0,16761.0
Slovak Republic,2021,119.18214285714286,15.2189898989899,22123.3342114545,1.288,5447247.0,38.6023294509151,9556.0,10361.0,17103.0,16586.0
Slovak Republic,2022,119.94309278350515,15.88030612244898,21317.7943982363,2.028,5431752.0,38.4567387687188,11750.0,11725.0,14553.0,15680.0
Slovak Republic,2023,120.40628865979382,15.85887755102041,24614.8734642794,2.468,5426740.0,37.9575707154742,11114.0,11646.0,17340.0,16653.0
Slovenia,2010,124.58534653465347,17.956288659793813,23329.8417691156,0.77,2048583.0,30.9666339061461,4650.0,2543.0,3574.0,5599.0
Slovenia,2011,125.645,17.85185567010309,24940.6284841605,1.359,2052843.0,30.8056189814355,5078.0,2777.0,3665.0,5687.0
Slovenia,2012,123.95574257425743,17.59061855670103,22442.1417859955,1.934,2057159.0,30.36826717364,4511.0,2585.0,3368.0,5477.0
Slovenia,2013,124.46188118811881,17.815154639175258,23236.9655321695,1.234,2059953.0,30.298411122145,4535.0,2285.0,3101.0,5504.0
Slovenia,2014,124.37549019607843,18.4434693877551,24013.0682060959,2.419,2061980.0,30.5283018867925,5243.0,2697.0,3605.0,6114.0
Slovenia,2015,123.14049019607843,18.39887755102041,20697.2748530619,2.117,2063531.0,30.6062772432556,5446.0,2711.0,3720.0,6327.0
Slovenia,2016,123.05627450980391,18.458163265306123,21447.8377796036,2.034,2065042.0,30.6563399860987,5723.0,3035.0,3640.0,6187.0
Slovenia,2017,124.25313725490196,18.399591836734693,23303.077705959,1.707,2066388.0,30.5411136105194,6202.0,3417.0,3309.0,6004.0
Slovenia,2018,125.18702970297029,18.702164948453607,25888.0481065655,2.399,2073894.0,30.3927216384259,6475.0,3834.0,3492.0,5957.0
Slovenia,2019,121.51598039215688,18.73,25814.1687167572,2.314,2088385.0,30.4066268051886,6755.0,4448.0,3565.0,5745.0
Slovenia,2020,119.80098039215686,18.54908163265306,25392.0651093612,2.204,2102419.0,30.3177330605272,6455.0,4535.0,3857.0,5689.0
Slovenia,2021,117.54372549019608,17.856428571428573,29192.8401933019,1.513,2108079.0,30.3410738761646,7063.0,5046.0,3568.0,5511.0
Slovenia,2022,119.01901960784315,18.314285714285713,28360.3041467268,2.495,2112076.0,30.3291551617965,7297.0,4711.0,3288.0,5447.0
Slovenia,2023,121.90627450980392,19.033367346938775,32660.4753581346,2.568,2120461.0,30.355856862599,8886.0,5715.0,3397.0,5821.0
Solomon Islands,2010,100.27218749999999,14.378191489361702,1685.14535823757,0.237,532968.0,3.35476956055734,196.0,277.0,1256.0,1214.0
Solomon Islands,2011,98.62239583333333,14.168947368421053,1924.05795643133,0.381,552945.0,3.48338692390139,190.0,279.0,1273.0,1242.0
Solomon Islands,2012,96.48260416666666,13.760851063829787,2066.25738638356,0.478,573606.0,3.47981421936406,202.0,272.0,1364.0,1315.0
Solomon Islands,2013,96.245,13.90904255319149,2161.38627543917,0.6,594945.0,3.51196856020007,223.0,224.0,1400.0,1385.0
Solomon Islands,2014,92.36366336633662,13.165247524752475,2164.95289873002,0.685,616908.0,3.59056806002144,251.0,263.0,1528.0,1447.0
Solomon Islands,2015,92.88575757575757,12.995204081632652,2045.47721526649,0.474,639415.0,3.61200428724544,246.0,257.0,1564.0,1499.0
Solomon Islands,2016,92.56313131313131,12.537878787878787,2082.62383124213,0.832,662379.0,3.62986780993212,248.0,261.0,1469.0,1444.0
Solomon Islands,2017,93.2633,12.96080808080808,2143.57670489272,0.588,685672.0,3.6691675598428,303.0,336.0,1484.0,1539.0
Solomon Islands,2018,93.85602040816326,12.86278350515464,2278.19908624102,0.392,709101.0,3.71561271882815,266.0,249.0,1503.0,1560.0
Solomon Islands,2019,92.98683168316832,12.9278,2223.65890942466,0.652,728147.0,3.70846730975348,327.0,182.0,1318.0,1414.0
Solomon Islands,2020,91.10316831683168,12.487575757575758,2063.32780991967,0.624,744498.0,3.73704894605216,277.0,205.0,1374.0,1490.0
Solomon Islands,2021,89.8313,12.061900000000001,2043.44413170658,0.302,762591.0,3.89067524115756,236.0,225.0,1514.0,1559.0
Solomon Islands,2022,89.06346938775509,11.871734693877551,1877.78104490956,0.467,781066.0,3.8335119685602,267.0,242.0,1512.0,1563.0
Solomon Islands,2023,87.97683673469388,11.914285714285713,1882.64394148042,0.436,800005.0,3.90139335476956,271.0,242.0,1446.0,1494.0
South Africa,2010,108.14390476190475,9.99,7973.47195771517,1.237,52344051.0,79.871237913098,12763.0,13956.0,114654.0,111718.0
South Africa,2011,108.31809523809524,10.078076923076923,8646.05571071635,0.547,52995205.0,79.4450535409574,15682.0,15662.0,113827.0,115345.0
South Africa,2012,109.02438095238095,10.12375,8076.97678479741,0.722,53782567.0,79.4178502831612,18880.0,14137.0,118712.0,119569.0
South Africa,2013,108.39380952380952,9.948557692307693,7331.65467384919,0.821,54678791.0,79.4178502831612,19745.0,22869.0,126936.0,126030.0
South Africa,2014,107.13228571428571,9.941634615384617,6856.73137092522,0.916,55594838.0,79.4178502831612,19567.0,22457.0,128384.0,124232.0
South Africa,2015,105.6327619047619,9.847596153846155,6112.27382485974,1.389,56723537.0,79.4178502831612,17223.0,17649.0,113504.0,118890.0
South Africa,2016,106.33247619047619,9.688461538461539,5651.20585165749,1.647,57259551.0,79.4178502831612,27442.0,19354.0,107707.0,118588.0
South Africa,2017,106.94066666666667,9.729615384615384,6618.33508255701,1.191,57635162.0,79.4178502831612,22689.0,22753.0,133747.0,125299.0
South Africa,2018,106.69190476190475,9.713076923076922,6914.1780318076,1.071,58613001.0,79.4178502831612,22303.0,24798.0,131407.0,131527.0
South Africa,2019,104.14783018867925,9.435619047619047,6533.71121032856,1.978,59587885.0,79.4178502831612,23697.0,22313.0,127067.0,130879.0
South Africa,2020,104.04761904761905,9.264380952380952,5580.60383075189,0.985,60562381.0,79.4178502831612,20946.0,26234.0,136725.0,128699.0
South Africa,2021,101.24390476190474,9.508666666666667,6828.75624590017,0.867,61502603.0,79.4178502831612,20537.0,27639.0,138879.0,130611.0
South Africa,2022,100.73859813084113,9.226448598130842,6534.24867783397,1.014,62378410.0,79.4178502831612,21420.0,29884.0,139468.0,132799.0
South Africa,2023,99.64607476635516,9.006355140186916,6034.27208964673,1.053,63212384.0,79.4178502831612,21285.0,32019.0,140984.0,130591.0
Spain,2010,122.90821782178217,16.09372549019608,30658.7422282912,0.864,46576897.0,55.0888982220356,65522.0,52410.0,175030.0,189463.0
Spain,2011,123.64653465346534,15.790882352941177,31824.6219134777,1.571,46742697.0,54.0409698327599,67214.0,56979.0,182424.0,191276.0
Spain,2012,123.48970297029702,15.616568627450981,28456.4438151477,0.999,46773055.0,53.8613782211471,71332.0,58527.0,157518.0,175895.0
Spain,2013,124.4470297029703,15.676666666666666,29228.846559842,0.874,46604197.0,53.4439535395134,66694.0,58464.0,194071.0,199313.0
Spain,2014,122.75029702970298,16.090196078431372,29707.765509467,1.575,46460733.0,53.1336838527818,73192.0,63037.0,178592.0,189983.0
Spain,2015,123.78524752475246,15.75578431372549,25982.4416197775,1.49,46422303.0,53.1890621841609,77506.0,64607.0,179319.0,190848.0
Spain,2016,126.70990099009902,16.751274509803924,26755.6061149398,1.681,46458139.0,52.5772473596977,80661.0,65698.0,193250.0,196741.0
Spain,2017,127.36663366336633,16.69058823529412,28381.3425596906,2.003,46571232.0,52.6387138276281,85663.0,68305.0,175007.0,192921.0
Spain,2018,129.30079207920792,16.942156862745097,30602.4212881113,1.109,46782011.0,52.408209711446,90446.0,68323.0,202872.0,217651.0
Spain,2019,129.13940594059406,16.587549019607845,29786.5245689007,1.48,47118501.0,52.4584917258728,91100.0,73378.0,183572.0,202696.0
Spain,2020,127.8,15.865098039215686,27233.9426461608,2.018,47359424.0,52.3316792232841,83094.0,76944.0,204445.0,208889.0
Spain,2021,128.89558823529413,16.29362745098039,30799.4775937775,1.356,47443821.0,52.4848941208322,85822.0,79299.0,202781.0,206762.0
Spain,2022,126.51970873786408,15.915882352941177,30319.4987196616,2.401,47786102.0,53.3572810066811,98679.0,75304.0,169231.0,194496.0
Spain,2023,127.26145631067962,16.66607843137255,33493.2225409111,2.565,48352528.0,49.5753269878931,111864.0,71559.0,157163.0,197862.0
Sri Lanka,2010,91.41448598130842,10.561574074074075,2808.36244503709,0.829,20879089.0,41.7796204752033,6499.0,2299.0,24395.0,28661.0
Sri Lanka,2011,90.87691588785047,10.489907407407408,3224.95745150496,0.541,21009048.0,43.5337266783607,7493.0,2386.0,23528.0,28553.0
Sri Lanka,2012,93.16289719626168,10.72638888888889,3327.77613691283,0.803,21169458.0,43.6931908786477,6610.0,2125.0,24281.0,29553.0
Sri Lanka,2013,93.61626168224299,10.872407407407408,3739.43181100202,0.69,20585000.0,43.6931908786477,6238.0,1703.0,26433.0,30365.0
Sri Lanka,2014,94.86785046728971,10.978715596330275,3972.04375736464,0.831,20778000.0,43.6931908786477,8525.0,2296.0,24753.0,30697.0
Sri Lanka,2015,111.43990654205608,12.333394495412843,4057.7158346231,0.851,20970000.0,44.2699497519913,8490.0,2060.0,28017.0,34464.0
Sri Lanka,2016,99.60137614678898,11.277027027027026,4149.19190775593,1.203,21209000.0,44.4315189116701,7255.0,2203.0,27129.0,32433.0
Sri Lanka,2017,96.81252336448598,10.870733944954129,4398.88828068715,0.915,21453000.0,44.5963194545425,10125.0,1859.0,21701.0,31102.0
Sri Lanka,2018,101.3387962962963,11.416181818181817,4358.56095906047,0.616,21670000.0,45.448079658606,8791.0,1544.0,25714.0,33091.0
Sri Lanka,2019,99.64435185185185,11.32229357798165,4081.94772722003,1.028,21803000.0,45.4472947072851,7318.0,1731.0,27199.0,32881.0
Sri Lanka,2020,108.33918181818181,12.136071428571428,3847.60137695639,1.06,21919000.0,45.4574846427417,8212.0,2118.0,30060.0,36145.0
Sri Lanka,2021,105.82909090909092,12.14857142857143,3996.96240014909,0.805,22156000.0,45.4574846427417,7825.0,2205.0,31493.0,36824.0
Sri Lanka,2022,92.472,10.523035714285713,3342.63650253855,0.744,22181000.0,45.4574846427417,8611.0,2138.0,25486.0,32610.0
Sri Lanka,2023,96.40554545454546,10.687053571428573,3798.89016573011,0.892,22037000.0,48.6081474296799,7337.0,2164.0,27284.0,32748.0
St. Kitts and Nevis,2010,107.80936170212766,11.56694736842105,16622.9457908577,1.062,46846.0,21.9230769230769,56.0,0.0,58.0,107.0
St. Kitts and Nevis,2011,107.16436170212765,11.669894736842107,17832.4572919975,0.456,46886.0,23.0769230769231,57.0,4.0,78.0,131.0
St. Kitts and Nevis,2012,109.31500000000001,11.518947368421053,17532.0559008608,0.557,47033.0,23.0769230769231,46.0,2.0,60.0,107.0
St. Kitts and Nevis,2013,110.89808510638298,11.721157894736843,18580.1301949935,0.639,47069.0,23.0769230769231,42.0,2.0,52.0,98.0
St. Kitts and Nevis,2014,108.03051020408164,12.512061855670105,20219.3954237956,0.595,47089.0,23.0769230769231,47.0,2.0,148.0,204.0
St. Kitts and Nevis,2015,107.7703,12.739191919191919,20328.8003530109,0.875,47087.0,23.0769230769231,61.0,6.0,221.0,272.0
St. Kitts and Nevis,2016,114.47144329896906,13.231875,21387.5415511103,0.934,47075.0,23.0769230769231,84.0,10.0,152.0,206.0
St. Kitts and Nevis,2017,115.84867346938776,13.263917525773197,22464.9899633959,0.782,47050.0,23.0769230769231,82.0,2.0,191.0,254.0
St. Kitts and Nevis,2018,115.50453608247423,13.270729166666667,22901.3816403197,0.556,47008.0,23.0769230769231,56.0,4.0,23.0,77.0
St. Kitts and Nevis,2019,115.27134020618557,13.277083333333332,23595.4923231291,0.811,46952.0,23.0769230769231,55.0,6.0,23.0,74.0
St. Kitts and Nevis,2020,116.255,15.448775510204081,18859.0190361046,1.131,46870.0,23.0769230769231,60.0,45.0,23.0,32.0
St. Kitts and Nevis,2021,113.4623,14.409,18361.1449697886,0.857,46763.0,23.0769230769231,60.0,8.0,25.0,70.0
St. Kitts and Nevis,2022,113.98408163265307,14.714795918367347,21011.5744209816,0.758,46709.0,23.0769230769231,73.0,9.0,24.0,81.0
St. Kitts and Nevis,2023,113.23545454545454,13.995454545454544,22576.9248439166,1.113,46758.0,23.0769230769231,60.0,9.0,24.0,76.0
St. Lucia,2010,102.63858585858586,12.7796,8673.68720340529,1.296,170906.0,16.2950819672131,212.0,77.0,155.0,304.0
St. Lucia,2011,103.91929292929294,13.2257,9128.99442011613,0.75,171801.0,16.2950819672131,193.0,31.0,163.0,323.0
St. Lucia,2012,103.21464646464646,12.3268,9260.30006551714,0.781,172587.0,16.2950819672131,201.0,44.0,141.0,299.0
St. Lucia,2013,102.00565656565657,12.5519,9577.21733754358,0.915,173369.0,16.2950819672131,191.0,40.0,144.0,303.0
St. Lucia,2014,101.72396039603959,12.89578431372549,10044.8218377677,0.787,174138.0,16.2950819672131,267.0,82.0,128.0,285.0
St. Lucia,2015,101.47900990099009,12.705098039215686,10334.9860823918,1.017,174905.0,16.2950819672131,238.0,88.0,157.0,300.0
St. Lucia,2016,102.13356435643564,12.716960784313724,10638.1269396653,1.173,175646.0,16.2950819672131,263.0,121.0,131.0,267.0
St. Lucia,2017,100.47923076923077,13.571714285714286,11333.1123822102,1.008,176342.0,16.2950819672131,298.0,81.0,156.0,316.0
St. Lucia,2018,103.98564356435645,13.840882352941176,11642.6984727769,0.776,177017.0,16.2950819672131,171.0,48.0,160.0,316.0
St. Lucia,2019,101.32307692307693,14.756095238095236,11794.0597229805,1.009,177661.0,16.2950819672131,270.0,56.0,146.0,347.0
St. Lucia,2020,102.11095238095238,14.774716981132077,8411.07474936367,1.226,178250.0,16.2950819672131,260.0,47.0,132.0,329.0
St. Lucia,2021,102.14714285714287,14.153238095238095,10459.1321248092,0.969,178522.0,16.2950819672131,285.0,38.0,126.0,328.0
St. Lucia,2022,105.14813725490197,14.971666666666666,13103.8243147472,0.894,178781.0,16.2950819672131,220.0,35.0,134.0,323.0
St. Lucia,2023,102.64372549019608,13.830490196078431,13554.7684784933,1.08,179285.0,16.2950819672131,194.0,22.0,119.0,295.0
St. Vincent and the Grenadines,2010,117.5659793814433,15.753571428571428,6551.96835992405,1.481,109959.0,17.9487179487179,161.0,94.0,379.0,463.0
St. Vincent and the Grenadines,2011,118.34123711340206,15.31704081632653,6527.68996854448,0.974,109349.0,17.9487179487179,136.0,55.0,404.0,501.0
St. Vincent and the Grenadines,2012,118.09765306122449,14.636969696969697,6713.80768643865,0.911,108736.0,17.9487179487179,183.0,54.0,268.0,375.0
St. Vincent and the Grenadines,2013,120.5342268041237,14.813333333333333,7072.46737188939,1.087,108135.0,17.9487179487179,153.0,59.0,325.0,426.0
St. Vincent and the Grenadines,2014,119.70928571428571,14.548181818181819,7168.82875342911,0.947,107535.0,17.9487179487179,195.0,46.0,384.0,498.0
St. Vincent and the Grenadines,2015,121.99546391752577,15.613535353535354,7353.73556054184,1.105,106960.0,17.9487179487179,205.0,96.0,267.0,372.0
St. Vincent and the Grenadines,2016,119.95010309278351,16.545757575757577,7656.90042881178,1.196,106349.0,17.9487179487179,201.0,84.0,252.0,369.0
St. Vincent and the Grenadines,2017,119.24204081632652,16.407799999999998,7988.04445019298,1.158,105663.0,17.9487179487179,207.0,76.0,281.0,414.0
St. Vincent and the Grenadines,2018,119.33591836734693,17.0097,8428.12677153069,0.849,104926.0,17.9487179487179,187.0,63.0,221.0,346.0
St. Vincent and the Grenadines,2019,117.17424242424242,17.2798,8740.59425232061,1.069,104167.0,17.9487179487179,206.0,60.0,223.0,347.0
St. Vincent and the Grenadines,2020,116.69343434343433,16.7189898989899,8351.20324040982,1.328,103526.0,17.9487179487179,176.0,55.0,225.0,333.0
St. Vincent and the Grenadines,2021,116.3358,17.192549019607842,8641.27904024443,1.01,102841.0,17.9487179487179,199.0,51.0,217.0,343.0
St. Vincent and the Grenadines,2022,120.37642857142859,15.3252,9693.55867833025,0.939,102046.0,17.9487179487179,169.0,51.0,191.0,305.0
St. Vincent and the Grenadines,2023,121.23316326530613,15.2296,10582.3656725229,1.199,101323.0,17.9487179487179,170.0,47.0,192.0,307.0
Suriname,2010,106.39989898989899,12.220520833333333,7943.60482816915,1.81,549923.0,0.48782733728326,468.0,453.0,1244.0,1293.0
Suriname,2011,103.50399999999999,11.76659793814433,7949.88867218383,1.346,556269.0,0.498418735410739,476.0,400.0,1260.0,1316.0
Suriname,2012,104.3215,11.908453608247422,8851.24050668908,1.446,562633.0,0.456053142900826,422.0,425.0,1253.0,1281.0
Suriname,2013,105.675,12.621237113402062,9043.19281529222,1.621,569020.0,0.518355484827168,462.0,423.0,1393.0,1384.0
Suriname,2014,103.34872549019607,12.731752577319588,9108.18905406764,1.558,575373.0,0.549506655790339,547.0,512.0,1415.0,1412.0
Suriname,2015,101.78362745098039,12.325510204081633,8813.61705392067,1.729,581627.0,0.542030374759178,519.0,306.0,1356.0,1390.0
Suriname,2016,101.02901960784315,12.20530612244898,5644.2061057532,2.137,587757.0,0.542030374759178,488.0,401.0,1364.0,1362.0
Suriname,2017,100.05407766990291,12.492448979591837,6049.52128553675,1.787,593713.0,0.523339672181275,491.0,370.0,1424.0,1432.0
Suriname,2018,101.13495145631067,12.588099999999999,6665.74180472239,1.598,599513.0,0.523339672181275,472.0,326.0,1309.0,1426.0
Suriname,2019,106.3460606060606,13.201789473684212,6629.66775248603,1.869,605768.0,0.523339672181275,494.0,500.0,1172.0,1135.0
Suriname,2020,107.9040206185567,13.348172043010752,4755.39221710693,2.01,612317.0,0.498418735410739,477.0,216.0,1028.0,1251.0
Suriname,2021,105.35214285714287,13.116914893617022,5029.84838543953,1.619,617896.0,0.48595826702547,480.0,250.0,1044.0,1293.0
Suriname,2022,105.62061855670103,13.49236559139785,6084.43876736445,1.606,623164.0,0.448576861869665,572.0,187.0,848.0,1266.0
Suriname,2023,103.44793814432991,13.064193548387097,5521.97602122638,2.11,628886.0,0.445038088848248,511.0,179.0,884.0,1236.0
Sweden,2010,117.48742857142858,17.390588235294118,52542.5759090299,-0.276,9378126.0,7.54579040540365,16153.0,7735.0,23669.0,32310.0
Sweden,2011,118.23533333333333,17.763529411764704,60379.4814599322,1.275,9449213.0,7.51976789888145,17400.0,7460.0,25979.0,36007.0
Sweden,2012,118.64257142857143,17.878823529411765,57749.5615420853,1.323,9519374.0,7.44219137000395,17857.0,8466.0,25998.0,35359.0
Sweden,2013,118.61085714285714,17.918333333333333,60843.9888799369,0.871,9600379.0,7.4534350567843,18217.0,8309.0,26362.0,36250.0
Sweden,2014,119.36304761904762,17.430686274509803,59583.4584491714,2.71,9696110.0,7.45341050724985,18371.0,10116.0,26796.0,34505.0
Sweden,2015,118.31838095238095,17.311960784313726,51188.1652120493,2.078,9799186.0,7.43498868578537,18822.0,10908.0,25659.0,33138.0
Sweden,2016,118.20066666666668,17.094563106796116,51703.5088332851,1.849,9923085.0,7.41674708031197,19070.0,10643.0,26171.0,34528.0
Sweden,2017,117.45742857142858,16.757745098039216,53210.2233318965,1.593,10057698.0,7.39330060221358,19098.0,9991.0,27214.0,34601.0
Sweden,2018,116.25914285714286,16.621372549019608,54018.4554391861,1.853,10175214.0,7.36634329022193,20265.0,9048.0,20244.0,32425.0
Sweden,2019,118.45476190476191,16.835728155339805,51648.9892820514,1.571,10278887.0,7.37821646042035,20749.0,9251.0,27289.0,35113.0
Sweden,2020,119.37295238095238,16.587864077669902,52568.5726980146,2.949,10353442.0,7.38067177371833,19134.0,10794.0,26880.0,33996.0
Sweden,2021,120.83809523809524,16.527766990291262,60647.5416365347,1.853,10415811.0,7.3733058338244,19352.0,9974.0,24917.0,33247.0
Sweden,2022,122.08942857142857,16.740388349514564,54836.8907235124,2.133,10486941.0,7.35366332744058,20366.0,9757.0,26542.0,34805.0
Sweden,2023,123.53657142857143,16.430679611650486,54950.2834725622,1.475,10536632.0,7.32192403074128,20144.0,9276.0,22736.0,33068.0
Switzerland,2010,132.03762376237623,17.8402,76531.3729407691,0.449,7824909.0,38.8328388786286,10759.0,2410.0,14765.0,23347.0
Switzerland,2011,133.76524752475248,17.9849,90476.7589651577,1.666,7912398.0,38.7502111350433,11085.0,2359.0,17072.0,25855.0
Switzerland,2012,128.9092156862745,17.338811881188118,85836.2076767359,1.502,7996861.0,38.6676558338134,10454.0,2415.0,15920.0,24152.0
Switzerland,2013,129.4421568627451,17.364356435643565,87304.3305813557,0.771,8089346.0,38.5853758563219,11295.0,2574.0,14515.0,23403.0
Switzerland,2014,130.2507843137255,17.37107843137255,88724.9909402638,2.168,8188649.0,38.5028064078332,11375.0,2642.0,16223.0,24674.0
Switzerland,2015,128.65049019607844,17.545148514851483,83806.4476003837,1.974,8282396.0,38.4205685464246,11410.0,2402.0,14505.0,23759.0
Switzerland,2016,127.44852941176471,17.436336633663366,82153.0745447889,1.862,8373338.0,38.3386607265115,11993.0,2469.0,13765.0,23223.0
Switzerland,2017,128.48009803921568,17.536534653465345,82254.3769269767,1.841,8451840.0,38.259882464098,12098.0,2460.0,14895.0,24112.0
Switzerland,2018,128.78127450980392,17.674059405940593,85217.3691512274,2.355,8514329.0,38.1824051503393,11889.0,2484.0,14911.0,23508.0
Switzerland,2019,128.80549019607844,17.259607843137257,84121.9310304414,2.109,8575280.0,38.1050341397781,12053.0,2417.0,14356.0,24018.0
Switzerland,2020,131.15068627450978,17.632941176470588,85897.7843338323,2.519,8638167.0,38.0271063029444,12729.0,2414.0,14309.0,23653.0
Switzerland,2021,128.15766990291263,17.071747572815532,93664.7736696111,1.201,8704546.0,37.9496922648985,13028.0,2512.0,12595.0,22531.0
Switzerland,2022,129.1140776699029,17.28631067961165,94394.5106803525,2.882,8777088.0,37.8712936567617,13677.0,2387.0,13864.0,24053.0
Switzerland,2023,126.87990291262135,16.793592233009708,100623.549627296,2.796,8888822.0,37.7938948048868,12678.0,2275.0,13154.0,23217.0
Syrian Arab Republic,2010,118.23466019417477,10.320096153846153,2730.61477118949,2.427,22482421.0,75.7392582911289,14205.0,5972.0,31160.0,40757.0
Syrian Arab Republic,2011,116.69572815533981,11.474174757281553,2952.14349372257,0.606,22878098.0,75.7773784240048,12286.0,1653.0,35102.0,45869.0
Syrian Arab Republic,2012,109.95428571428572,10.446893203883494,1897.66115018696,0.97,22759763.0,75.8100528236127,7938.0,1264.0,30473.0,37745.0
Syrian Arab Republic,2013,107.79285714285714,10.02621359223301,985.892669227054,1.286,21666917.0,75.8100528236127,9596.0,929.0,25375.0,33296.0
Syrian Arab Republic,2014,107.24355769230769,10.375339805825243,1060.59105886854,1.097,20273659.0,75.7991613570767,8259.0,735.0,20000.0,29383.0
Syrian Arab Republic,2015,105.53538461538461,10.358173076923077,847.731631942565,1.251,19424618.0,75.7882698905408,7419.0,573.0,23655.0,29452.0
Syrian Arab Republic,2016,100.17304761904762,10.28298076923077,656.3490586313,1.736,19193834.0,75.7835103196645,8323.0,593.0,20597.0,27906.0
Syrian Arab Republic,2017,99.01394230769232,10.029903846153845,851.502005254153,1.09,19224668.0,75.804775908076,7606.0,692.0,21867.0,28299.0
Syrian Arab Republic,2018,94.48790476190476,10.180097087378641,1098.0668642357,2.343,19577845.0,75.7920165550291,7420.0,534.0,19098.0,27571.0
Syrian Arab Republic,2019,95.68235294117648,10.450099999999999,1109.53926036049,1.505,20353534.0,75.7574143658444,7327.0,830.0,28949.0,34868.0
Syrian Arab Republic,2020,91.1485576923077,10.666336633663366,572.355289831901,1.815,21049429.0,75.7685345531776,8027.0,2148.0,28406.0,32232.0
Syrian Arab Republic,2021,91.00543689320388,9.906930693069308,663.614245706815,2.175,21628839.0,74.9930675815499,10233.0,1435.0,20938.0,28946.0
Syrian Arab Republic,2022,87.85361904761906,9.045728155339805,1051.67149587463,1.448,22462173.0,74.0946468441976,9383.0,788.0,19383.0,29814.0
Syrian Arab Republic,2023,84.4615238095238,8.734174757281554,847.372723418531,1.852,23594623.0,74.0946468441976,7117.0,1135.0,24727.0,31357.0
Tajikistan,2010,121.45698630136987,12.875694444444443,737.338883219356,1.416,7652141.0,27.2092026293227,2543.0,448.0,9705.0,11664.0
Tajikistan,2011,123.45931506849315,13.341805555555556,833.601978202852,1.474,7824785.0,26.8076593312375,2663.0,232.0,9658.0,11991.0
Tajikistan,2012,123.94123287671232,13.97125,952.452819695469,-0.037,8014084.0,26.2146327522149,3250.0,211.0,10732.0,13395.0
Tajikistan,2013,123.78589041095891,14.37125,1028.19704279396,1.24,8216724.0,26.4568448128037,2660.0,293.0,11898.0,14050.0
Tajikistan,2014,96.13395833333334,11.592315789473684,1081.54402932039,0.448,8425552.0,26.800974161659,3164.0,506.0,11611.0,14125.0
Tajikistan,2015,100.86276595744681,12.198064516129033,956.916310930656,1.336,8643840.0,27.076158224656,3085.0,521.0,12302.0,14807.0
Tajikistan,2016,100.28319587628866,12.174166666666666,788.710481734485,1.633,8865631.0,27.3643634267599,3352.0,400.0,12879.0,15662.0
Tajikistan,2017,99.09346534653466,12.412244897959182,829.45714764957,1.357,9085946.0,27.6799481230636,3383.0,289.0,13418.0,16421.0
Tajikistan,2018,106.23577319587628,13.511041666666666,834.288404578801,1.688,9307333.0,27.7728943007421,3404.0,330.0,14132.0,17352.0
Tajikistan,2019,107.37767676767676,13.325204081632652,871.022372934846,1.414,9529966.0,27.8406225232365,3639.0,286.0,14720.0,17738.0
Tajikistan,2020,104.93772277227723,13.351919191919194,834.311715460625,1.139,9749310.0,27.8312558541682,3577.0,324.0,14647.0,17908.0
Tajikistan,2021,109.5740206185567,13.392989690721649,896.748053372182,1.09,9966908.0,27.7887455868578,3647.0,524.0,15826.0,19038.0
Tajikistan,2022,105.01313725490196,13.06871287128713,1052.17949484894,2.22,10182222.0,28.0726277109302,3719.0,499.0,15912.0,19207.0
Tajikistan,2023,104.02470588235295,12.94059405940594,1178.47990060249,1.887,10389799.0,27.9465379350097,4000.0,525.0,15909.0,19535.0
Tanzania,2010,82.55953703703705,10.169074074074073,736.530151367188,1.125,44758488.0,42.2205915556559,4061.0,2059.0,72058.0,69378.0
Tanzania,2011,84.37083333333332,10.171018518518519,775.392761230469,0.82,46029367.0,42.4602619101377,3989.0,1917.0,76811.0,73091.0
Tanzania,2012,85.4899074074074,10.043796296296296,861.969909667969,0.903,47374260.0,42.3318965906525,4566.0,3064.0,77153.0,73677.0
Tanzania,2013,86.89916666666667,10.255555555555555,963.05712890625,0.938,48824128.0,42.9396026191014,3878.0,2624.0,82326.0,78009.0
Tanzania,2014,87.36185185185185,10.38101851851852,1022.74841308594,0.938,50351512.0,43.1792729735832,4402.0,4106.0,86668.0,80783.0
Tanzania,2015,87.43351851851851,10.400277777777777,939.127319335938,1.185,52020962.0,43.418943328065,3666.0,3035.0,87827.0,83380.0
Tanzania,2016,87.96296296296296,10.279074074074074,953.0107421875,1.022,53824013.0,43.6586136825469,3726.0,2373.0,85897.0,84007.0
Tanzania,2017,87.49935185185186,9.837962962962964,986.674011230469,1.461,55652890.0,43.8982840370287,3372.0,2390.0,86504.0,82821.0
Tanzania,2018,86.83842592592593,10.201682242990653,1023.10626220703,1.062,57437145.0,44.1379543915105,1889.0,2741.0,95779.0,88258.0
Tanzania,2019,86.88183486238533,10.138785046728971,1063.32250976563,1.395,59174891.0,44.3776247459923,3828.0,3918.0,95655.0,90224.0
Tanzania,2020,87.33339449541285,10.188224299065421,1117.41528320313,1.078,60972798.0,44.6163919620682,3372.0,4495.0,97832.0,93953.0
Tanzania,2021,87.91266055045871,9.99196261682243,1159.85656738281,1.153,62830412.0,44.6163919620682,3595.0,6539.0,99377.0,94836.0
Tanzania,2022,89.91633027522937,10.054444444444444,1207.52062988281,1.0,64711821.0,44.6163919620682,4263.0,6101.0,101254.0,96766.0
Tanzania,2023,91.52229357798166,10.3892523364486,1224.00219726563,1.374,66617606.0,44.6163919620682,5903.0,5109.0,105645.0,101722.0
Thailand,2010,101.80140186915888,11.155046728971962,4973.86288823778,1.236,68579447.0,44.6749789582885,19238.0,93075.0,361800.0,294297.0
Thailand,2011,101.31710280373832,11.162990654205608,5373.6232832898,0.194,69007208.0,44.6828084323436,21425.0,103989.0,436043.0,360185.0
Thailand,2012,102.07644859813084,11.312056074766353,5725.52802835463,0.857,69436098.0,44.6906379063986,27575.0,101669.0,460769.0,383912.0
Thailand,2013,100.98803738317757,11.087850467289721,6018.08244729255,1.072,69845114.0,44.6989868660573,23232.0,109060.0,462944.0,385966.0
Thailand,2014,102.3843925233645,11.035607476635514,5801.1978916205,0.665,70216367.0,44.7102115915363,23848.0,122083.0,464948.0,376072.0
Thailand,2015,103.87150943396226,10.89245283018868,5688.85335397884,1.244,70540795.0,44.7180410655914,39236.0,130741.0,436173.0,359384.0
Thailand,2016,103.44084905660377,10.984056603773585,5833.57715617098,1.547,70859841.0,44.7102115915363,45046.0,128064.0,439821.0,357823.0
Thailand,2017,102.99716981132076,10.764811320754717,6413.09182530343,1.127,71160187.0,44.7199984341052,32910.0,132882.0,449673.0,359496.0
Thailand,2018,104.91333333333333,10.939428571428572,7099.77650081458,0.883,71376079.0,44.7174470042475,40066.0,120887.0,542283.0,463319.0
Thailand,2019,103.85514018691589,10.722710280373832,7605.69657797759,1.782,71522271.0,45.019475816712,43190.0,105635.0,531901.0,471467.0
Thailand,2020,105.71018691588785,10.985794392523365,6985.64393892574,1.543,71641484.0,45.5516837283955,55293.0,92701.0,399749.0,361506.0
Thailand,2021,105.98635514018693,10.313333333333333,7057.20754802279,1.053,71727332.0,45.9981600735971,52219.0,112002.0,403631.0,337059.0
Thailand,2022,106.13635514018692,10.859629629629628,6909.35281815827,0.943,71735329.0,45.9981600735971,52721.0,127826.0,464634.0,396487.0
Thailand,2023,105.88308411214953,10.910925925925927,7195.10130919449,1.471,71702435.0,43.7980778641195,58109.0,118582.0,460521.0,409186.0
Timor-Leste,2010,115.2201282051282,10.538846153846153,813.060220670369,1.021,1084679.0,22.7303295225286,480.0,10.0,913.0,1258.0
Timor-Leste,2011,116.81384615384614,10.65551282051282,939.045238884406,-0.03,1110207.0,22.7706792199059,296.0,16.0,670.0,1043.0
Timor-Leste,2012,116.25923076923075,11.232051282051282,1022.61906675901,0.358,1134885.0,22.8043039677202,444.0,8.0,724.0,1190.0
Timor-Leste,2013,116.74192307692309,11.005384615384616,1204.56843320518,0.77,1158695.0,22.8379287155346,538.0,6.0,749.0,1203.0
Timor-Leste,2014,93.96181818181817,9.086767676767677,1224.74956308733,0.711,1181903.0,22.871553463349,948.0,6.0,769.0,1262.0
Timor-Leste,2015,98.35989247311828,9.313723404255319,1319.59295003154,0.902,1205131.0,22.9051782111634,404.0,12.0,860.0,1250.0
Timor-Leste,2016,91.8040404040404,8.836262626262625,1335.54391073349,2.028,1228312.0,22.9388029589778,641.0,14.0,831.0,1265.0
Timor-Leste,2017,88.17855769230769,8.617596153846154,1266.17771143471,1.292,1251703.0,22.9724277067922,657.0,24.0,797.0,1284.0
Timor-Leste,2018,90.34525252525253,8.48561224489796,1219.46599728983,0.921,1275959.0,23.0060524546066,605.0,27.0,719.0,1210.0
Timor-Leste,2019,87.20378640776698,8.155392156862746,1562.36458068032,1.022,1300945.0,22.9589778076664,401.0,58.0,731.0,1204.0
Timor-Leste,2020,86.5628431372549,8.14,1630.86938521256,1.857,1326053.0,22.9589778076664,581.0,17.0,671.0,1259.0
Timor-Leste,2021,87.35225490196079,8.416274509803921,2684.92676774277,1.268,1350139.0,22.9589778076664,1022.0,38.0,614.0,1588.0
Timor-Leste,2022,87.95557692307692,8.7725,2343.24954740187,1.122,1369295.0,22.9589778076664,1302.0,42.0,762.0,1999.0
Timor-Leste,2023,86.8964423076923,8.956923076923077,1502.41147438211,0.796,1384286.0,22.9589778076664,1347.0,28.0,749.0,2081.0
Tonga,2019,112.23892156862746,17.064848484848486,4788.83342304684,1.396,105669.0,48.6111111111111,109.0,19.0,266.0,330.0
Tonga,2020,113.02039215686274,17.841313131313132,4792.35854741522,1.206,105704.0,48.6111111111111,104.0,23.0,269.0,356.0
Tonga,2021,116.14951456310679,18.6028,4922.80171378368,0.985,105490.0,48.6111111111111,124.0,29.0,270.0,360.0
Tonga,2022,112.65961538461539,18.2604854368932,5298.01941509951,0.666,105042.0,48.6111111111111,100.0,20.0,274.0,358.0
Tonga,2023,115.89528846153847,18.355922330097087,5651.59373063157,1.003,104597.0,48.6111111111111,115.0,18.0,278.0,374.0
Trinidad and Tobago,2010,115.70603960396039,11.42,16815.424737361,1.685,1317714.0,10.5263157894737,1619.0,360.0,668.0,1963.0
Trinidad and Tobago,2011,118.22148514851484,12.35861386138614,19151.0870229722,1.069,1328019.0,10.5263157894737,1987.0,685.0,598.0,2114.0
Trinidad and Tobago,2012,118.98782178217822,13.026078431372548,20332.1389531925,1.145,1335194.0,10.5263157894737,2023.0,287.0,665.0,2304.0
Trinidad and Tobago,2013,120.13108910891088,13.153137254901962,21304.9777496628,1.311,1340557.0,10.5263157894737,1969.0,290.0,673.0,2310.0
Trinidad and Tobago,2014,116.46048543689321,12.398058252427184,21908.3014555644,1.224,1345343.0,10.5263157894737,1950.0,296.0,649.0,2238.0
Trinidad and Tobago,2015,115.48817307692308,12.054466019417475,19887.2327716498,1.428,1349667.0,10.5263157894737,2006.0,489.0,697.0,2166.0
Trinidad and Tobago,2016,113.80038095238095,12.155384615384616,17449.1538801956,1.516,1353895.0,10.5263157894737,1791.0,328.0,635.0,2145.0
Trinidad and Tobago,2017,114.40333333333334,12.200192307692307,17566.0999700656,1.695,1356633.0,10.5263157894737,1844.0,332.0,768.0,2235.0
Trinidad and Tobago,2018,113.86542857142858,12.353942307692307,17571.498737278,1.121,1359193.0,10.5263157894737,1792.0,205.0,729.0,2261.0
Trinidad and Tobago,2019,114.4589423076923,12.040097087378642,17212.6128892163,1.631,1363985.0,10.5263157894737,1826.0,363.0,739.0,2223.0
Trinidad and Tobago,2020,114.81413461538462,12.539805825242718,15283.6270531554,1.823,1366725.0,10.5263157894737,1783.0,212.0,634.0,2270.0
Trinidad and Tobago,2021,115.92852941176471,12.06029702970297,17712.5674104655,1.369,1367558.0,10.5263157894737,1871.0,507.0,777.0,2238.0
Trinidad and Tobago,2022,114.60705882352941,11.762941176470587,20750.5202434652,1.099,1365805.0,10.5263157894737,1923.0,596.0,844.0,2163.0
Trinidad and Tobago,2023,111.93009615384615,11.888155339805826,18308.4536298575,1.724,1367510.0,10.5263157894737,2082.0,522.0,767.0,2238.0
Tunisia,2010,126.26106796116504,14.438039215686276,4291.86120891575,1.589,10765980.0,64.6112255406797,11140.0,1561.0,16625.0,26220.0
Tunisia,2011,126.8421359223301,14.539019607843137,4420.64772206537,0.86,10886035.0,64.8300720906282,9835.0,2327.0,18459.0,25322.0
Tunisia,2012,127.80990291262135,14.583942307692308,4297.26782454273,1.414,11009647.0,63.8645726055613,10014.0,1837.0,20380.0,27262.0
Tunisia,2013,127.54116504854369,14.415142857142856,4369.79345826358,1.24,11141361.0,63.9997425334707,10397.0,1756.0,18726.0,28133.0
Tunisia,2014,131.2691089108911,14.853203883495144,4458.97895464547,1.671,11274288.0,62.8282698249228,10618.0,1394.0,20156.0,27786.0
Tunisia,2015,131.83039603960395,15.485728155339805,4014.94773686432,1.047,11402264.0,63.2981462409887,11834.0,1970.0,22159.0,31672.0
Tunisia,2016,131.5010891089109,14.93621359223301,3847.80354448809,1.716,11528674.0,62.45236869207,13148.0,1755.0,19583.0,30017.0
Tunisia,2017,132.07752475247526,15.08747572815534,3619.03247319953,1.227,11650498.0,62.7117662203914,12659.0,2137.0,19941.0,29354.0
Tunisia,2018,131.476213592233,14.879807692307692,3628.10366464236,1.362,11765514.0,62.4388516992791,11877.0,1666.0,21607.0,30806.0
Tunisia,2019,134.91441176470587,15.679805825242719,3528.87213306798,1.172,11875081.0,62.4388516992791,12111.0,1905.0,24308.0,32676.0
Tunisia,2020,136.0164705882353,15.9673786407767,3548.65363663803,1.831,11974057.0,62.4388516992791,12890.0,1910.0,24146.0,35097.0
Tunisia,2021,137.55247524752477,16.496831683168317,3906.93926319391,2.372,12048622.0,62.4388516992791,11988.0,1863.0,21724.0,32574.0
Tunisia,2022,132.43106796116507,15.180873786407767,3707.29283414381,1.971,12119334.0,62.4388516992791,11130.0,2155.0,22042.0,31249.0
Tunisia,2023,130.92961165048544,15.615825242718447,3951.11683376921,2.255,12200431.0,62.4388516992791,11790.0,1335.0,19770.0,32839.0
Turkiye,2010,142.886,16.643571428571427,10698.9699409757,2.395,73142150.0,50.6892922573184,28784.0,25913.0,237383.0,242994.0
Turkiye,2011,142.9791,16.837171717171717,11373.6355760885,0.416,74223629.0,49.6953081350779,34624.0,24415.0,245762.0,249862.0
Turkiye,2012,144.28,16.915353535353535,11776.7593362033,0.996,75175827.0,49.9032002390759,35364.0,25291.0,244866.0,251168.0
Turkiye,2013,144.7472,17.156020408163265,12635.5570016068,1.372,76147624.0,49.9239894494757,41949.0,29058.0,258029.0,265172.0
Turkiye,2014,145.96775510204083,16.97701030927835,12209.3862327674,1.333,77181884.0,50.0942011096241,54725.0,30797.0,247931.0,272129.0
Turkiye,2015,147.37204081632655,17.085051546391753,11064.6494504662,0.808,78218479.0,50.0903031326741,56495.0,31728.0,264185.0,284848.0
Turkiye,2016,142.5984,16.787979797979798,10984.3643169061,1.585,79277962.0,49.8005535127269,59454.0,36961.0,268400.0,290939.0
Turkiye,2017,144.2682,17.105656565656567,10756.3877677883,0.761,80312698.0,49.3275989761314,75065.0,40689.0,285181.0,314310.0
Turkiye,2018,146.21252525252527,16.99857142857143,9684.11819884721,2.617,81407204.0,49.1171082208334,69030.0,42999.0,272264.0,300294.0
Turkiye,2019,144.69389999999999,17.38878787878788,9395.23378001368,1.656,82579440.0,49.0053662149344,88282.0,45980.0,277548.0,316003.0
Turkiye,2020,145.075,17.947575757575756,8798.11791709313,1.821,83384680.0,49.0651351948339,90384.0,47899.0,301555.0,329459.0
Turkiye,2021,145.2249,17.9446,9981.76398411336,1.866,84147318.0,49.4900146823798,89002.0,53999.0,285559.0,322623.0
Turkiye,2022,145.80656862745099,17.750686274509803,10897.8397861365,1.253,84979913.0,50.0253368501748,92034.0,57633.0,305484.0,325163.0
Turkiye,2023,148.40460784313726,18.646176470588237,13375.0947282864,1.987,85325965.0,50.1383781817237,94247.0,58695.0,326794.0,345375.0
Turkmenistan,2010,165.27878787878788,18.84151515151515,4058.53937000739,1.957,5564356.0,72.3512012427383,712.0,100.0,10625.0,11208.0
Turkmenistan,2011,168.62171875,18.64348484848485,5143.61929334647,1.151,5683417.0,72.0064690485817,665.0,105.0,9796.0,11030.0
Turkmenistan,2012,164.63863636363635,18.604545454545452,6053.8748468749,0.845,5808546.0,73.5761177196604,818.0,109.0,10173.0,11049.0
Turkmenistan,2013,167.56338461538462,18.62787878787879,6599.64529055481,1.689,5939341.0,75.145766390739,739.0,167.0,10630.0,11407.0
Turkmenistan,2014,117.6701052631579,14.402826086956521,7164.14536184006,0.75,6075283.0,76.7154150618177,1878.0,72.0,10578.0,12270.0
Turkmenistan,2015,116.3021875,13.699893617021276,5759.497903834,1.438,6215770.0,78.2850637328964,1629.0,42.0,11025.0,12448.0
Turkmenistan,2016,116.1358947368421,14.231290322580644,5686.98040962764,2.025,6360041.0,79.8547124039751,1549.0,211.0,11692.0,12661.0
Turkmenistan,2017,115.0790625,13.766354166666666,5828.4816623489,1.71,6507061.0,81.4243610750537,1500.0,151.0,11783.0,13226.0
Turkmenistan,2018,117.95634408602152,14.012934782608694,6125.05169712085,1.563,6655524.0,82.9940097461324,1737.0,125.0,10761.0,12562.0
Turkmenistan,2019,111.76938144329895,13.274,5998.0017434754,1.827,6803944.0,84.5636584172111,1479.0,162.0,12032.0,12786.0
Turkmenistan,2020,111.0704081632653,13.279473684210526,5972.72356566861,1.54,6949912.0,84.5587640712447,1232.0,167.0,11985.0,12958.0
Turkmenistan,2021,110.21888888888888,13.393298969072166,5723.30227157906,1.682,7092043.0,84.5536569276275,1518.0,244.0,12202.0,13525.0
Turkmenistan,2022,108.58292929292931,13.635520833333333,5837.84224538947,2.554,7230193.0,84.5536569276275,1405.0,223.0,12800.0,13736.0
Turkmenistan,2023,106.7537,13.66979381443299,6231.91323839698,2.429,7364438.0,84.2215632115421,1629.0,157.0,12833.0,14447.0
Tuvalu,2019,137.646511627907,19.16060975609756,5115.13075950206,1.033,10581.0,60.0,12.0,18.0,24.0,21.0
Tuvalu,2020,142.5025287356322,19.886419753086418,4976.11254109571,1.151,10399.0,60.0,10.0,18.0,30.0,24.0
Tuvalu,2021,134.7731914893617,18.458539325842697,5905.08198095343,0.644,10194.0,60.0,12.0,24.0,70.0,61.0
Tuvalu,2022,135.9442105263158,18.38758241758242,5911.32727055301,0.618,9992.0,60.0,16.0,24.0,70.0,62.0
Tuvalu,2023,137.36936842105263,18.77758241758242,6344.7750188689,1.149,9816.0,60.0,15.0,24.0,70.0,65.0
Uganda,2010,90.50700934579439,11.578598130841122,823.488144282,1.502,32390802.0,71.1400359066427,2072.0,1811.0,50905.0,51165.0
Uganda,2011,90.25364485981308,11.461792452830188,835.620060555838,1.097,33354543.0,71.6387392778775,2358.0,1674.0,52084.0,52769.0
Uganda,2012,87.63579439252337,11.049056603773586,795.222867553127,1.138,34337438.0,71.8880909634949,3000.0,2289.0,51837.0,52540.0
Uganda,2013,86.60000000000001,10.618317757009347,818.285427416713,1.094,35337042.0,71.8880909634949,2621.0,2480.0,53697.0,53828.0
Uganda,2014,88.20401869158879,10.118703703703703,896.054795546394,1.147,36395539.0,71.8880909634949,2967.0,2360.0,52935.0,53518.0
Uganda,2015,83.94242990654206,9.834629629629628,862.934610355811,1.202,37531446.0,71.8880909634949,2852.0,3021.0,55087.0,54900.0
Uganda,2016,74.6238679245283,8.608703703703704,752.696571725656,1.298,38799152.0,71.8880909634949,3011.0,3201.0,50518.0,50267.0
Uganda,2017,77.18211009174313,9.06324074074074,765.218332297361,1.75,40177388.0,71.8880909634949,3769.0,3911.0,54683.0,54480.0
Uganda,2018,84.23724770642202,10.332454545454544,792.16570022814,1.087,41565831.0,71.8880909634949,3602.0,4234.0,64066.0,63397.0
Uganda,2019,73.88963636363637,9.662702702702703,822.171150036357,1.616,42999637.0,71.8880909634949,4054.0,3246.0,61461.0,62220.0
Uganda,2020,85.19798165137614,11.081818181818182,845.766463890124,1.21,44457152.0,71.8880909634949,4407.0,3538.0,70175.0,70977.0
Uganda,2021,83.23348623853212,10.85209090909091,882.791717542504,1.493,45910930.0,71.8880909634949,5403.0,3598.0,73052.0,74908.0
Uganda,2022,91.25944444444445,11.664537037037038,963.067314117178,1.423,47312719.0,71.8880909634949,4981.0,3577.0,78140.0,79667.0
Uganda,2023,87.04935185185185,11.001111111111113,1002.30913917142,1.558,48656601.0,71.8880909634949,4882.0,4205.0,76498.0,77212.0
Ukraine,2010,126.5302105263158,16.682604166666668,3039.63232421875,1.623,46456003.0,71.2335151556998,6825.0,36934.0,226632.0,198811.0
Ukraine,2011,128.28326315789474,17.7734375,3656.69799804688,0.553,46307853.0,71.2576814195954,8791.0,45218.0,293219.0,247123.0
Ukraine,2012,127.47421052631579,17.672604166666666,3951.34228515625,1.929,46210056.0,71.2853000069046,8474.0,75589.0,270370.0,208255.0
Ukraine,2013,127.06747368421053,17.599375,4129.89697265625,1.481,46126770.0,71.6805910377684,8806.0,76319.0,293184.0,226347.0
Ukraine,2014,127.9595744680851,17.045368421052633,3054.908203125,1.671,45972380.0,71.658409432236,6805.0,88104.0,307803.0,226539.0
Ukraine,2015,124.05547368421053,16.049479166666668,2094.47387695313,2.025,45784896.0,71.6532306789345,4457.0,96931.0,279098.0,193086.0
Ukraine,2016,124.99585106382979,16.363263157894735,2158.46118164063,2.059,45616832.0,71.665314436638,5436.0,105868.0,306750.0,212061.0
Ukraine,2017,122.39463157894737,16.21375,2604.28759765625,1.363,45436041.0,71.6191955808735,5993.0,115083.0,301305.0,194676.0
Ukraine,2018,121.36297872340424,16.53863157894737,3059.0517578125,2.178,45208907.0,71.3306869175009,7138.0,113841.0,323580.0,217432.0
Ukraine,2019,112.1901,15.70009900990099,3619.86157226563,2.308,44957458.0,71.2996202968588,10650.0,149146.0,323431.0,182532.0
Ukraine,2020,112.42313131313131,15.6457,3709.76928710938,3.051,44680014.0,71.2996202968588,9726.0,133427.0,292799.0,171742.0
Ukraine,2021,112.1775,15.443762376237624,4775.94580078125,1.369,44298640.0,71.2996202968588,10010.0,124817.0,346010.0,193834.0
Ukraine,2022,108.59191919191919,14.8332,4199.6708984375,1.83,41048766.0,71.2996202968588,7273.0,108483.0,259591.0,170772.0
Ukraine,2023,109.21070707070706,15.891300000000001,5139.59814453125,2.685,37732836.0,71.2996202968588,7113.0,124131.0,292795.0,176377.0
United Arab Emirates,2010,149.25072164948455,13.234742268041236,44795.2949302268,1.499,6869838.0,5.52379611377077,28694.0,11701.0,3787.0,20925.0
United Arab Emirates,2011,150.4642268041237,14.21443298969072,51921.904511613,1.19,7104538.0,5.47029005913827,29087.0,6717.0,2817.0,25621.0
United Arab Emirates,2012,149.3980412371134,13.557448979591838,53141.6124340099,1.156,7391448.0,5.30413967896367,32548.0,6331.0,2702.0,28884.0
United Arab Emirates,2013,145.63,14.006632653061226,53247.2409495441,0.848,7693031.0,5.34215713883413,36988.0,8987.0,2703.0,29821.0
United Arab Emirates,2014,135.18919191919193,12.490408163265306,52725.2358407934,1.011,8059440.0,5.3858068149817,40369.0,12269.0,3214.0,28152.0
United Arab Emirates,2015,129.92575757575756,12.419387755102042,44910.334995523,1.652,8505237.0,5.39003097718952,36333.0,13211.0,3296.0,26528.0
United Arab Emirates,2016,124.3134,11.9508,42721.0999383185,1.178,8935095.0,5.40411151788229,35114.0,13062.0,3342.0,25303.0
United Arab Emirates,2017,124.365,11.983737373737375,43733.6192287435,1.717,9223225.0,5.40411151788229,38749.0,13792.0,3788.0,27087.0
United Arab Emirates,2018,123.5807,11.06141414141414,47135.3591943971,1.576,9346701.0,5.37524640946212,35243.0,15332.0,3293.0,23889.0
United Arab Emirates,2019,129.1628282828283,11.471326530612245,45938.6073581994,1.265,9445785.0,5.49704308645452,35535.0,15716.0,3553.0,24153.0
United Arab Emirates,2020,120.54481132075472,13.393207547169812,37991.7492971665,1.269,9401038.0,5.48859476203886,35614.0,17899.0,4007.0,21976.0
United Arab Emirates,2021,116.7081308411215,13.933457943925236,44118.5047192771,1.759,9575152.0,5.51339763446916,38234.0,18500.0,4000.0,22700.0
United Arab Emirates,2022,115.05364485981308,11.237009345794391,50759.7589231191,1.532,10074977.0,5.51339763446916,41199.0,19530.0,3828.0,28062.0
United Arab Emirates,2023,114.85252336448598,10.77607476635514,49850.6872175164,1.655,10483751.0,5.51539988735567,39721.0,18062.0,4011.0,28249.0
United Kingdom,2010,126.6028712871287,17.977941176470587,39778.3220528565,-0.079,62766365.0,71.1941470673335,93534.0,31998.0,122918.0,188969.0
United Kingdom,2011,127.26821782178217,18.208039215686274,42295.9273835322,0.822,63258810.0,70.9461414458728,94583.0,30677.0,131251.0,193612.0
United Kingdom,2012,126.5909900990099,18.130294117647058,42688.3263728372,0.547,63711000.0,71.020543132311,103884.0,29883.0,118192.0,195561.0
United Kingdom,2013,127.63772277227723,18.30127450980392,43606.9837896348,0.34,64138000.0,71.3024428553714,111997.0,27828.0,124170.0,204488.0
United Kingdom,2014,128.47019801980198,18.6321568627451,47746.2421759562,1.694,64619000.0,71.2272144835283,101498.0,30630.0,136274.0,198930.0
United Kingdom,2015,128.98554455445543,18.68049019607843,45255.3449216209,0.587,65087000.0,70.8386723432398,102055.0,33139.0,129755.0,194804.0
United Kingdom,2016,128.2909900990099,18.631176470588233,41257.9085545556,1.143,65606000.0,71.7148836440293,102017.0,35426.0,120930.0,194095.0
United Kingdom,2017,129.20445544554454,18.555,40916.8115070354,1.406,65964000.0,72.1950667548465,106447.0,30532.0,133675.0,201671.0
United Kingdom,2018,127.32574257425742,18.27519607843137,43702.9976303165,0.982,66287000.0,71.7185202331253,107539.0,30162.0,123369.0,198873.0
United Kingdom,2019,128.64465346534655,17.757254901960785,43158.7411267323,1.217,66628000.0,72.4229988013062,105340.0,32946.0,132656.0,198952.0
United Kingdom,2020,128.46316831683168,17.963529411764707,40812.6794663879,1.363,66740000.0,71.3400491877816,112440.0,30427.0,112724.0,197819.0
United Kingdom,2021,127.14663366336633,17.21941176470588,47691.3768799404,0.921,66978000.0,71.1575290373248,101224.0,24269.0,124008.0,195682.0
United Kingdom,2022,127.88653465346533,17.84049019607843,47057.043229179,1.904,67636000.0,71.9816417972141,109106.0,27244.0,123830.0,198068.0
United Kingdom,2023,131.72940594059406,17.597745098039216,49944.4702124201,1.469,68526000.0,70.3073227793163,106448.0,26155.0,121695.0,197524.0
United States,2010,139.1523076923077,17.008,48642.6100179312,0.707,309378227.0,45.7973145105396,168673.0,355831.0,1631386.0,1478581.0
United States,2011,139.00653846153847,16.81847619047619,50024.868799398,0.541,311839461.0,46.0184942092962,176623.0,346753.0,1586086.0,1466870.0
United States,2012,140.26951923076922,17.087142857142858,51708.4011556577,1.46,314339099.0,46.2396739080528,187637.0,320393.0,1562486.0,1485861.0
United States,2013,139.7796153846154,16.917809523809524,53179.0127634561,0.618,316726282.0,46.3330187965568,199521.0,312850.0,1721148.0,1533562.0
United States,2014,139.13125,16.87904761904762,54973.4207515712,0.514,319257560.0,46.4263636850609,233764.0,381761.0,1755015.0,1538100.0
United States,2015,139.4218269230769,16.854190476190478,56572.9188996063,1.535,321815121.0,46.519708562633,240345.0,360022.0,1740292.0,1564175.0
United States,2016,140.03192307692308,17.24742857142857,57638.1018367192,2.206,324353340.0,46.613053451137,245849.0,402676.0,1920951.0,1678843.0
United States,2017,140.37884615384615,17.576857142857143,59635.0984397965,1.415,326608609.0,46.7063983396411,252584.0,397207.0,1797410.0,1639852.0
United States,2018,141.4589423076923,17.66257142857143,62499.8744390068,1.254,328529577.0,46.5817145490204,259479.0,396722.0,1791531.0,1615353.0
United States,2019,142.5743269230769,17.85495238095238,64746.4506778863,1.009,330226227.0,46.4570307583996,255700.0,365797.0,1702375.0,1623732.0
United States,2020,143.66201923076923,17.72257142857143,63515.9491807833,1.307,331578104.0,46.3323469677789,258447.0,414272.0,1768827.0,1658810.0
United States,2021,144.68,17.944190476190478,70205.050916026,1.149,332100166.0,46.2076631880902,274329.0,424537.0,1812351.0,1658878.0
United States,2022,147.07125,18.408666666666665,76657.2488844403,1.199,333996304.0,46.0829793974695,297626.0,401031.0,1718870.0,1642339.0
United States,2023,147.5176923076923,18.2,81032.262117545,1.194,336755052.0,46.0829793974695,287404.0,347667.0,1829317.0,1736608.0
Uruguay,2010,124.13244897959183,14.690714285714286,12641.0576849008,0.333,3318580.0,82.4648611587247,2863.0,12900.0,17945.0,9103.0
Uruguay,2011,124.57581632653061,14.643535353535354,15132.2675725587,0.526,3326825.0,82.9962290023997,4119.0,11585.0,17617.0,10340.0
Uruguay,2012,125.89051020408164,15.285656565656565,16259.5940814256,0.938,3335401.0,81.3449891440978,2949.0,15066.0,20830.0,9928.0
Uruguay,2013,124.81232323232324,14.333737373737373,18335.2594772322,0.252,3345337.0,81.9717746543252,3758.0,15630.0,19299.0,8709.0
Uruguay,2014,125.46292929292929,14.687000000000001,18322.4276767157,1.255,3356334.0,82.7054050965604,3861.0,14612.0,21599.0,11291.0
Uruguay,2015,122.818,14.6446,17125.9016800298,1.16,3368017.0,82.6625528511027,5036.0,12515.0,20420.0,12427.0
Uruguay,2016,123.98620000000001,14.518600000000001,17009.7584207276,0.411,3379283.0,81.5066849502914,3890.0,11843.0,18468.0,10762.0
Uruguay,2017,124.84559999999999,14.8171,19184.6502617082,1.664,3388438.0,81.2644269226374,3836.0,13576.0,20461.0,10531.0
Uruguay,2018,126.2919,15.224300000000001,19249.9404677501,1.344,3394534.0,81.0810193120786,5135.0,9033.0,14674.0,11061.0
Uruguay,2019,127.5228,15.3074,18315.7316980028,0.982,3397206.0,80.7182036338704,3721.0,13275.0,20019.0,10561.0
Uruguay,2020,125.37386138613861,14.891980198019802,15757.5355995779,1.004,3398968.0,80.3531025025711,4107.0,11810.0,18104.0,11030.0
Uruguay,2021,125.18666666666668,15.391960784313726,17881.818721099,0.962,3396695.0,80.3908124785739,4824.0,11740.0,19864.0,12051.0
Uruguay,2022,126.71960396039604,15.810891089108912,20818.6146091144,0.577,3390913.0,80.8735287395726,4763.0,15743.0,23273.0,12206.0
Uruguay,2023,126.5771287128713,15.885940594059406,23019.4221560046,1.7,3388081.0,81.3541309564621,6055.0,11467.0,18002.0,12423.0
Uzbekistan,2010,125.4321978021978,15.605714285714285,1753.20730243278,1.809,28385506.0,58.7255558716379,5226.0,1453.0,52621.0,56779.0
Uzbekistan,2011,128.57758241758242,16.228021978021978,2087.86386135694,1.072,28823196.0,58.3214206223369,6801.0,2019.0,55130.0,59124.0
Uzbekistan,2012,130.54608695652175,17.326153846153847,2307.34649117185,0.7,29261903.0,57.907296925195,7816.0,1647.0,59227.0,64991.0
Uzbekistan,2013,134.21615384615384,18.13978021978022,2461.97947403595,1.552,29724065.0,57.5048934231933,6420.0,1896.0,63345.0,67274.0
Uzbekistan,2014,125.85515151515152,17.619387755102043,2674.9628382103,0.193,30222994.0,58.6109332727536,8276.0,2390.0,67629.0,72109.0
Uzbekistan,2015,125.2316,18.1879797979798,2803.19018021751,1.423,30749346.0,57.984566500227,8900.0,2813.0,71943.0,76920.0
Uzbekistan,2016,128.295,18.91857142857143,2753.37951427589,2.306,31284568.0,57.9805306962693,9780.0,3392.0,76253.0,81283.0
Uzbekistan,2017,125.58969387755101,17.818989898989898,2190.60411562888,1.807,31819178.0,57.9525543137807,8491.0,4197.0,70712.0,75250.0
Uzbekistan,2018,126.41479591836735,17.924166666666668,1813.08530813664,1.063,32373490.0,57.9234067278426,13049.0,4683.0,67423.0,76963.0
Uzbekistan,2019,132.47574468085105,18.989782608695652,2041.38480729431,1.941,32964701.0,58.0070592775022,11866.0,5393.0,72008.0,78630.0
Uzbekistan,2020,123.42257425742575,17.03235294117647,1978.28051860763,1.719,33586372.0,58.2832179734483,11805.0,6163.0,73811.0,78776.0
Uzbekistan,2021,125.93838383838383,17.764040404040404,2258.51964119278,1.548,34243696.0,58.3012029873846,12639.0,5966.0,75066.0,81676.0
Uzbekistan,2022,124.12762376237623,17.733137254901962,2578.66689394219,2.627,34938955.0,58.4792534698583,15339.0,7380.0,79568.0,84995.0
Uzbekistan,2023,124.85594059405942,17.565392156862746,2878.96879292451,2.433,35652307.0,58.0551458073301,16616.0,9121.0,80930.0,86772.0
Vanuatu,2010,115.47881188118812,17.333333333333332,2815.18828985779,0.863,238248.0,15.3404429860541,133.0,244.0,1192.0,1091.0
Vanuatu,2011,115.33390000000001,17.01418367346939,3163.1861645138,0.657,243474.0,15.3404429860541,139.0,256.0,1061.0,1047.0
Vanuatu,2012,113.82709999999999,16.953163265306124,3004.78416664293,0.365,248883.0,15.3404429860541,127.0,291.0,1083.0,954.0
Vanuatu,2013,114.4473,17.12234693877551,2979.79608084399,0.706,254482.0,15.3404429860541,135.0,232.0,1147.0,1083.0
Vanuatu,2014,112.00451923076922,15.893714285714285,2973.09026493408,0.647,260240.0,15.3404429860541,130.0,168.0,1387.0,1283.0
Vanuatu,2015,110.2364761904762,16.019523809523808,2854.89412272653,0.631,266101.0,15.3404429860541,135.0,140.0,1313.0,1350.0
Vanuatu,2016,111.5798076923077,16.049134615384613,2956.12644801489,1.234,272087.0,15.3404429860541,146.0,253.0,1214.0,963.0
Vanuatu,2017,113.15413461538462,16.248039215686273,3159.86055790126,1.133,278507.0,15.3404429860541,181.0,301.0,1003.0,865.0
Vanuatu,2018,115.03509803921568,16.3139,3206.65748718811,0.452,285259.0,15.3404429860541,163.0,221.0,1041.0,1166.0
Vanuatu,2019,112.62,15.754368932038835,3207.44650452083,0.77,291985.0,15.3404429860541,143.0,171.0,1056.0,1054.0
Vanuatu,2020,111.75807692307693,15.409711538461538,3042.98711598286,1.054,298858.0,15.3404429860541,163.0,201.0,1053.0,1006.0
Vanuatu,2021,112.53563106796116,15.276990291262136,3107.20312858002,0.928,305868.0,15.3404429860541,170.0,199.0,1052.0,1009.0
Vanuatu,2022,112.41407766990291,16.614077669902912,3370.21191956953,1.248,313046.0,15.3404429860541,179.0,196.0,1166.0,1155.0
Vanuatu,2023,112.16504854368932,16.818252427184465,3482.61458237637,0.807,320409.0,15.3404429860541,203.0,153.0,1175.0,1220.0
"Venezuela, RB",2010,110.14711538461539,12.036226415094339,13646.3046622664,1.439,28813101.0,24.3750354288306,15150.0,121.0,47081.0,61636.0
"Venezuela, RB",2011,109.99903846153846,12.135,10843.9229703167,0.937,29185212.0,24.3750354288306,14075.0,114.0,47397.0,61472.0
"Venezuela, RB",2012,108.07499999999999,11.396415094339622,12607.2361246243,0.926,29553826.0,24.3750354288306,16408.0,71.0,45726.0,61067.0
"Venezuela, RB",2013,104.96481132075472,11.284905660377358,8656.35669723668,1.265,29912198.0,24.3750354288306,17505.0,111.0,46418.0,61969.0
"Venezuela, RB",2014,107.55133333333333,11.7438679245283,7096.22047105512,1.215,30254079.0,24.3750354288306,17161.0,93.0,46199.0,62226.0
"Venezuela, RB",2015,97.59971428571428,10.761132075471698,4103.1384987005,1.562,30573972.0,24.3750354288306,13854.0,155.0,42060.0,55162.0
"Venezuela, RB",2016,84.37326923076922,9.106226415094339,3670.15737848208,1.572,30765720.0,24.3750354288306,9640.0,87.0,34289.0,45856.0
"Venezuela, RB",2017,86.84403846153847,8.855,3791.33160682077,1.224,30565323.0,24.3750354288306,11717.0,132.0,33752.0,45270.0
"Venezuela, RB",2018,82.78461538461539,8.401509433962264,3422.65467014854,1.144,29807592.0,24.3750354288306,9037.0,85.0,35045.0,44101.0
"Venezuela, RB",2019,84.36192307692309,8.40304761904762,2523.11275230667,1.54,28938098.0,24.3750354288306,9733.0,86.0,29148.0,39757.0
"Venezuela, RB",2020,86.01285714285714,8.779716981132076,1506.0436210041,1.676,28444077.0,24.3750354288306,9596.0,88.0,32120.0,41150.0
"Venezuela, RB",2021,97.03476190476191,10.029150943396226,2004.93397949792,1.078,28237826.0,24.3750354288306,10679.0,183.0,36798.0,46852.0
"Venezuela, RB",2022,101.62590476190475,10.26254716981132,3155.04207099687,1.057,28213017.0,24.3750354288306,11152.0,185.0,36002.0,46664.0
"Venezuela, RB",2023,104.55485714285713,10.372358490566038,3617.43594578269,1.752,28300854.0,24.3750354288306,10689.0,354.0,38082.0,48756.0
Viet Nam,2010,118.30945652173912,13.299239130434783,1683.16182443979,1.101,87455152.0,34.3450560815081,22043.0,42111.0,205897.0,185885.0
Viet Nam,2011,119.52499999999999,13.32521739130435,1950.92504174913,0.124,88468314.0,34.3732843043373,23463.0,49257.0,216145.0,186650.0
Viet Nam,2012,122.02423913043478,14.687934782608695,2185.11767654291,0.759,89510356.0,34.4331120376958,24922.0,60827.0,236949.0,209492.0
Viet Nam,2013,121.35445652173912,14.796847826086957,2359.51736472828,0.911,90573104.0,34.6726704451298,24389.0,50267.0,243392.0,219186.0
Viet Nam,2014,110.63941176470587,13.420388349514562,2546.38464459903,0.577,91679578.0,34.6991265943562,30227.0,59654.0,249402.0,220041.0
Viet Nam,2015,108.03567307692308,13.168571428571429,2577.56885340113,1.234,92823254.0,38.7634300520449,39261.0,59059.0,249933.0,227371.0
Viet Nam,2016,110.00388349514563,13.63701923076923,2735.0604380416,1.202,94000117.0,38.8407942894887,49568.0,53879.0,248723.0,240809.0
Viet Nam,2017,110.62932038834951,13.974326923076925,2956.10992127753,1.156,95176977.0,38.8279627189274,45846.0,64204.0,255315.0,234847.0
Viet Nam,2018,111.50825242718447,14.196153846153845,3222.31003125366,0.849,96237319.0,38.7344502263671,49435.0,51893.0,260096.0,252655.0
Viet Nam,2019,112.89233009708738,14.600873786407767,3440.90025375434,1.819,97173776.0,39.5241027473527,53448.0,57917.0,258836.0,253726.0
Viet Nam,2020,113.4725,14.410952380952379,3534.03953482647,1.498,98079191.0,39.4347683207361,61652.0,63677.0,252739.0,248472.0
Viet Nam,2021,113.85190476190476,14.552264150943396,3704.1935590038,1.12,98935098.0,39.4347683207361,67930.0,65578.0,257441.0,256752.0
Viet Nam,2022,114.9677142857143,14.880754716981132,4147.69777213621,1.036,99680655.0,39.2911951351024,69100.0,59139.0,258124.0,261917.0
Viet Nam,2023,117.0167619047619,15.17311320754717,4323.35031982451,1.443,100352192.0,39.2147376279795,75840.0,59144.0,262779.0,272686.0
World,2010,95.08777777777779,11.528771929824561,9542.72886249208,1.284,7000860073.0,36.491915878973,2627801.0,2343185.0,18621513.0,19080317.0
World,2011,95.7648717948718,11.65877192982456,10485.1771943036,0.93,7086704141.0,36.6741248854261,2735895.0,2421052.0,19611695.0,19851797.0
World,2012,95.91794871794872,11.694561403508773,10583.9966715989,1.105,7176482165.0,37.0262047663279,2902467.0,2571786.0,19811514.0,20227915.0
World,2013,96.11871794871794,11.748859649122807,10739.8911620948,1.012,7265404737.0,36.9588368085513,2990563.0,2655637.0,20673058.0,20682871.0
World,2014,97.14273504273505,11.768434782608695,10885.7966024868,1.007,7353532223.0,36.9686293169555,3191437.0,2808992.0,21012223.0,20988190.0
World,2015,97.20495726495727,11.776173913043479,10161.9445773234,1.398,7441084771.0,36.8157447313887,3303401.0,2894058.0,21125005.0,21266307.0
World,2016,97.42735042735043,11.68896551724138,10204.9287763386,1.682,7528221579.0,36.7787589726626,3417145.0,2985908.0,21477190.0,21651305.0
World,2017,98.28435897435898,11.77344827586207,10747.764306505,1.421,7613788655.0,37.012933229899,3606666.0,3167197.0,21981137.0,22116013.0
World,2018,98.42,11.816293103448276,11309.3830773178,1.242,7696159728.0,36.923348360296,3623442.0,3154727.0,22144601.0,22453021.0
World,2019,98.8825641025641,11.89051724137931,11376.0818134476,1.43,7777162476.0,36.9446740270509,3670766.0,3202831.0,22419780.0,22791913.0
World,2020,100.06008620689654,11.962672413793104,10937.6846205191,1.664,7853863139.0,36.9234906505633,3815125.0,3351512.0,22411888.0,22782320.0
World,2021,100.79439655172413,12.090603448275862,12390.6686716727,1.474,7919567995.0,37.0347609965302,3959685.0,3432677.0,22923411.0,23253438.0
World,2022,101.56853448275862,12.20198275862069,12798.1658465319,1.381,7988550201.0,37.0122983375763,4028340.0,3462852.0,23153110.0,23585758.0
World,2023,102.1773275862069,12.242413793103449,13236.7163960917,1.77,8062923417.0,36.9301461380685,3995182.0,3461370.0,23726579.0,24064030.0
"Yemen, Rep.",2010,77.84934579439253,6.27443396226415,1155.20305261418,,26754387.0,44.6597344546092,10627.0,760.0,8643.0,19200.0
"Yemen, Rep.",2011,76.56700934579439,5.979056603773585,1186.47500581215,,27582897.0,44.4191904843078,11255.0,1342.0,7844.0,18799.0
"Yemen, Rep.",2012,79.31644859813085,6.303962264150944,1245.05068272078,,28433647.0,44.5119987878099,14287.0,1442.0,8599.0,20468.0
"Yemen, Rep.",2013,78.936261682243,6.15122641509434,1378.75002954928,,29312952.0,44.5082106937894,12965.0,1273.0,8388.0,20514.0
"Yemen, Rep.",2014,80.55264150943397,6.108095238095238,1430.16420964026,,30226309.0,44.4184328655037,16682.0,836.0,8012.0,20854.0
"Yemen, Rep.",2015,72.85196261682243,5.517169811320754,1362.1738120601,,31159379.0,44.382445972309,12430.0,787.0,7082.0,19579.0
"Yemen, Rep.",2016,68.12785046728972,5.2279245283018865,975.359417003225,,32109010.0,44.2938045722295,12827.0,423.0,6534.0,19135.0
"Yemen, Rep.",2017,69.59056074766356,5.283962264150944,811.165970405745,,33090921.0,44.4191904843078,13995.0,855.0,6443.0,19722.0
"Yemen, Rep.",2018,70.10037735849058,5.1162857142857145,633.887202451545,,34085182.0,44.4191904843078,12402.0,770.0,6299.0,19362.0
"Yemen, Rep.",2019,70.44280373831776,5.365188679245283,,,35111408.0,44.4191904843078,14910.0,726.0,7199.0,21209.0
"Yemen, Rep.",2020,74.4262962962963,5.6841121495327105,,,36134863.0,44.4191904843078,18205.0,839.0,7182.0,23350.0
"Yemen, Rep.",2021,74.11296296296297,5.892523364485982,,,37140230.0,44.4191904843078,17200.0,1042.0,8911.0,24796.0
"Yemen, Rep.",2022,67.6413888888889,5.351121495327102,,,38222876.0,44.4191904843078,14780.0,736.0,8088.0,22937.0
"Yemen, Rep.",2023,66.51361111111112,4.9323364485981305,,,39390799.0,44.4191904843078,14087.0,532.0,7607.0,21795.0
Zambia,2010,74.50106796116505,6.803689320388349,1451.10616017155,1.349,13965594.0,31.5258478053243,446.0,1086.0,21498.0,19661.0
Zambia,2011,75.16615384615385,6.6041747572815535,1624.86817763443,0.899,14437796.0,31.7948855916814,581.0,1982.0,23124.0,20741.0
Zambia,2012,76.29903846153846,6.643846153846154,1710.05061343728,0.952,14913629.0,32.0639233780384,982.0,2470.0,23181.0,21550.0
Zambia,2013,77.66105769230768,6.70701923076923,1820.71854827391,0.856,15398997.0,31.9307496737917,736.0,1415.0,23483.0,22612.0
Zambia,2014,79.69153846153846,6.91125,1707.48573136694,0.628,15895315.0,31.9320948627235,830.0,1195.0,25060.0,23407.0
Zambia,2015,79.19462264150943,6.786792452830189,1295.87788680068,1.557,16399089.0,31.9334400516553,1021.0,2325.0,22575.0,22907.0
Zambia,2016,80.75327102803739,7.328411214953271,1239.08527877713,1.286,16914423.0,31.9334400516553,1025.0,1804.0,25730.0,25798.0
Zambia,2017,84.11466666666666,7.573207547169811,1483.46577328065,0.381,17441320.0,32.0679589448338,1081.0,1760.0,31647.0,30154.0
Zambia,2018,86.88679611650485,7.988846153846154,1463.89997855593,0.738,17973569.0,32.0679589448338,1055.0,1120.0,30065.0,30982.0
Zambia,2019,84.55600000000001,8.719326923076922,1258.98619844462,1.216,18513839.0,32.0679589448338,1151.0,1193.0,28714.0,30025.0
Zambia,2020,83.85561904761904,8.724807692307692,951.644316655957,1.106,19059395.0,32.0679589448338,1076.0,1440.0,32375.0,30663.0
Zambia,2021,82.97142857142858,8.359711538461537,1127.16077872857,1.215,19603607.0,32.0679589448338,1170.0,2048.0,31976.0,29344.0
Zambia,2022,80.46114285714286,8.17873786407767,1447.12310138035,0.826,20152938.0,32.0679589448338,1262.0,3514.0,30315.0,29263.0
Zambia,2023,82.42933333333333,8.910776699029126,1330.72780576709,1.291,20723965.0,32.0679589448338,1290.0,3565.0,35099.0,31576.0
Zimbabwe,2010,81.52761904761904,6.604811320754717,902.010759067388,1.12,13356548.0,41.7133537546853,3542.0,481.0,14694.0,17126.0
Zimbabwe,2011,81.42857142857143,6.449245283018868,1037.77565157218,0.56,13595424.0,42.2313842574641,3814.0,410.0,15210.0,17848.0
Zimbabwe,2012,82.01830188679246,6.737735849056604,1239.22709745709,0.617,13817887.0,41.8512917151351,3359.0,530.0,17531.0,20334.0
Zimbabwe,2013,81.51745283018869,6.670747663551402,1362.99498323368,0.366,14013808.0,41.8442528111671,3059.0,597.0,17449.0,20456.0
Zimbabwe,2014,76.15009259259259,6.750642201834863,1372.91526173161,0.287,14207359.0,41.8387654129508,3188.0,761.0,18242.0,20732.0
Zimbabwe,2015,77.72509433962264,6.881308411214954,1387.12632595026,1.053,14399013.0,41.8325022618586,4080.0,613.0,16133.0,19966.0
Zimbabwe,2016,79.47271028037383,6.966111111111111,1408.13945253431,1.336,14600294.0,41.8275321183921,4203.0,476.0,16773.0,20239.0
Zimbabwe,2017,81.03485981308411,7.327037037037037,3445.44941020134,0.29,14812482.0,41.8217862220499,2560.0,420.0,23891.0,25220.0
Zimbabwe,2018,84.30076923076922,7.892596153846155,2270.89531874302,0.562,15034452.0,41.8168160785834,2194.0,426.0,24572.0,25606.0
Zimbabwe,2019,78.90611111111112,7.675648148148149,2184.32923855469,1.133,15271368.0,41.8196029468786,1763.0,575.0,23303.0,25884.0
Zimbabwe,2020,82.49490740740741,8.663518518518519,2059.67445384499,0.527,15526888.0,41.8169598035414,4195.0,618.0,27084.0,29306.0
Zimbabwe,2021,86.61509433962263,8.764245283018868,2613.60542083552,0.111,15797210.0,41.8091454051958,3559.0,419.0,27846.0,29276.0
Zimbabwe,2022,88.63394230769231,9.793173076923077,2536.40050223076,0.382,16069056.0,41.7977107405971,2641.0,444.0,27118.0,29189.0
Zimbabwe,2023,91.48403846153846,10.170096153846155,2195.22492079245,0.928,16340822.0,41.791706346129,3534.0,540.0,28385.0,31333.0
