Country,Year,Calories_per_Capita,Food_kg_per_Capita,GDP_per_Capita,Temperature_Change,Population,Agricultural_Land_Percent,Region,Imports,Exports,Production,Domestic_Supply,Production_Total,Imports_Total,Exports_Total,Domestic_Supply_Total
Afghanistan,2010,2200.21,,560.621505463146,1.658,28284089.0,58.134400441562,Asia,,,,,20301.0,6156.0,720.0,25279.0
Afghanistan,2011,2171.86,,606.694676337726,1.402,29347708.0,58.131334038606,Asia,,,,,17175.0,7416.0,553.0,24947.0
Afghanistan,2012,2165.88,,651.417134470046,0.189,30560034.0,58.129800837128,Asia,,,,,20968.0,7261.0,396.0,27197.0
Afghanistan,2013,2205.33,,637.087099117099,1.265,31622704.0,58.123668031216,Asia,,,,,21264.0,7681.0,562.0,28447.0
Afghanistan,2014,2270.45,,625.054941813938,0.413,32792523.0,58.123668031216,Asia,,,,,23439.0,8970.0,821.0,31107.0
Afghanistan,2015,2251.27,,565.569730408751,1.076,33831764.0,58.123668031216,Asia,,,,,21589.0,8364.0,839.0,29731.0
Afghanistan,2016,2240.71,,522.082215583898,1.525,34700612.0,58.123668031216,Asia,,,,,23572.0,10827.0,1079.0,32226.0
Afghanistan,2017,2307.21,,525.469770891619,1.554,35688935.0,58.123668031216,Asia,,,,,21669.0,14107.0,1253.0,34039.0
Afghanistan,2018,2261.79,,491.337221382603,1.548,36743039.0,58.2769881790166,Asia,,,,,19423.0,13965.0,2660.0,31008.0
Afghanistan,2019,2223.1,,496.6025042585,0.892,37856121.0,58.2769881790166,Asia,,,,,25623.0,10962.0,1961.0,33425.0
Afghanistan,2020,2259.95,,510.787063366811,0.483,39068979.0,58.7415482268525,Asia,,,,,27973.0,11456.0,1795.0,36295.0
Afghanistan,2021,2244.73,,356.496214115892,1.311,40000412.0,58.7415482268525,Asia,,,,,25368.0,11292.0,1987.0,35263.0
Afghanistan,2022,2268.63,,357.261152798144,1.876,40578842.0,58.7415482268525,Asia,,,,,24854.0,13376.0,2532.0,35662.0
Afghanistan,2023,2314.63,,413.757894705303,1.667,41454761.0,58.4395075356853,Asia,,,,,26678.0,14055.0,3245.0,36714.0
Albania,2010,3237.43,,4149.14469936847,1.187,2913021.0,43.8430656934307,Europe,,,,,6101.0,2200.0,104.0,8209.0
Albania,2011,3282.92,,4465.70914328865,1.032,2905195.0,43.8321167883212,Europe,,,,,6402.0,2205.0,125.0,8433.0
Albania,2012,3324.83,,4280.93316338873,1.53,2860708.0,43.8430656934307,Europe,,,,,6622.0,2117.0,166.0,8457.0
Albania,2013,3317.95,,4542.92903556739,1.374,2816902.0,43.3321167883212,Europe,,,,,6633.0,2206.0,199.0,8512.0
Albania,2014,3294.38,,4793.59751131525,1.325,2773767.0,42.857299270073,Europe,,,,,6700.0,1930.0,203.0,8401.0
Albania,2015,3310.49,,4199.53912925398,1.683,2731293.0,42.8576642335766,Europe,,,,,6908.0,2088.0,340.0,8622.0
Albania,2016,3345.03,,4457.63412207495,1.581,2689469.0,43.1277372262774,Europe,,,,,7179.0,2242.0,361.0,8994.0
Albania,2017,3354.93,,5006.36012951959,1.231,2648285.0,42.8569708029197,Europe,,,,,7261.0,1951.0,334.0,8923.0
Albania,2018,3331.9,,5897.65452588774,2.147,2607733.0,42.8496715328467,Europe,,,,,7234.0,1867.0,351.0,8861.0
Albania,2019,3361.19,,6069.43903131027,1.787,2567801.0,42.8467153284672,Europe,,,,,7320.0,2429.0,382.0,9317.0
Albania,2020,3343.03,,6027.91350716348,1.607,2528480.0,42.538503649635,Europe,,,,,7444.0,2162.0,397.0,9195.0
Albania,2021,3068.29,,7242.45513146613,1.691,2489762.0,41.471897810219,Europe,,,,,7508.0,1531.0,367.0,8877.0
Albania,2022,3263.47,,7756.96188744253,1.641,2451636.0,41.4452554744526,Europe,,,,,7688.0,2184.0,518.0,9208.0
Albania,2023,3237.8,,9730.86921906893,2.251,2411658.0,38.1240875912409,Europe,,,,,7482.0,2357.0,523.0,9133.0
Algeria,2010,3213.14,,4912.78585503672,2.182,36188236.0,17.3713335628574,Africa,,,,,38750.0,25169.0,321.0,67810.0
Algeria,2011,3317.0,,5916.31364364343,1.323,36903376.0,17.3772116183966,Africa,,,,,42599.0,33767.0,1028.0,74382.0
Algeria,2012,3329.83,,6033.64884689543,1.081,37646166.0,17.381490003107,Africa,,,,,46180.0,32075.0,1024.0,77404.0
Algeria,2013,3405.35,,5979.60138960585,1.108,38414171.0,17.3955322579291,Africa,,,,,50192.0,33005.0,1372.0,81307.0
Algeria,2014,3398.2,,6094.69392314956,1.603,39205031.0,17.3952656461243,Africa,,,,,47816.0,38607.0,1337.0,82462.0
Algeria,2015,3384.2,,4685.05902729002,1.05,40019529.0,17.4059228102468,Africa,,,,,49420.0,41188.0,1112.0,86844.0
Algeria,2016,3413.27,,4424.98529027556,1.685,40850721.0,17.3655321884285,Africa,,,,,50332.0,39992.0,1380.0,88079.0
Algeria,2017,3349.87,,4554.66753957828,1.431,41689299.0,17.3550108093197,Africa,,,,,50594.0,40027.0,1531.0,87145.0
Algeria,2018,3346.05,,4577.21029180491,1.15,42505035.0,17.3565679895505,Africa,,,,,57144.0,40671.0,859.0,92931.0
Algeria,2019,3431.1,,4468.45341883656,1.117,43294546.0,17.3469816184806,Africa,,,,,58915.0,37800.0,1729.0,97035.0
Algeria,2020,3457.51,,3743.5419522929,1.881,44042091.0,17.3352255074022,Africa,,,,,57490.0,41765.0,1760.0,97241.0
Algeria,2021,3453.56,,4160.55926736925,2.333,44761099.0,17.3306070351928,Africa,,,,,51922.0,40683.0,1816.0,94562.0
Algeria,2022,3417.1,,4960.30334332888,1.696,45477389.0,17.351348174024,Africa,,,,,56530.0,38135.0,1210.0,94911.0
Algeria,2023,3396.01,,5370.477235078,2.196,46164219.0,17.359031632336,Africa,,,,,58599.0,36899.0,945.0,97451.0
Angola,2010,2430.49,,4101.63715566712,0.951,23294825.0,35.9749739311783,Africa,,,,,47102.0,5369.0,104.0,53066.0
Angola,2011,2494.66,,5184.15269149912,0.604,24218352.0,36.3487607283228,Africa,,,,,50604.0,6422.0,51.0,56660.0
Angola,2012,2440.35,,5702.45306277434,0.275,25177394.0,36.3383331996471,Africa,,,,,40467.0,7421.0,66.0,49567.0
Angola,2013,2517.1,,5688.57916215215,0.782,26165620.0,36.4867249538782,Africa,,,,,57374.0,8196.0,64.0,63006.0
Angola,2014,2549.7,,5649.68762469139,0.564,27160769.0,36.6359188256998,Africa,,,,,43763.0,10714.0,143.0,52216.0
Angola,2015,2468.9,,3641.72893919944,1.11,28157798.0,36.7281623486003,Africa,,,,,44508.0,8031.0,190.0,51730.0
Angola,2016,2429.06,,2051.81462126253,1.343,29183070.0,36.7562364642657,Africa,,,,,46133.0,6960.0,403.0,52454.0
Angola,2017,2449.86,,2790.71886869768,0.626,30234839.0,36.7089115264298,Africa,,,,,47401.0,8625.0,408.0,54266.0
Angola,2018,2449.56,,2860.0936483682,1.189,31297155.0,36.7193390551055,Africa,,,,,49106.0,7930.0,425.0,56831.0
Angola,2019,2425.25,,2493.67884440177,1.444,32375632.0,36.7819042271597,Africa,,,,,49359.0,7478.0,457.0,58170.0
Angola,2020,2390.13,,1759.35619918264,0.915,33451132.0,36.7883211678832,Africa,,,,,51771.0,6794.0,199.0,58805.0
Angola,2021,2406.24,,2303.90812662776,1.451,34532429.0,36.8308334001765,Africa,,,,,56767.0,6166.0,193.0,63295.0
Angola,2022,2426.99,,3682.1131513698,0.863,35635029.0,36.9471404507901,Africa,,,,,59810.0,6860.0,166.0,66631.0
Angola,2023,2399.33,,2916.13663284275,1.383,36749906.0,36.9479425683805,Africa,,,,,63323.0,5152.0,132.0,69684.0
Antigua and Barbuda,2010,2320.07,,15217.3950790922,1.062,85320.0,20.4545454545455,Americas,,,,,35.0,100.0,0.0,152.0
Antigua and Barbuda,2011,2370.59,,14911.7275084471,0.456,86332.0,20.4545454545455,Americas,,,,,36.0,163.0,0.0,188.0
Antigua and Barbuda,2012,2418.26,,15639.8078114787,0.557,87260.0,20.4545454545455,Americas,,,,,42.0,314.0,5.0,351.0
Antigua and Barbuda,2013,2448.44,,15051.5113587425,0.639,88064.0,20.4545454545455,Americas,,,,,40.0,169.0,0.0,208.0
Antigua and Barbuda,2014,2411.42,,15532.1062063584,0.595,88765.0,20.4545454545455,Americas,,,,,37.0,164.0,0.0,196.0
Antigua and Barbuda,2015,2420.04,,16077.6340769406,0.875,89409.0,20.4545454545455,Americas,,,,,38.0,175.0,0.0,206.0
Antigua and Barbuda,2016,2407.06,,16556.8551801588,0.934,89969.0,20.4545454545455,Americas,,,,,38.0,157.0,0.0,200.0
Antigua and Barbuda,2017,2448.38,,16965.7288273816,0.782,90468.0,20.4545454545455,Americas,,,,,39.0,204.0,1.0,219.0
Antigua and Barbuda,2018,2489.8,,18273.4270684912,0.556,90926.0,20.4545454545455,Americas,,,,,40.0,216.0,2.0,228.0
Antigua and Barbuda,2019,2465.2,,18896.3721832248,0.811,91364.0,20.4545454545455,Americas,,,,,35.0,202.0,0.0,211.0
Antigua and Barbuda,2020,2430.24,,15369.6082250401,1.131,91846.0,20.4545454545455,Americas,,,,,32.0,144.0,20.0,167.0
Antigua and Barbuda,2021,2457.8,,17348.6006987182,0.857,92349.0,20.4545454545455,Americas,,,,,31.0,178.0,0.0,198.0
Antigua and Barbuda,2022,2512.09,,20105.1989085164,0.758,92840.0,20.4545454545455,Americas,,,,,31.0,187.0,1.0,206.0
Antigua and Barbuda,2023,2544.28,,21494.5474000727,1.113,93316.0,20.4545454545455,Americas,,,,,32.0,187.0,0.0,208.0
Argentina,2010,3064.14,,10260.1313108254,0.029,41288694.0,46.1389123357048,Americas,,,,,312617.0,3977.0,108385.0,209497.0
Argentina,2011,3055.1,,12704.2831819684,0.246,41730660.0,45.7919603608739,Americas,,,,,338864.0,3957.0,114677.0,226821.0
Argentina,2012,3086.0,,12949.717486654,0.673,42161721.0,45.5813044224958,Americas,,,,,309619.0,3646.0,117008.0,215355.0
Argentina,2013,3117.33,,12963.675773326,0.348,42582455.0,44.9219312381015,Americas,,,,,340913.0,3765.0,102962.0,227903.0
Argentina,2014,3156.44,,12233.1444119186,0.87,43024071.0,44.1959177327355,Americas,,,,,346299.0,3439.0,86048.0,250374.0
Argentina,2015,3210.04,,13679.6264980954,0.857,43477012.0,44.1239360687546,Americas,,,,,372156.0,3245.0,102682.0,252387.0
Argentina,2016,3150.8,,12699.9623137756,0.39,43900313.0,43.4324236577764,Americas,,,,,372796.0,5839.0,129944.0,261276.0
Argentina,2017,3178.47,,14532.5009308511,0.986,44288894.0,42.9825761047104,Americas,,,,,398950.0,8714.0,125652.0,281854.0
Argentina,2018,3220.13,,11752.7998922979,0.764,44654882.0,42.3613927774063,Americas,,,,,354849.0,17152.0,111057.0,262613.0
Argentina,2019,3253.2,,9955.97478680428,0.66,44973465.0,42.605848671205,Americas,,,,,419842.0,12791.0,152088.0,271838.0
Argentina,2020,3297.1,,8535.59938004389,1.017,45191965.0,43.0004859885482,Americas,,,,,406817.0,14621.0,146657.0,253361.0
Argentina,2021,3341.96,,10738.0179223384,0.915,45312281.0,43.1097420606645,Americas,,,,,408745.0,13591.0,141290.0,280177.0
Argentina,2022,3355.13,,13962.1894087223,0.543,45407904.0,43.4276443440799,Americas,,,,,409341.0,10630.0,151627.0,264478.0
Argentina,2023,3360.43,,14261.8465667948,1.435,45538401.0,42.4367915620695,Americas,,,,,307832.0,24063.0,93811.0,242625.0
Armenia,2010,3163.16,,3041.34450723339,2.716,3044800.0,60.9413417632596,Asia,,,,,5182.0,1815.0,122.0,7180.0
Armenia,2011,3163.09,,3349.55309771906,0.72,3027900.0,59.6452406041447,Asia,,,,,6067.0,1841.0,155.0,7579.0
Armenia,2012,3139.71,,3511.56399687426,1.342,3024100.0,59.1148577449947,Asia,,,,,6711.0,1928.0,222.0,8090.0
Armenia,2013,3178.69,,3680.16692158886,1.403,3022000.0,59.1148577449947,Asia,,,,,7115.0,1739.0,279.0,8419.0
Armenia,2014,3182.42,,3852.11800610384,1.189,3013800.0,59.0340709518792,Asia,,,,,7607.0,1741.0,230.0,8967.0
Armenia,2015,3166.96,,3512.39350276709,1.843,3004600.0,58.8935721812434,Asia,,,,,7787.0,1667.0,318.0,8974.0
Armenia,2016,3126.97,,3524.42476874707,1.319,2992300.0,58.8970846505093,Asia,,,,,7022.0,1613.0,435.0,8217.0
Armenia,2017,3064.87,,3869.05373867752,0.844,2979400.0,58.872497365648,Asia,,,,,6427.0,1879.0,448.0,8054.0
Armenia,2018,3096.23,,4196.00562301769,2.691,2969000.0,58.9146469968388,Asia,,,,,5408.0,2134.0,484.0,7077.0
Armenia,2019,3136.93,,4597.22887399548,1.757,2962500.0,58.9041095890411,Asia,,,,,5158.0,2270.0,473.0,7323.0
Armenia,2020,3120.83,,4268.68093304583,1.849,2961500.0,59.4380831430972,Asia,,,,,5548.0,2325.0,550.0,7264.0
Armenia,2021,3138.89,,4685.17997128509,2.142,2962300.0,59.3969093973882,Asia,,,,,5219.0,2240.0,632.0,7074.0
Armenia,2022,3139.31,,6571.97445545099,1.783,2969200.0,58.6134209413894,Asia,,,,,5305.0,2918.0,676.0,7304.0
Armenia,2023,3129.25,,8159.08720967996,2.173,2964300.0,58.5933621376878,Asia,,,,,5358.0,2807.0,642.0,7347.0
Australia,2010,3514.7,,52313.8939041213,0.65,22031750.0,48.9920987204353,Oceania,,,,,191541.0,13439.0,66027.0,142035.0
Australia,2011,3496.46,,62799.3895017032,0.18,22340024.0,51.5628132199992,Oceania,,,,,192943.0,15144.0,71323.0,128129.0
Australia,2012,3544.38,,68301.4402512587,0.282,22733465.0,50.3854314463116,Oceania,,,,,205231.0,15033.0,92346.0,129587.0
Australia,2013,3526.67,,68476.6788496118,1.474,23128129.0,48.3937102169923,Oceania,,,,,195812.0,16332.0,83073.0,132152.0
Australia,2014,3514.57,,62817.2061751737,1.161,23475686.0,48.7383986566523,Oceania,,,,,206692.0,18251.0,82372.0,140382.0
Australia,2015,3500.05,,56970.3613028094,1.065,23815995.0,45.3144240657095,Oceania,,,,,207668.0,19059.0,82444.0,143356.0
Australia,2016,3517.43,,50084.4440606385,1.167,24190907.0,44.5399257932247,Oceania,,,,,209900.0,19352.0,81238.0,150423.0
Australia,2017,3472.98,,54117.547718609,1.139,24592588.0,48.3406179391109,Oceania,,,,,249810.0,17563.0,101515.0,155353.0
Australia,2018,3450.47,,57410.1737346009,1.126,24963258.0,46.6580950127535,Oceania,,,,,206988.0,16899.0,71284.0,152936.0
Australia,2019,3485.34,,55194.7585097428,1.434,25334826.0,47.1237724290889,Oceania,,,,,188278.0,18781.0,54589.0,155330.0
Australia,2020,3468.42,,51983.4523666382,1.432,25649248.0,46.2524798427461,Oceania,,,,,175600.0,19815.0,59987.0,141201.0
Australia,2021,3473.79,,60758.9044397144,0.626,25685412.0,47.2592374954823,Oceania,,,,,238810.0,18231.0,111490.0,144931.0
Australia,2022,3539.56,,65169.5191118657,0.757,26018721.0,47.2592374954823,Oceania,,,,,247605.0,19804.0,120199.0,145267.0
Australia,2023,3561.93,,65058.3773146674,0.935,26659922.0,47.2234443228177,Oceania,,,,,269773.0,18813.0,122008.0,154347.0
Austria,2010,3784.91,,46611.1393420232,0.656,8363404.0,33.6791080950073,Europe,,,,,31065.0,16991.0,12206.0,37179.0
Austria,2011,3834.49,,51116.8953522042,1.377,8391643.0,33.413717886573,Europe,,,,,35042.0,17638.0,12287.0,39276.0
Austria,2012,3822.94,,48250.4059142637,1.782,8429991.0,33.1459040232671,Europe,,,,,31375.0,17376.0,12564.0,36716.0
Austria,2013,3796.95,,50305.3545774973,1.096,8479823.0,32.9180804653417,Europe,,,,,31780.0,18556.0,12221.0,38264.0
Austria,2014,3754.41,,51314.9722616322,2.402,8546356.0,32.8914202617547,Europe,,,,,36304.0,19716.0,13513.0,40071.0
Austria,2015,3734.47,,43915.228020857,2.163,8642699.0,32.9429229277751,Europe,,,,,31037.0,20838.0,14297.0,37115.0
Austria,2016,3721.98,,45061.4993920192,2.091,8736668.0,32.3578526417838,Europe,,,,,34712.0,21303.0,14541.0,39641.0
Austria,2017,3761.97,,47163.7425775142,1.733,8797566.0,32.1694134755211,Europe,,,,,32153.0,21547.0,14354.0,39272.0
Austria,2018,3761.46,,51194.0749841299,2.523,8840521.0,32.1477217644207,Europe,,,,,30706.0,22122.0,13879.0,36949.0
Austria,2019,3822.84,,49885.9947355204,2.359,8879920.0,32.1280901599612,Europe,,,,,31481.0,21949.0,13470.0,39599.0
Austria,2020,3784.16,,48716.4098900349,2.304,8916864.0,31.5398121667475,Europe,,,,,32476.0,23155.0,13869.0,41207.0
Austria,2021,3792.9,,53648.6437976214,1.391,8955797.0,31.5376684440136,Europe,,,,,33726.0,23699.0,15036.0,41837.0
Austria,2022,3802.17,,52336.7725223758,2.535,9041851.0,31.4765838584586,Europe,,,,,32907.0,23766.0,15349.0,41158.0
Austria,2023,3755.86,,56579.504175468,2.604,9131761.0,31.4743456131847,Europe,,,,,31938.0,24598.0,14846.0,41358.0
Azerbaijan,2010,2956.8,,5843.5337683582,2.383,9054332.0,57.6703445605885,Asia,,,,,14617.0,5471.0,1363.0,19834.0
Azerbaijan,2011,2982.74,,7189.81869211976,0.814,9173082.0,57.691935444845,Asia,,,,,15662.0,5661.0,1479.0,20209.0
Azerbaijan,2012,3007.01,,7495.86527658099,1.505,9295784.0,57.6870962278303,Asia,,,,,16729.0,5452.0,1507.0,20888.0
Azerbaijan,2013,3005.0,,7875.34536661549,1.587,9416801.0,57.7045451795933,Asia,,,,,17394.0,5841.0,1434.0,21591.0
Azerbaijan,2014,2984.55,,7890.84028062087,1.243,9535079.0,57.7005431692535,Asia,,,,,15909.0,5596.0,1128.0,20842.0
Azerbaijan,2015,3016.72,,5500.50364628486,1.664,9649341.0,57.7017529003303,Asia,,,,,17556.0,5609.0,860.0,21680.0
Azerbaijan,2016,3055.43,,3880.6852276838,1.451,9757812.0,57.7355751784202,Asia,,,,,18296.0,6168.0,1007.0,22854.0
Azerbaijan,2017,3111.73,,4147.1981423222,1.284,9854033.0,57.7956013645932,Asia,,,,,18783.0,5848.0,1369.0,23119.0
Azerbaijan,2018,3166.17,,4739.7943123408,2.239,9939771.0,57.8253926004791,Asia,,,,,19588.0,5153.0,1592.0,23175.0
Azerbaijan,2019,3281.8,,4805.75371765917,1.975,10024283.0,57.8278123260822,Asia,,,,,21101.0,6573.0,1644.0,24994.0
Azerbaijan,2020,3339.01,,4229.91064904503,1.995,10093121.0,57.8382498850519,Asia,,,,,20967.0,6138.0,1609.0,25441.0
Azerbaijan,2021,3360.14,,5408.04535175023,2.085,10137750.0,57.8415003024803,Asia,,,,,21316.0,5821.0,1779.0,25725.0
Azerbaijan,2022,3312.6,,7770.594223351,2.194,10141756.0,57.8402903811252,Asia,,,,,21052.0,6345.0,1792.0,25951.0
Azerbaijan,2023,3339.19,,7133.02838048328,2.271,10153958.0,57.8294010889292,Asia,,,,,21077.0,6127.0,1941.0,25511.0
"Bahamas, The",2010,2615.33,,27473.100430502,0.408,367478.0,1.1988011988012,Americas,,,,,345.0,628.0,22.0,963.0
"Bahamas, The",2011,2606.34,,27090.8376801379,0.562,371729.0,1.2987012987013,Americas,,,,,348.0,590.0,17.0,946.0
"Bahamas, The",2012,2707.96,,28552.0242683151,0.521,375469.0,1.2987012987013,Americas,,,,,352.0,792.0,14.0,1122.0
"Bahamas, The",2013,2659.44,,27642.7419759179,0.712,378953.0,1.2987012987013,Americas,,,,,348.0,745.0,14.0,1059.0
"Bahamas, The",2014,2604.73,,29137.2175632622,1.067,382298.0,1.2987012987013,Americas,,,,,356.0,487.0,10.0,886.0
"Bahamas, The",2015,2593.36,,30719.405417469,1.448,385346.0,1.2987012987013,Americas,,,,,358.0,597.0,16.0,915.0
"Bahamas, The",2016,2602.25,,30616.5363157284,1.382,388055.0,1.2987012987013,Americas,,,,,360.0,570.0,25.0,875.0
"Bahamas, The",2017,2623.63,,31875.4881749619,1.57,390485.0,1.2987012987013,Americas,,,,,359.0,590.0,14.0,893.0
"Bahamas, The",2018,2657.27,,32642.3353203452,1.132,392717.0,1.2987012987013,Americas,,,,,359.0,600.0,13.0,917.0
"Bahamas, The",2019,2615.52,,33640.3369861278,1.552,394675.0,1.2987012987013,Americas,,,,,357.0,584.0,21.0,888.0
"Bahamas, The",2020,2629.62,,26178.7537607708,1.689,395863.0,1.2987012987013,Americas,,,,,360.0,552.0,10.0,882.0
"Bahamas, The",2021,2676.02,,30367.8605757708,0.668,396373.0,1.2987012987013,Americas,,,,,363.0,583.0,10.0,927.0
"Bahamas, The",2022,2657.3,,34957.1613279737,1.292,397538.0,1.2987012987013,Americas,,,,,396.0,825.0,16.0,1148.0
"Bahamas, The",2023,2672.43,,38231.774484278,1.665,399440.0,1.2987012987013,Americas,,,,,398.0,808.0,18.0,1176.0
Bahrain,2019,3489.08,,27259.7438599327,1.988,1483756.0,10.3846153846154,Asia,,,,,213.0,3150.0,437.0,2747.0
Bahrain,2020,3510.61,,24342.8444554718,2.007,1472204.0,10.3184713375796,Asia,,,,,203.0,3439.0,545.0,2812.0
Bahrain,2021,3441.49,,27147.8083882286,2.434,1504365.0,10.253164556962,Asia,,,,,269.0,3067.0,762.0,2666.0
Bahrain,2022,3493.86,,30470.5219276023,2.003,1524693.0,10.253164556962,Asia,,,,,214.0,3508.0,514.0,3092.0
Bahrain,2023,3422.85,,29290.1284215098,2.3,1577059.0,10.125,Asia,,,,,218.0,2983.0,510.0,2772.0
Bangladesh,2010,2328.05,,757.385280361508,1.09,152201981.0,70.9917799800261,Asia,,,,,160425.0,20724.0,370.0,178360.0
Bangladesh,2011,2365.3,,837.336944695647,0.408,153591076.0,70.1236844126911,Asia,,,,,164118.0,21609.0,522.0,187963.0
Bangladesh,2012,2383.37,,859.680536375497,0.579,155070101.0,70.0622263194284,Asia,,,,,164864.0,16087.0,408.0,183425.0
Bangladesh,2013,2384.59,,958.262989798283,0.527,156532141.0,69.9700391795345,Asia,,,,,169334.0,20444.0,502.0,188094.0
Bangladesh,2014,2410.22,,1094.46199702838,0.747,157964929.0,69.900898824614,Asia,,,,,174001.0,24544.0,862.0,193601.0
Bangladesh,2015,2481.03,,1224.38647668165,0.993,159383179.0,70.3867250518553,Asia,,,,,177571.0,33890.0,629.0,208385.0
Bangladesh,2016,2425.98,,1649.28380858601,1.603,160811932.0,70.6323269570562,Asia,,,,,176436.0,29953.0,679.0,206337.0
Bangladesh,2017,2488.05,,1811.08221668646,1.4,162186147.0,70.5794729968503,Asia,,,,,188542.0,41369.0,681.0,221916.0
Bangladesh,2018,2566.95,,1965.24372731467,1.151,163523103.0,70.694476453868,Asia,,,,,187726.0,35524.0,650.0,223386.0
Bangladesh,2019,2522.89,,2129.79896954606,1.397,164913055.0,72.1902127986479,Asia,,,,,188663.0,34227.0,1164.0,220855.0
Bangladesh,2020,2589.33,,2248.85078828233,1.165,166298024.0,72.4437274333564,Asia,,,,,194975.0,45853.0,1092.0,236823.0
Bangladesh,2021,2595.44,,2482.84917843357,1.574,167658854.0,72.3515402934624,Asia,,,,,208882.0,54957.0,1293.0,244898.0
Bangladesh,2022,2619.73,,2716.48592780431,1.456,169384897.0,72.3706433287272,Asia,,,,,214165.0,47872.0,1067.0,259871.0
Bangladesh,2023,2587.65,,2551.01773827307,1.853,171466990.0,72.311124788429,Asia,,,,,219970.0,44969.0,881.0,261835.0
Barbados,2010,3081.38,,20610.5150721363,1.428,275243.0,34.8837209302326,Americas,,,,,741.0,620.0,83.0,1276.0
Barbados,2011,3045.08,,20508.1498810382,0.989,276139.0,32.5581395348837,Americas,,,,,785.0,635.0,109.0,1313.0
Barbados,2012,3069.88,,20804.1150004694,0.83,276938.0,30.2325581395349,Americas,,,,,738.0,593.0,102.0,1240.0
Barbados,2013,3055.15,,20410.2065438568,1.132,277665.0,29.0697674418605,Americas,,,,,543.0,606.0,108.0,1059.0
Barbados,2014,3041.56,,20192.7084081797,0.797,278348.0,27.906976744186,Americas,,,,,516.0,582.0,89.0,996.0
Barbados,2015,3078.45,,20424.2087530019,1.27,278990.0,25.5813953488372,Americas,,,,,416.0,604.0,84.0,935.0
Barbados,2016,3061.58,,20295.5672072046,1.58,279598.0,23.2558139534884,Americas,,,,,342.0,619.0,109.0,853.0
Barbados,2017,3032.73,,20284.5762052461,1.237,280171.0,23.2558139534884,Americas,,,,,445.0,629.0,108.0,984.0
Barbados,2018,3077.41,,21381.2426303209,0.972,280711.0,23.2558139534884,Americas,,,,,493.0,614.0,95.0,1011.0
Barbados,2019,3124.84,,21912.1501242857,1.455,281207.0,23.2558139534884,Americas,,,,,356.0,681.0,88.0,918.0
Barbados,2020,3189.57,,19194.4919736739,1.315,281698.0,23.2558139534884,Americas,,,,,351.0,608.0,88.0,816.0
Barbados,2021,3179.2,,21079.6145271791,1.351,282147.0,23.2558139534884,Americas,,,,,337.0,558.0,92.0,788.0
Barbados,2022,3122.34,,24387.0387293761,1.163,282318.0,23.2558139534884,Americas,,,,,360.0,621.0,107.0,919.0
Barbados,2023,3117.97,,25583.878782727,,282336.0,23.2558139534884,Americas,,,,,368.0,692.0,113.0,928.0
Belarus,2010,3177.31,,6034.67885177216,1.426,9483836.0,43.8536830588166,Europe,,,,,57406.0,5103.0,5505.0,56741.0
Belarus,2011,3230.57,,6527.6593428786,0.973,9461643.0,43.7386033216697,Europe,,,,,58757.0,4763.0,5288.0,59008.0
Belarus,2012,3303.43,,6953.21591683101,1.512,9446836.0,43.3516182928452,Europe,,,,,62096.0,5917.0,6512.0,61524.0
Belarus,2013,3315.89,,7998.0802045456,1.153,9443211.0,42.9317720346167,Europe,,,,,55841.0,5853.0,7946.0,55695.0
Belarus,2014,3338.34,,8341.31809294883,2.118,9448515.0,42.4879171121282,Europe,,,,,61556.0,7584.0,8567.0,57213.0
Belarus,2015,3303.29,,5967.05595058777,2.186,9461076.0,42.242016376159,Europe,,,,,55352.0,8084.0,10834.0,53850.0
Belarus,2016,3295.96,,5039.77560949445,2.135,9469379.0,42.0354897826473,Europe,,,,,56167.0,7755.0,10481.0,53034.0
Belarus,2017,3314.59,,5785.54491935194,1.526,9458989.0,41.8448381185095,Europe,,,,,59873.0,8528.0,10175.0,55713.0
Belarus,2018,3315.91,,6360.037502312,2.272,9438785.0,41.6444969947778,Europe,,,,,55691.0,8653.0,9978.0,54782.0
Belarus,2019,3373.82,,6837.77339645635,2.606,9419758.0,41.3223954869066,Europe,,,,,57792.0,9660.0,9657.0,56810.0
Belarus,2020,3433.25,,6542.85579976768,3.443,9379952.0,40.7971228692482,Europe,,,,,58315.0,7891.0,10262.0,57401.0
Belarus,2021,3415.41,,7489.71894713888,1.626,9302585.0,40.2759300320276,Europe,,,,,51538.0,7733.0,10626.0,50494.0
Belarus,2022,3431.01,,7994.64806074889,1.827,9228071.0,39.8738854130745,Europe,,,,,54931.0,6255.0,9506.0,53177.0
Belarus,2023,3396.26,,7896.75388295584,2.645,9178298.0,39.5796692333841,Europe,,,,,55802.0,2675.0,3263.0,55225.0
Belgium,2010,3706.51,,44197.393671162,0.224,10895586.0,44.6938977351399,Europe,,,,,45831.0,79213.0,55439.0,69355.0
Belgium,2011,3704.62,,47760.8298776546,1.278,11038264.0,44.0345498302179,Europe,,,,,49578.0,82032.0,59324.0,70910.0
Belgium,2012,3698.13,,44874.1709182123,1.125,11106932.0,43.9125704678073,Europe,,,,,46744.0,82494.0,59749.0,68434.0
Belgium,2013,3717.99,,46964.5946777056,0.46,11159407.0,44.0609237464148,Europe,,,,,47755.0,86284.0,59401.0,74498.0
Belgium,2014,3795.33,,47995.7786961339,2.41,11209057.0,43.8894932911351,Europe,,,,,48864.0,87570.0,61818.0,70408.0
Belgium,2015,3807.89,,40893.804537772,1.362,11274196.0,43.7807008868229,Europe,,,,,46800.0,86265.0,63294.0,67273.0
Belgium,2016,3775.53,,41854.5498296444,1.875,11331422.0,44.5323574984341,Europe,,,,,44005.0,87253.0,66571.0,64621.0
Belgium,2017,3795.17,,44035.3239358548,1.721,11375158.0,43.7477334915768,Europe,,,,,52042.0,96235.0,71043.0,72792.0
Belgium,2018,3807.81,,47487.2100392561,2.181,11427054.0,44.403633620831,Europe,,,,,46852.0,96813.0,72788.0,71055.0
Belgium,2019,3855.36,,46716.6227467964,2.063,11488980.0,44.4677641503247,Europe,,,,,49528.0,91019.0,70601.0,66201.0
Belgium,2020,3865.77,,45906.2875805246,2.55,11538604.0,44.7500918213419,Europe,,,,,47942.0,93751.0,72878.0,66845.0
Belgium,2021,3911.82,,51658.238294958,1.191,11586195.0,44.7848757132551,Europe,,,,,47822.0,97020.0,73509.0,68232.0
Belgium,2022,3918.0,,50605.7496677086,2.788,11680210.0,44.5661441595068,Europe,,,,,47776.0,98097.0,76483.0,67653.0
Belgium,2023,3921.31,,55291.4754541329,2.426,11779946.0,44.3792221420607,Europe,,,,,48268.0,91571.0,71189.0,65744.0
Belize,2010,2778.61,,5461.40735999001,0.833,320245.0,6.88294607628233,Americas,,,,,4296.0,176.0,740.0,3717.0
Belize,2011,2742.12,,5596.05222152289,0.713,327298.0,6.88294607628233,Americas,,,,,3439.0,148.0,810.0,2800.0
Belize,2012,2768.52,,5732.66519942347,0.636,334414.0,7.01446733888645,Americas,,,,,3903.0,165.0,991.0,3090.0
Belize,2013,2747.87,,5957.34953619006,0.778,341627.0,7.01446733888645,Americas,,,,,3550.0,171.0,946.0,2786.0
Belize,2014,2701.4,,6128.12053089077,0.779,348923.0,7.01446733888645,Americas,,,,,3918.0,251.0,1043.0,3104.0
Belize,2015,2730.99,,6154.62264230369,1.267,356333.0,7.45287154756686,Americas,,,,,3897.0,246.0,1128.0,2993.0
Belize,2016,2740.81,,6140.86713919469,1.354,364705.0,7.45287154756686,Americas,,,,,4345.0,245.0,982.0,3600.0
Belize,2017,2777.86,,6071.85451846453,1.246,373202.0,7.54055238930294,Americas,,,,,4941.0,253.0,990.0,4175.0
Belize,2018,2783.79,,6011.99036888587,0.763,380226.0,7.54055238930294,Americas,,,,,5093.0,226.0,792.0,4530.0
Belize,2019,2834.43,,6171.61449761423,1.459,385829.0,7.62823323103902,Americas,,,,,5272.0,212.0,931.0,4626.0
Belize,2020,2868.88,,5238.54078175696,1.607,390812.0,7.89127575624726,Americas,,,,,4729.0,226.0,814.0,4103.0
Belize,2021,2834.43,,6142.98930557031,1.224,395346.0,7.97895659798334,Americas,,,,,5520.0,264.0,877.0,4864.0
Belize,2022,2837.46,,7068.21728043145,1.008,402733.0,7.97895659798334,Americas,,,,,5370.0,259.0,782.0,4794.0
Belize,2023,2831.81,,7424.75821321022,1.873,411106.0,7.97895659798334,Americas,,,,,4532.0,298.0,621.0,4207.0
Bhutan,2019,3234.78,,3576.87987100503,1.377,764824.0,13.4504457262716,Asia,,,,,802.0,638.0,153.0,1232.0
Bhutan,2020,3256.29,,3191.66906999331,1.24,770006.0,13.5422128998427,Asia,,,,,832.0,601.0,90.0,1311.0
Bhutan,2021,3237.69,,3570.61257980872,1.854,775442.0,13.6339800734137,Asia,,,,,650.0,713.0,133.0,1253.0
Bhutan,2022,3174.82,,3711.32767981591,1.609,780914.0,13.7257472469848,Asia,,,,,566.0,653.0,119.0,1116.0
Bhutan,2023,3106.71,,3831.32535494609,1.91,786385.0,13.8175144205558,Asia,,,,,635.0,711.0,126.0,1185.0
Bolivia,2010,2247.21,,1929.78373077158,0.701,10182345.0,34.7723519800609,Americas,,,,,33277.0,1376.0,2109.0,32914.0
Bolivia,2011,2266.25,,2315.52121930607,1.161,10348929.0,34.8967660851103,Americas,,,,,34372.0,1736.0,1457.0,34521.0
Bolivia,2012,2277.36,,2575.59857098084,0.854,10515807.0,35.0257956244808,Americas,,,,,38672.0,1504.0,2378.0,37685.0
Bolivia,2013,2287.56,,2870.02377000756,0.567,10682608.0,35.1557483614881,Americas,,,,,41224.0,1517.0,3436.0,40053.0
Bolivia,2014,2277.85,,3041.43503162408,1.008,10848888.0,35.2829317825164,Americas,,,,,39824.0,2044.0,2376.0,38961.0
Bolivia,2015,2338.54,,2996.01289811344,1.461,11014705.0,35.2820086771901,Americas,,,,,40842.0,1683.0,2274.0,40152.0
Bolivia,2016,2382.64,,3035.87347732132,0.782,11180020.0,35.1546201421582,Americas,,,,,40993.0,2252.0,2220.0,40856.0
Bolivia,2017,2380.25,,4048.40119739839,0.97,11344587.0,35.0226160804948,Americas,,,,,42100.0,2433.0,1429.0,42747.0
Bolivia,2018,2413.26,,4206.8552936661,0.571,11508368.0,35.2631302501615,Americas,,,,,47370.0,1922.0,2006.0,46951.0
Bolivia,2019,2441.03,,4203.15492855788,0.91,11671386.0,35.5444151204652,Americas,,,,,46930.0,1970.0,2204.0,46593.0
Bolivia,2020,2404.37,,3580.96761778303,1.261,11816299.0,35.5645909720299,Americas,,,,,47586.0,2376.0,2333.0,47962.0
Bolivia,2021,2387.63,,4010.76053686204,0.761,11937360.0,35.6827879627065,Americas,,,,,50510.0,1777.0,2960.0,49221.0
Bolivia,2022,2363.69,,4219.46113742445,0.726,12077154.0,35.8307014677375,Americas,,,,,47522.0,1423.0,3977.0,44664.0
Bolivia,2023,2373.67,,4274.70820547613,2.04,12244159.0,35.8307014677375,Americas,,,,,51120.0,1288.0,3528.0,49377.0
Bosnia and Herzegovina,2010,3097.81,,4506.47828548389,0.97,3811472.0,41.875,Europe,,,,,6570.0,4991.0,751.0,11086.0
Bosnia and Herzegovina,2011,3111.37,,4982.69375768263,1.133,3741798.0,42.01171875,Europe,,,,,6620.0,4548.0,707.0,10643.0
Bosnia and Herzegovina,2012,3110.46,,4693.78899115381,1.77,3670113.0,42.109375,Europe,,,,,5772.0,4428.0,666.0,10010.0
Bosnia and Herzegovina,2013,3157.0,,5034.56634817068,1.332,3610859.0,42.20703125,Europe,,,,,6972.0,4558.0,799.0,10634.0
Bosnia and Herzegovina,2014,3221.81,,5206.06573475132,1.841,3564829.0,42.12890625,Europe,,,,,5970.0,4883.0,790.0,10333.0
Bosnia and Herzegovina,2015,3293.02,,4662.25869219448,1.829,3518541.0,42.5,Europe,,,,,6717.0,5073.0,905.0,10712.0
Bosnia and Herzegovina,2016,3327.73,,4928.5665903114,1.697,3473003.0,43.14453125,Europe,,,,,8137.0,5441.0,1331.0,11673.0
Bosnia and Herzegovina,2017,3304.25,,5345.01978766473,1.416,3428682.0,43.515625,Europe,,,,,6643.0,5313.0,1405.0,10901.0
Bosnia and Herzegovina,2018,3337.73,,6047.84707207392,2.269,3387000.0,43.18359375,Europe,,,,,8351.0,5020.0,1057.0,11819.0
Bosnia and Herzegovina,2019,3356.36,,6122.37541352353,1.971,3345533.0,43.28125,Europe,,,,,7861.0,4905.0,1034.0,11729.0
Bosnia and Herzegovina,2020,3385.91,,6130.31187968266,1.849,3299349.0,43.7890625,Europe,,,,,8731.0,4696.0,973.0,12225.0
Bosnia and Herzegovina,2021,3375.76,,7295.34378682258,1.566,3244907.0,44.19921875,Europe,,,,,7085.0,4468.0,842.0,10939.0
Bosnia and Herzegovina,2022,3441.71,,7655.59421024383,2.063,3204802.0,21.81640625,Europe,,,,,7763.0,4536.0,821.0,11052.0
Bosnia and Herzegovina,2023,3457.78,,8663.02326458629,2.448,3185073.0,21.73828125,Europe,,,,,7065.0,4588.0,820.0,10848.0
Botswana,2010,2457.22,,6215.73216077919,1.24,2033111.0,45.6319587810774,Africa,,,,,748.0,3222.0,304.0,3739.0
Botswana,2011,2464.72,,7287.38295334919,-0.026,2073535.0,45.7466518447938,Africa,,,,,841.0,2297.0,179.0,3021.0
Botswana,2012,2469.07,,6595.53845015424,0.509,2108617.0,45.677836006564,Africa,,,,,762.0,2608.0,248.0,3114.0
Botswana,2013,2475.16,,6666.91219583487,0.838,2140682.0,45.6690134632012,Africa,,,,,722.0,3093.0,165.0,3615.0
Botswana,2014,2504.64,,7122.36423421503,-0.102,2172044.0,45.8842835212535,Africa,,,,,923.0,3218.0,161.0,3881.0
Botswana,2015,2532.12,,6141.20394726616,1.474,2203273.0,45.6330174862809,Africa,,,,,977.0,3957.0,142.0,4686.0
Botswana,2016,2545.17,,6749.05994339013,1.442,2234776.0,45.6330174862809,Africa,,,,,944.0,4004.0,383.0,4501.0
Botswana,2017,2572.09,,7104.96401088027,-0.026,2266747.0,45.6330174862809,Africa,,,,,938.0,3370.0,351.0,4070.0
Botswana,2018,2534.47,,7407.95940141786,0.713,2299141.0,45.6330174862809,Africa,,,,,966.0,3927.0,256.0,4662.0
Botswana,2019,2577.1,,7172.08956480028,1.537,2332083.0,45.63372328975,Africa,,,,,1043.0,4216.0,244.0,4881.0
Botswana,2020,2642.04,,6323.2974967659,0.434,2365894.0,45.63372328975,Africa,,,,,1221.0,3355.0,746.0,3343.0
Botswana,2021,2695.75,,7807.88794570471,-0.322,2401441.0,45.63372328975,Africa,,,,,1382.0,3836.0,552.0,4387.0
Botswana,2022,2738.33,,8328.7090572666,0.085,2439892.0,45.63372328975,Africa,,,,,1460.0,4142.0,694.0,4704.0
Botswana,2023,2713.86,,7826.35376483298,0.888,2480244.0,45.63372328975,Africa,,,,,1309.0,3843.0,479.0,4508.0
Brazil,2010,3302.99,,11403.2840038694,1.141,193701929.0,27.7375349060916,Americas,,,,,2180209.0,34531.0,184314.0,2035806.0
Brazil,2011,3348.85,,13396.6263158041,0.802,195284734.0,27.8237741889942,Americas,,,,,2244157.0,35563.0,188096.0,2090569.0
Brazil,2012,3300.03,,12521.7238454434,1.071,196876111.0,27.9100134718969,Americas,,,,,2219083.0,38027.0,213584.0,2059882.0
Brazil,2013,3311.13,,12458.8903396625,0.982,198478299.0,27.9962527547995,Americas,,,,,2361167.0,38320.0,253456.0,2137522.0
Brazil,2014,3354.31,,12274.9941630213,1.204,200085127.0,28.0824920377022,Americas,,,,,2291553.0,36144.0,235149.0,2078317.0
Brazil,2015,3299.99,,8936.1955889444,1.607,201675532.0,28.168707391836,Americas,,,,,2343476.0,31080.0,275198.0,2118561.0
Brazil,2016,3280.27,,8836.28546025694,1.574,203218114.0,28.2549706035075,Americas,,,,,2340846.0,45652.0,262042.0,2123370.0
Brazil,2017,3296.82,,10080.5078722821,1.416,204703445.0,28.3411141713348,Americas,,,,,2426488.0,40383.0,307131.0,2142662.0
Brazil,2018,3339.51,,9300.66072904004,1.199,206107261.0,28.338218790305,Americas,,,,,2358696.0,37665.0,315139.0,2125140.0
Brazil,2019,3350.08,,9029.83304401079,1.564,207455459.0,28.3353473380441,Americas,,,,,2409883.0,40970.0,328768.0,2134894.0
Brazil,2020,3322.75,,7074.19407495707,1.421,208660842.0,28.3324758857832,Americas,,,,,2467835.0,41189.0,357646.0,2156124.0
Brazil,2021,3374.66,,7972.53696080695,1.146,209550294.0,28.3296044335223,Americas,,,,,2385149.0,43572.0,331721.0,2086299.0
Brazil,2022,3419.51,,9281.33282136864,0.965,210306415.0,28.3267329812614,Americas,,,,,2437566.0,41248.0,374233.0,2099746.0
Brazil,2023,3423.45,,10377.5897719195,1.658,211140729.0,28.3267329812614,Americas,,,,,2682858.0,34592.0,451574.0,2259921.0
Bulgaria,2010,2775.05,,6853.94805511171,1.376,7395599.0,46.5364775239499,Europe,,,,,25285.0,5534.0,11976.0,18228.0
Bulgaria,2011,2786.97,,7849.58061302818,0.432,7348328.0,46.8680913780398,Europe,,,,,25669.0,5029.0,12837.0,17383.0
Bulgaria,2012,2794.07,,7431.95789508871,1.693,7305888.0,47.1904937361828,Europe,,,,,23881.0,5126.0,12118.0,17412.0
Bulgaria,2013,2856.85,,7795.98092108928,1.496,7160005.0,46.0114222549742,Europe,,,,,30030.0,5210.0,18731.0,18133.0
Bulgaria,2014,2878.14,,8069.60005667684,1.222,7073572.0,45.8456153279293,Europe,,,,,31048.0,5604.0,16791.0,18556.0
Bulgaria,2015,2779.09,,7268.65445473873,1.456,6984225.0,46.1670965364775,Europe,,,,,28700.0,6218.0,15075.0,17721.0
Bulgaria,2016,2845.91,,7822.49923292968,1.902,6894139.0,46.2509211495947,Europe,,,,,29989.0,6361.0,18241.0,19419.0
Bulgaria,2017,2855.27,,8696.68930427924,0.948,6803468.0,46.3294030950626,Europe,,,,,32010.0,7406.0,17218.0,19724.0
Bulgaria,2018,2909.19,,9849.38397225174,2.176,6710798.0,46.3338246131172,Europe,,,,,32620.0,7343.0,17851.0,19979.0
Bulgaria,2019,2902.75,,10353.7204584127,2.088,6616726.0,46.3983050847458,Europe,,,,,34152.0,8051.0,22031.0,19735.0
Bulgaria,2020,2916.51,,10760.211975413,2.008,6550696.0,46.4904200442152,Europe,,,,,28036.0,8858.0,18694.0,19483.0
Bulgaria,2021,2983.54,,12966.1457543396,1.585,6507301.0,46.4904200442152,Europe,,,,,35128.0,8534.0,21170.0,21451.0
Bulgaria,2022,3003.44,,13999.1949530956,1.851,6465097.0,46.2601326455416,Europe,,,,,31857.0,10928.0,17623.0,22462.0
Bulgaria,2023,2999.6,,15853.208636704,2.673,6446596.0,46.0850221075903,Europe,,,,,31461.0,9096.0,23612.0,21545.0
Burkina Faso,2010,2595.29,,624.957252224766,1.233,16176498.0,46.0212825292398,Africa,,,,,22546.0,1650.0,506.0,22642.0
Burkina Faso,2011,2572.92,,725.024767725475,0.971,16661908.0,46.7589671052632,Africa,,,,,19673.0,1997.0,688.0,22311.0
Burkina Faso,2012,2632.59,,731.470138867833,0.46,17172287.0,47.3285230263158,Africa,,,,,23079.0,2672.0,508.0,23313.0
Burkina Faso,2013,2652.31,,759.762065168498,0.816,17695409.0,48.1173768274854,Africa,,,,,23974.0,2985.0,727.0,24200.0
Burkina Faso,2014,2639.19,,764.861675106225,0.869,18229461.0,48.686932748538,Africa,,,,,22745.0,2726.0,790.0,23990.0
Burkina Faso,2015,2645.45,,630.124750752312,1.095,18777487.0,49.293038377193,Africa,,,,,21511.0,3214.0,1048.0,24454.0
Burkina Faso,2016,2636.41,,663.742364842886,1.037,19334856.0,49.8260445906433,Africa,,,,,23225.0,3263.0,786.0,25172.0
Burkina Faso,2017,2610.01,,709.091535894695,1.186,19894407.0,50.3590508040936,Africa,,,,,21106.0,3140.0,1061.0,24851.0
Burkina Faso,2018,2648.69,,777.465618514048,1.127,20438288.0,51.1961505847953,Africa,,,,,24874.0,4071.0,1098.0,26256.0
Burkina Faso,2019,2628.08,,764.853077774946,1.055,20961952.0,51.6768903508772,Africa,,,,,27127.0,3495.0,941.0,29079.0
Burkina Faso,2020,2683.58,,825.237038782475,1.026,21478690.0,52.1594579678363,Africa,,,,,28356.0,3541.0,1112.0,29204.0
Burkina Faso,2021,2664.25,,895.535288442991,1.611,21995243.0,52.6708998538012,Africa,,,,,26444.0,3262.0,982.0,29798.0
Burkina Faso,2022,2758.83,,827.330843486661,0.784,22509038.0,53.3497394005848,Africa,,,,,28945.0,5027.0,971.0,31391.0
Burkina Faso,2023,2790.88,,873.482589651003,1.45,23025776.0,53.4020054824561,Africa,,,,,28559.0,5987.0,1146.0,31563.0
Cabo Verde,2010,2613.22,,3579.46006137809,,509784.0,19.3548387096774,Africa,,,,,297.0,555.0,36.0,815.0
Cabo Verde,2011,2521.04,,4002.01386888785,1.14,511447.0,19.6029776674938,Africa,,,,,332.0,490.0,42.0,809.0
Cabo Verde,2012,2554.97,,3736.81517011087,1.106,511955.0,19.6029776674938,Africa,,,,,340.0,486.0,34.0,801.0
Cabo Verde,2013,2601.21,,3960.97596791345,1.108,512225.0,19.6029776674938,Africa,,,,,378.0,517.0,38.0,816.0
Cabo Verde,2014,2554.82,,3985.60706548134,0.86,512326.0,19.6029776674938,Africa,,,,,344.0,491.0,46.0,785.0
Cabo Verde,2015,2598.96,,3415.06266730931,0.848,512394.0,19.6029776674938,Africa,,,,,344.0,515.0,80.0,795.0
Cabo Verde,2016,2637.96,,3608.96605234906,1.486,512554.0,19.6029776674938,Africa,,,,,316.0,523.0,58.0,780.0
Cabo Verde,2017,2710.05,,3893.09571382506,1.785,512893.0,19.6029776674938,Africa,,,,,278.0,604.0,30.0,845.0
Cabo Verde,2018,2746.52,,4294.96510035729,0.702,513415.0,19.6029776674938,Africa,,,,,269.0,610.0,50.0,817.0
Cabo Verde,2019,2783.47,,4380.78117331128,1.39,514104.0,19.6029776674938,Africa,,,,,227.0,622.0,44.0,830.0
Cabo Verde,2020,2844.07,,3539.22661248299,,514679.0,19.6029776674938,Africa,,,,,228.0,597.0,44.0,770.0
Cabo Verde,2021,2821.57,,3971.44409203423,1.493,516649.0,19.6029776674938,Africa,,,,,229.0,555.0,42.0,773.0
Cabo Verde,2022,2773.12,,4323.31362032709,1.581,519741.0,19.6029776674938,Africa,,,,,224.0,596.0,42.0,805.0
Cabo Verde,2023,2793.61,,4794.90121917259,2.541,522331.0,19.6029776674938,Africa,,,,,211.0,657.0,43.0,801.0
Cambodia,2010,2520.72,,952.274616324008,1.136,14500726.0,30.4861262179923,Asia,,,,,32574.0,1455.0,938.0,33834.0
Cambodia,2011,2610.49,,1088.98152823081,0.385,14722584.0,30.7794912757761,Asia,,,,,41524.0,1358.0,982.0,41443.0
Cambodia,2012,2601.93,,1192.80263041673,0.81,14945085.0,31.1509018808067,Asia,,,,,42873.0,1627.0,1304.0,42000.0
Cambodia,2013,2590.54,,1305.6600972686,0.908,15170208.0,31.4524427826875,Asia,,,,,43750.0,1081.0,2134.0,42815.0
Cambodia,2014,2603.49,,1431.56396469993,0.59,15396772.0,31.6826087695445,Asia,,,,,53147.0,1173.0,2275.0,49940.0
Cambodia,2015,2641.9,,1547.32010444393,1.059,15623251.0,31.9960571040109,Asia,,,,,54438.0,2084.0,3119.0,53358.0
Cambodia,2016,2651.16,,1675.19555711109,1.462,15852803.0,32.2909811919329,Asia,,,,,58072.0,2086.0,3904.0,56747.0
Cambodia,2017,2673.85,,1826.35391688754,1.059,16073372.0,32.7703597326082,Asia,,,,,59010.0,2187.0,4198.0,54945.0
Cambodia,2018,2672.77,,2036.67377566578,0.756,16274522.0,33.1881078631317,Asia,,,,,61021.0,2906.0,3819.0,59404.0
Cambodia,2019,2716.55,,2225.87705485686,1.529,16481304.0,33.7162803081804,Asia,,,,,60930.0,2258.0,3570.0,60095.0
Cambodia,2020,2721.31,,2081.73914242939,1.401,16725474.0,34.3013919102651,Asia,,,,,63218.0,3180.0,4036.0,62335.0
Cambodia,2021,2694.31,,2167.40324198499,0.887,16974305.0,34.6999756401541,Asia,,,,,65102.0,2851.0,4765.0,62092.0
Cambodia,2022,2623.59,,2325.03050040841,0.902,17201724.0,34.8115777249037,Asia,,,,,64314.0,2961.0,4607.0,62590.0
Cambodia,2023,2642.91,,2429.74853452838,1.32,17423880.0,34.8648294810786,Asia,,,,,68394.0,4454.0,20038.0,52163.0
Cameroon,2010,2803.6,,1398.58702025047,1.081,19668066.0,20.5199805377504,Africa,,,,,48989.0,3004.0,1179.0,51003.0
Cameroon,2011,2821.92,,1513.96056994878,0.511,20232304.0,20.6257536333058,Africa,,,,,49916.0,3698.0,1107.0,52537.0
Cameroon,2012,2855.07,,1449.09874362279,0.32,20809529.0,20.6257536333058,Africa,,,,,52783.0,4047.0,1083.0,55061.0
Cameroon,2013,2865.8,,1575.92882118897,0.617,21402376.0,20.6257536333058,Africa,,,,,54639.0,5031.0,1082.0,57144.0
Cameroon,2014,2805.18,,1649.4433905949,0.759,22059893.0,20.6257536333058,Africa,,,,,56434.0,4356.0,1217.0,58691.0
Cameroon,2015,2806.53,,1415.00009710569,1.02,22763414.0,20.6257536333058,Africa,,,,,58691.0,4529.0,1352.0,60506.0
Cameroon,2016,2803.31,,1441.7201725688,1.107,23454161.0,20.6257536333058,Africa,,,,,61089.0,4445.0,1454.0,62666.0
Cameroon,2017,2779.0,,1496.08951771242,1.057,24128601.0,20.6701480823338,Africa,,,,,60809.0,5063.0,1401.0,63017.0
Cameroon,2018,2810.38,,1610.69641591017,1.006,24806383.0,20.7145425313617,Africa,,,,,61569.0,4654.0,1224.0,63954.0
Cameroon,2019,2865.11,,1555.22660476477,1.411,25506095.0,20.7589369803897,Africa,,,,,60979.0,5786.0,1172.0,64817.0
Cameroon,2020,2843.39,,1555.60370660749,1.083,26210558.0,20.8033316409638,Africa,,,,,62919.0,5464.0,1227.0,65512.0
Cameroon,2021,2867.1,,1672.32657340872,1.225,26915758.0,20.8477260899917,Africa,,,,,63247.0,5901.0,1740.0,65674.0
Cameroon,2022,2936.36,,1604.87726954895,0.804,27632771.0,20.8921205390197,Africa,,,,,64964.0,6390.0,1461.0,68245.0
Cameroon,2023,2900.97,,1720.47510154506,1.081,28372687.0,20.9365149880476,Africa,,,,,65218.0,5842.0,1360.0,68225.0
Canada,2010,3537.74,,47560.6666009406,2.93,34005902.0,6.50040878514409,Americas,,,,,193312.0,47335.0,107300.0,144697.0
Canada,2011,3572.99,,52223.8588398531,1.458,34339221.0,6.43568354118357,Americas,,,,,200073.0,46847.0,105255.0,142545.0
Canada,2012,3555.98,,52670.3447335415,2.149,34713395.0,6.44363616895263,Americas,,,,,210366.0,48748.0,109309.0,150519.0
Canada,2013,3531.25,,52638.1187235237,1.201,35080992.0,6.45155533545478,Americas,,,,,252262.0,53415.0,114574.0,160318.0
Canada,2014,3500.25,,50960.8431174661,0.284,35434066.0,6.45947450195693,Americas,,,,,218740.0,52274.0,131640.0,143317.0
Canada,2015,3504.89,,43594.1941045394,1.258,35704498.0,6.46750520601544,Americas,,,,,229256.0,52591.0,130394.0,149721.0
Canada,2016,3573.24,,42314.0615817218,2.41,36110803.0,6.47475514717938,Americas,,,,,250358.0,52957.0,128604.0,160090.0
Canada,2017,3569.68,,45129.628116623,1.523,36545075.0,6.45441069689781,Americas,,,,,249938.0,50303.0,137982.0,156196.0
Canada,2018,3575.58,,46539.1761570405,0.499,37072620.0,6.45681990811536,Americas,,,,,248219.0,57543.0,140308.0,157881.0
Canada,2019,3557.96,,46352.8693445211,1.304,37618495.0,6.43435624426279,Americas,,,,,251076.0,57982.0,133178.0,170718.0
Canada,2020,3617.0,,43537.839298904,1.13,38028638.0,6.37073522211031,Americas,,,,,261892.0,57212.0,154242.0,166126.0
Canada,2021,3583.96,,52886.6616372703,2.524,38239864.0,6.48457678610033,Americas,,,,,208428.0,61145.0,137113.0,154392.0
Canada,2022,3581.86,,56256.8007264015,1.256,38950132.0,6.49436207857817,Americas,,,,,256960.0,66226.0,121147.0,169417.0
Canada,2023,3590.04,,54220.3285039875,2.345,40049088.0,6.47137801950231,Americas,,,,,244652.0,63366.0,144499.0,164587.0
Chile,2010,2874.96,,12632.8704724192,-0.253,17181464.0,19.7952795575712,Americas,,,,,46239.0,10439.0,16131.0,41395.0
Chile,2011,2902.83,,14487.3927832032,-0.044,17351816.0,19.3910934566367,Americas,,,,,51839.0,11403.0,17739.0,45808.0
Chile,2012,2887.69,,15241.9069981119,0.452,17519119.0,18.8793126590382,Americas,,,,,50197.0,13065.0,17875.0,45535.0
Chile,2013,2939.31,,15683.5486369155,0.212,17687006.0,18.4482291279999,Americas,,,,,49944.0,13034.0,17565.0,45317.0
Chile,2014,2938.08,,14529.6767206336,0.276,17864195.0,18.0003149864236,Americas,,,,,48927.0,13344.0,17542.0,44695.0
Chile,2015,2925.52,,13433.9202987032,0.575,18047625.0,17.5651877090955,Americas,,,,,49490.0,14011.0,16997.0,44844.0
Chile,2016,2954.51,,13649.8520452803,0.713,18267221.0,17.0258627541733,Americas,,,,,47809.0,13346.0,17251.0,44085.0
Chile,2017,2956.5,,14879.9086227187,0.566,18558868.0,16.5754635041584,Americas,,,,,49014.0,15366.0,17485.0,46147.0
Chile,2018,2990.82,,15659.4808675628,0.246,18893191.0,16.0160767248496,Americas,,,,,52808.0,16522.0,18761.0,48994.0
Chile,2019,3022.55,,14495.716721687,0.392,19197744.0,15.435346965027,Americas,,,,,49712.0,17086.0,19039.0,48144.0
Chile,2020,3079.38,,13114.815470545,0.652,19370624.0,14.9026289456383,Americas,,,,,48027.0,18914.0,19119.0,47972.0
Chile,2021,3136.64,,16206.8325493421,0.618,19456334.0,14.5631870231053,Americas,,,,,47942.0,21345.0,19681.0,48980.0
Chile,2022,3110.53,,15405.6165774073,0.231,19553036.0,14.3199327104591,Americas,,,,,47090.0,19403.0,19293.0,47775.0
Chile,2023,3057.47,,17067.0364799154,0.901,19658835.0,14.4010249751882,Americas,,,,,46581.0,18381.0,17356.0,48060.0
China,2010,3041.44,,4629.24551710077,,1337705000.0,56.1834730812931,Asia,,,,,3546343.0,235051.0,69533.0,3701481.0
China,2011,3088.33,,5703.76027973346,,1345035000.0,56.1036602181182,Asia,,,,,3689492.0,236217.0,73997.0,3799954.0
China,2012,3103.46,,6405.0574241349,,1354190000.0,56.0235278052443,Asia,,,,,3807304.0,293440.0,70013.0,3948643.0
China,2013,3100.17,,7147.03518622344,,1363240000.0,55.9433953923703,Asia,,,,,3882687.0,318402.0,70708.0,3980133.0
China,2014,3199.88,,7781.06597484974,,1371860000.0,55.8632629794963,Asia,,,,,3936768.0,357157.0,68570.0,4062073.0
China,2015,3235.5,,8175.33285077393,,1379860000.0,55.7831305666223,Asia,,,,,4055415.0,416294.0,69204.0,4234274.0
China,2016,3227.27,,8254.86859320357,,1387790000.0,55.7030573453299,Asia,,,,,4063969.0,392592.0,73304.0,4285551.0
China,2017,3264.49,,8979.67652709856,,1396215000.0,55.6228503623161,Asia,,,,,4128241.0,439217.0,79995.0,4417344.0
China,2018,3280.37,,10085.6638148819,,1402760000.0,55.54274989588,Asia,,,,,4170567.0,403851.0,84854.0,4470549.0
China,2019,3308.05,,10342.9009524335,,1407745000.0,55.462649429444,Asia,,,,,4197394.0,405717.0,87157.0,4507115.0
China,2020,3330.46,,10627.4637989619,,1411100000.0,55.4526368711394,Asia,,,,,4233416.0,496018.0,83656.0,4602747.0
China,2021,3418.33,,12887.4357242941,,1412360000.0,55.4426243128349,Asia,,,,,4330836.0,584580.0,78961.0,4804342.0
China,2022,3472.29,,12970.6056414327,,1412175000.0,55.4326117545304,Asia,,,,,4387458.0,552787.0,82670.0,4865922.0
China,2023,3526.9,,12951.1782397043,,1410710000.0,55.4326117545304,Asia,,,,,4451796.0,583563.0,88614.0,4930103.0
Colombia,2010,2801.44,,6398.2958447102,1.146,44777319.0,38.3082469580892,Americas,,,,,136326.0,15920.0,7497.0,145425.0
Colombia,2011,2803.96,,7400.9940695669,0.6,45259614.0,37.603424966201,Americas,,,,,143049.0,16239.0,8025.0,151641.0
Colombia,2012,2897.59,,8108.59838244229,0.793,45715810.0,38.411536728256,Americas,,,,,147305.0,18080.0,7511.0,157940.0
Colombia,2013,2974.3,,8279.10255642981,0.97,46151584.0,40.392609283461,Americas,,,,,154340.0,17984.0,7272.0,165126.0
Colombia,2014,3009.42,,8187.20824890084,0.973,46565429.0,40.3785488958991,Americas,,,,,162356.0,18840.0,8497.0,174043.0
Colombia,2015,3075.32,,6248.51490534512,1.434,46969940.0,40.3644885083371,Americas,,,,,162842.0,21228.0,8673.0,173917.0
Colombia,2016,3090.76,,5959.84250367574,1.345,47437512.0,40.3504281207751,Americas,,,,,162102.0,23787.0,8445.0,171795.0
Colombia,2017,3052.02,,6479.53231292429,1.061,48131078.0,39.195132942767,Americas,,,,,136296.0,23267.0,9658.0,149046.0
Colombia,2018,3088.03,,6816.96818309544,1.288,49024465.0,39.7007661108607,Americas,,,,,159821.0,24859.0,9874.0,174741.0
Colombia,2019,3063.84,,6472.54544924705,1.618,49907985.0,39.9765660207301,Americas,,,,,160760.0,25902.0,10240.0,174702.0
Colombia,2020,3105.91,,5339.68711357943,1.719,50629997.0,39.8467278954484,Americas,,,,,143141.0,26273.0,10803.0,157337.0
Colombia,2021,3113.62,,6222.62164397614,1.21,51188173.0,38.7691151870212,Americas,,,,,163028.0,24942.0,10329.0,178013.0
Colombia,2022,3127.46,,6680.44506854481,1.07,51737944.0,37.6412798557909,Americas,,,,,168035.0,27255.0,10651.0,184003.0
Colombia,2023,3126.32,,7000.83660501046,1.69,52321152.0,36.4876070301938,Americas,,,,,163295.0,25404.0,9540.0,180039.0
Comoros,2010,2404.44,,1386.5742428453,0.883,654836.0,71.4669532509404,Africa,,,,,735.0,267.0,6.0,946.0
Comoros,2011,2387.02,,1531.43789372951,0.519,668056.0,71.4669532509404,Africa,,,,,688.0,213.0,8.0,897.0
Comoros,2012,2394.05,,1490.31511351281,0.482,681630.0,71.4669532509404,Africa,,,,,689.0,309.0,6.0,908.0
Comoros,2013,2446.28,,1603.32797107303,0.721,696192.0,71.4669532509404,Africa,,,,,710.0,226.0,10.0,939.0
Comoros,2014,2444.28,,1615.71723662012,0.841,711503.0,71.4669532509404,Africa,,,,,643.0,353.0,10.0,899.0
Comoros,2015,2443.38,,1329.37048235986,1.058,726682.0,71.4669532509404,Africa,,,,,658.0,697.0,8.0,972.0
Comoros,2016,2506.62,,1365.48403444497,1.033,741741.0,71.4669532509404,Africa,,,,,695.0,364.0,14.0,1027.0
Comoros,2017,2495.3,,1423.9248027797,1.283,756669.0,71.4669532509404,Africa,,,,,689.0,284.0,12.0,979.0
Comoros,2018,2486.01,,1527.40527125285,1.037,771590.0,71.4669532509404,Africa,,,,,694.0,326.0,14.0,1000.0
Comoros,2019,2499.55,,1510.23218151592,1.629,786578.0,71.4669532509404,Africa,,,,,682.0,619.0,8.0,1085.0
Comoros,2020,2492.1,,1519.34665556206,1.362,802163.0,71.4669532509404,Africa,,,,,741.0,611.0,4.0,1322.0
Comoros,2021,2443.91,,1554.97289190153,0.983,818174.0,71.4669532509404,Africa,,,,,749.0,588.0,6.0,1320.0
Comoros,2022,2416.87,,1465.479642862,0.854,834188.0,71.4669532509404,Africa,,,,,749.0,503.0,10.0,1315.0
Comoros,2023,2390.16,,1560.27378476855,1.62,850387.0,71.4669532509404,Africa,,,,,770.0,590.0,18.0,1354.0
"Congo, Dem. Rep.",2010,2163.74,,352.400398754692,1.199,68563038.0,12.5400851326614,Africa,,,,,91024.0,3558.0,75.0,94532.0
"Congo, Dem. Rep.",2011,2185.62,,372.514273875789,0.675,70849311.0,13.0724950927417,Africa,,,,,94416.0,3382.0,98.0,97965.0
"Congo, Dem. Rep.",2012,2144.55,,409.931424783784,0.316,73254618.0,13.6238724333385,Africa,,,,,97005.0,2844.0,90.0,100469.0
"Congo, Dem. Rep.",2013,2115.32,,460.370334930107,0.793,75789395.0,13.8638318519662,Africa,,,,,102008.0,2957.0,93.0,105204.0
"Congo, Dem. Rep.",2014,2167.85,,489.175952097319,0.71,78403242.0,14.2250942855252,Africa,,,,,107071.0,4225.0,63.0,112283.0
"Congo, Dem. Rep.",2015,2133.42,,495.826633014883,0.782,81035531.0,14.3137557618932,Africa,,,,,107718.0,4248.0,58.0,112651.0
"Congo, Dem. Rep.",2016,2085.97,,459.765036590388,1.276,83956415.0,14.4116803775832,Africa,,,,,109237.0,3423.0,62.0,112654.0
"Congo, Dem. Rep.",2017,2121.05,,431.052559128788,1.044,87083398.0,14.6841490042125,Africa,,,,,114561.0,4132.0,94.0,118241.0
"Congo, Dem. Rep.",2018,2100.95,,518.169626875371,1.206,90047644.0,14.8275512229549,Africa,,,,,117168.0,4485.0,69.0,121296.0
"Congo, Dem. Rep.",2019,2091.0,,504.00419142286,1.319,92947442.0,14.9255199488322,Africa,,,,,119424.0,5088.0,126.0,124203.0
"Congo, Dem. Rep.",2020,2026.11,,486.425572682256,1.409,95989998.0,14.9434286848548,Africa,,,,,126728.0,3836.0,141.0,124522.0
"Congo, Dem. Rep.",2021,2047.24,,595.743074403567,1.35,99148932.0,14.9450533953817,Africa,,,,,133129.0,4480.0,141.0,136973.0
"Congo, Dem. Rep.",2022,2033.1,,687.738587554685,1.241,102396968.0,15.3036258573918,Africa,,,,,129553.0,9340.0,169.0,138100.0
"Congo, Dem. Rep.",2023,2014.82,,660.21205238997,1.321,105789731.0,15.480763018019,Africa,,,,,132897.0,10201.0,135.0,142269.0
"Congo, Rep.",2010,1974.31,,2946.55798067708,1.137,4462290.0,30.9675080527086,Africa,,,,,5753.0,888.0,105.0,6766.0
"Congo, Rep.",2011,1940.44,,3396.16505817952,0.493,4609724.0,31.0296193265007,Africa,,,,,5890.0,1356.0,25.0,6953.0
"Congo, Rep.",2012,1994.35,,3732.32737320389,0.455,4740450.0,31.045411420205,Africa,,,,,6337.0,917.0,26.0,7461.0
"Congo, Rep.",2013,2072.46,,3697.41705884249,0.653,4857099.0,31.1297335285505,Africa,,,,,6530.0,1172.0,13.0,7714.0
"Congo, Rep.",2014,2118.42,,3601.2365808718,0.586,4975880.0,31.1315256222548,Africa,,,,,6751.0,1281.0,50.0,8056.0
"Congo, Rep.",2015,2120.47,,2439.35189403696,0.892,5097581.0,31.1081434846266,Africa,,,,,6744.0,1418.0,60.0,7981.0
"Congo, Rep.",2016,2099.19,,2093.10728558843,1.345,5222536.0,31.1140761346999,Africa,,,,,6749.0,1439.0,84.0,8124.0
"Congo, Rep.",2017,2124.7,,2211.63309874797,0.999,5351011.0,31.1174758418741,Africa,,,,,7132.0,1701.0,81.0,8445.0
"Congo, Rep.",2018,2110.25,,2694.43413191427,1.095,5483118.0,31.1317628111274,Africa,,,,,7269.0,1540.0,72.0,8704.0
"Congo, Rep.",2019,2124.87,,2488.42466724916,1.293,5616661.0,31.20878477306,Africa,,,,,7081.0,1650.0,68.0,8658.0
"Congo, Rep.",2020,2159.68,,1993.586671931,1.332,5752791.0,31.1645680819912,Africa,,,,,7043.0,1751.0,64.0,8752.0
"Congo, Rep.",2021,2174.03,,2516.16255145432,1.167,5892183.0,31.2521229868228,Africa,,,,,7205.0,1913.0,64.0,9046.0
"Congo, Rep.",2022,2152.28,,2620.83804267402,1.093,6035104.0,31.1897510980966,Africa,,,,,7211.0,2284.0,64.0,9229.0
"Congo, Rep.",2023,2187.12,,2477.97845544866,1.273,6182885.0,31.1900439238653,Africa,,,,,7266.0,2288.0,46.0,9450.0
Costa Rica,2010,2879.72,,8265.78820275582,0.975,4555962.0,35.6247551899726,Americas,,,,,25559.0,4362.0,12062.0,17921.0
Costa Rica,2011,2881.9,,9276.39107511347,0.514,4609833.0,35.6247551899726,Americas,,,,,25827.0,4710.0,12436.0,17941.0
Costa Rica,2012,2878.9,,10126.9991024177,0.503,4663934.0,35.4876615746181,Americas,,,,,27897.0,5750.0,12280.0,21332.0
Costa Rica,2013,2889.11,,10803.2401962173,0.806,4716147.0,35.2722287504896,Americas,,,,,29648.0,6117.0,13442.0,22685.0
Costa Rica,2014,2919.45,,10911.497878334,0.766,4767119.0,34.9588719153937,Americas,,,,,29515.0,6302.0,14082.0,21527.0
Costa Rica,2015,2931.29,,11714.7105980732,1.074,4818038.0,34.4533666274971,Americas,,,,,28390.0,6143.0,13727.0,20772.0
Costa Rica,2016,3020.16,,12091.0301606154,1.044,4866998.0,34.1310771641206,Americas,,,,,30252.0,6450.0,14701.0,21657.0
Costa Rica,2017,3056.04,,12317.0902771304,0.773,4913177.0,33.8087877007442,Americas,,,,,31085.0,6714.0,15240.0,22065.0
Costa Rica,2018,3053.24,,12590.2493781614,1.193,4957818.0,33.7196494320407,Americas,,,,,30825.0,7042.0,15472.0,22489.0
Costa Rica,2019,3071.57,,12884.6859951989,1.364,4999553.0,33.6305131218175,Americas,,,,,28896.0,7436.0,14916.0,21450.0
Costa Rica,2020,3078.39,,12394.0493969492,1.406,5034320.0,33.541374853114,Americas,,,,,29299.0,8001.0,14651.0,22518.0
Costa Rica,2021,3041.69,,12838.1185358931,1.007,5059988.0,33.342687034861,Americas,,,,,29306.0,8063.0,15808.0,21736.0
Costa Rica,2022,3012.99,,13625.9008491328,0.897,5081765.0,33.1439992166079,Americas,,,,,28418.0,8292.0,13842.0,23023.0
Costa Rica,2023,3061.13,,16942.0268119375,1.707,5105525.0,33.1439992166079,Americas,,,,,27900.0,8940.0,14176.0,22682.0
Cote d'Ivoire,2010,2601.25,,1553.54887048143,1.269,22488065.0,65.7358081761006,Africa,,,,,39694.0,5728.0,5088.0,42072.0
Cote d'Ivoire,2011,2679.1,,1596.62826565998,0.984,22982000.0,66.200179245283,Africa,,,,,40713.0,5754.0,5467.0,43877.0
Cote d'Ivoire,2012,2691.45,,1546.9460184731,0.657,23467078.0,68.963858490566,Africa,,,,,43370.0,7526.0,6565.0,44769.0
Cote d'Ivoire,2013,2669.59,,1786.15862031324,0.903,23939775.0,70.8868805031447,Africa,,,,,44530.0,5643.0,5284.0,44978.0
Cote d'Ivoire,2014,2612.02,,1991.36539423404,0.8,24527395.0,72.5917201257862,Africa,,,,,50457.0,6466.0,7176.0,49802.0
Cote d'Ivoire,2015,2748.84,,1814.71855088017,1.241,25246342.0,76.9368119496855,Africa,,,,,54648.0,7554.0,7675.0,54285.0
Cote d'Ivoire,2016,2753.33,,1862.59597081287,1.451,25989405.0,75.4266364779874,Africa,,,,,53737.0,8366.0,7118.0,54328.0
Cote d'Ivoire,2017,2805.04,,1964.29930338343,1.498,26733372.0,77.7044808176101,Africa,,,,,57967.0,9280.0,8165.0,58054.0
Cote d'Ivoire,2018,2825.25,,2130.86619381144,1.273,27464173.0,81.3420738993711,Africa,,,,,57888.0,10764.0,8232.0,58529.0
Cote d'Ivoire,2019,2848.79,,2141.76836170115,1.312,28193009.0,81.5248,Africa,,,,,61712.0,10786.0,9103.0,62525.0
Cote d'Ivoire,2020,2863.81,,2179.72934832935,1.324,28915449.0,82.6258229559748,Africa,,,,,62954.0,10852.0,8683.0,63945.0
Cote d'Ivoire,2021,2923.48,,2455.98127641148,1.421,29639736.0,84.3928672955975,Africa,,,,,64200.0,11924.0,9336.0,67948.0
Cote d'Ivoire,2022,2946.38,,2333.37128301259,1.145,30395002.0,84.1568125786164,Africa,,,,,66208.0,11309.0,9300.0,67330.0
Cote d'Ivoire,2023,2937.75,,2591.9659048119,1.602,31165654.0,86.4758163522013,Africa,,,,,68737.0,10328.0,9373.0,68211.0
Croatia,2010,2996.99,,13729.7654965022,0.833,4295427.0,23.8331784718748,Europe,,,,,14577.0,4207.0,2964.0,16474.0
Croatia,2011,3029.91,,14691.558296292,1.234,4280622.0,23.6955900221571,Europe,,,,,14277.0,4410.0,2648.0,16286.0
Croatia,2012,3031.85,,13507.7805260991,1.822,4260368.0,23.7831463083411,Europe,,,,,12591.0,4102.0,3126.0,13696.0
Croatia,2013,3105.43,,14134.9474982889,1.243,4233922.0,28.0055035379887,Europe,,,,,14315.0,4213.0,3072.0,15524.0
Croatia,2014,3019.5,,14186.7295493276,2.0,4201598.0,26.954828103781,Europe,,,,,16187.0,5510.0,3552.0,15850.0
Croatia,2015,3095.26,,12283.7840620053,1.889,4151725.0,27.4676577800014,Europe,,,,,14589.0,5507.0,4672.0,13185.0
Croatia,2016,3211.42,,12820.1653893008,1.804,4106867.0,27.6249017225359,Europe,,,,,17585.0,6044.0,5351.0,15995.0
Croatia,2017,3174.85,,13901.7878144679,1.507,4041407.0,26.7493388606962,Europe,,,,,15032.0,6356.0,5312.0,15830.0
Croatia,2018,3250.38,,15460.3669595491,2.263,3988775.0,26.5170466728611,Europe,,,,,15972.0,6770.0,5769.0,16437.0
Croatia,2019,3297.85,,15563.5987295029,2.051,3949390.0,26.8744192695304,Europe,,,,,15679.0,6942.0,6131.0,16430.0
Croatia,2020,3334.82,,14807.5608543265,1.951,3914206.0,26.8942101501072,Europe,,,,,16876.0,6725.0,7365.0,16315.0
Croatia,2021,3382.85,,17788.7865816658,1.541,3878981.0,26.3759828448892,Europe,,,,,15407.0,7198.0,6907.0,15788.0
Croatia,2022,3416.49,,18465.5414420364,2.212,3855641.0,25.8756254467477,Europe,,,,,13426.0,7944.0,7002.0,14010.0
Croatia,2023,3447.57,,22184.2279304842,2.486,3859686.0,26.554681915654,Europe,,,,,13502.0,8222.0,7243.0,14221.0
Cuba,2010,3250.91,,5272.26755824835,0.54,11297409.0,60.7027433295753,Americas,,,,,41527.0,8099.0,1399.0,48558.0
Cuba,2011,3307.61,,6104.46105236166,0.452,11301571.0,59.9627560521415,Americas,,,,,42720.0,8392.0,1581.0,49549.0
Cuba,2012,3313.2,,6470.83673392653,0.522,11303175.0,60.062447842924,Americas,,,,,49386.0,6904.0,1897.0,54653.0
Cuba,2013,3275.25,,6828.36428245396,0.781,11298167.0,60.8549222797927,Americas,,,,,52750.0,7036.0,2233.0,57731.0
Cuba,2014,3316.15,,7146.70459051328,0.972,11285775.0,60.3622380311479,Americas,,,,,55930.0,8313.0,2128.0,61754.0
Cuba,2015,3360.61,,7727.91997207998,1.223,11275065.0,59.9452449567723,Americas,,,,,59384.0,8554.0,2632.0,65606.0
Cuba,2016,3475.65,,8110.55874283616,1.263,11265612.0,59.8490965013456,Americas,,,,,57479.0,9724.0,2238.0,63911.0
Cuba,2017,3459.98,,8610.60829605429,1.371,11247829.0,60.6936416184971,Americas,,,,,60889.0,9758.0,2418.0,68564.0
Cuba,2018,3433.97,,8911.46205998726,1.034,11227118.0,60.6936416184971,Americas,,,,,44809.0,9109.0,1304.0,52061.0
Cuba,2019,3385.12,,9232.26115935183,1.429,11202846.0,61.6666666666667,Americas,,,,,53006.0,8929.0,1602.0,60458.0
Cyprus,2010,3011.14,,31105.02734375,2.048,1127816.0,12.3917748917749,Asia,,,,,1437.0,2112.0,555.0,2908.0
Cyprus,2011,2990.14,,32485.798828125,0.734,1146493.0,12.5865800865801,Asia,,,,,1567.0,2172.0,723.0,2829.0
Cyprus,2012,2957.35,,28991.935546875,0.954,1165397.0,12.6515151515152,Asia,,,,,1450.0,1971.0,566.0,2662.0
Cyprus,2013,2909.6,,27764.73046875,1.216,1183895.0,11.7781385281385,Asia,,,,,1356.0,2041.0,654.0,2716.0
Cyprus,2014,2872.8,,26993.103515625,1.034,1201801.0,11.7943722943723,Asia,,,,,1335.0,2199.0,657.0,2873.0
Cyprus,2015,2910.25,,23088.44140625,1.218,1219502.0,13.7099567099567,Asia,,,,,1467.0,2129.0,629.0,2937.0
Cyprus,2016,2869.79,,24280.056640625,1.689,1237112.0,11.8387445887446,Asia,,,,,1326.0,2227.0,746.0,2758.0
Cyprus,2017,2863.39,,26247.44921875,0.945,1254275.0,13.1406926406926,Asia,,,,,1372.0,2409.0,849.0,2840.0
Cyprus,2018,2857.91,,29120.375,2.12,1270737.0,14.3340800865801,Asia,,,,,1367.0,2511.0,842.0,3045.0
Cyprus,2019,2906.57,,29227.173828125,1.425,1286671.0,13.5636796536797,Asia,,,,,1355.0,2408.0,843.0,3000.0
Cyprus,2020,2877.71,,28130.341796875,1.552,1302247.0,13.8147186147186,Asia,,,,,1374.0,2267.0,808.0,2890.0
Cyprus,2021,2867.39,,32937.83984375,1.852,1317309.0,13.160854978355,Asia,,,,,1403.0,2493.0,835.0,3040.0
Cyprus,2022,2867.17,,33231.04296875,1.068,1331370.0,13.3160497835498,Asia,,,,,1368.0,2587.0,853.0,3160.0
Cyprus,2023,2876.46,,36623.69140625,1.75,1344976.0,13.9606385281385,Asia,,,,,1355.0,2669.0,885.0,3192.0
Czechia,2010,3286.39,,20160.4355077059,0.405,10474410.0,45.6289006862618,Europe,,,,,36313.0,12093.0,11730.0,37698.0
Czechia,2011,3274.5,,22049.1080788682,1.036,10496088.0,45.3714877638224,Europe,,,,,42029.0,11871.0,11743.0,40216.0
Czechia,2012,3272.84,,20014.0354015165,1.574,10510785.0,45.6544089084553,Europe,,,,,38396.0,12020.0,14337.0,37993.0
Czechia,2013,3301.47,,20260.4954999375,0.778,10514272.0,45.5969955969956,Europe,,,,,40763.0,12366.0,13819.0,39581.0
Czechia,2014,3205.03,,20038.4163180257,2.498,10525347.0,45.5322455322455,Europe,,,,,43991.0,13410.0,15547.0,37773.0
Czechia,2015,3133.55,,17931.5987670768,2.12,10546059.0,45.2532055433234,Europe,,,,,40311.0,14316.0,17450.0,35813.0
Czechia,2016,3258.33,,18753.9686718096,2.079,10566332.0,45.17549540215,Europe,,,,,43642.0,14786.0,17915.0,39147.0
Czechia,2017,3298.72,,20913.197632212,1.596,10594438.0,45.6029011786038,Europe,,,,,41502.0,15130.0,17105.0,39413.0
Czechia,2018,3300.27,,23705.9329811299,2.655,10629928.0,45.628804558995,Europe,,,,,39691.0,15805.0,15279.0,38912.0
Czechia,2019,3338.98,,24062.7190013343,2.544,10671870.0,45.6399997409511,Europe,,,,,40182.0,16149.0,14797.0,39130.0
Czechia,2020,3352.24,,23472.8915454417,2.346,10697858.0,45.6468665918898,Europe,,,,,41297.0,16019.0,16531.0,39209.0
Czechia,2021,3380.83,,27696.4619527544,1.305,10505772.0,45.730560511424,Europe,,,,,42420.0,16551.0,17382.0,40364.0
Czechia,2022,3393.45,,28282.2236715857,2.381,10672118.0,45.7476202749375,Europe,,,,,42784.0,17669.0,18048.0,40516.0
Czechia,2023,3384.27,,31761.5944102491,2.536,10864042.0,45.8019594048309,Europe,,,,,41884.0,18613.0,18503.0,40721.0
Denmark,2010,3510.97,,58104.5445594981,-0.198,5547683.0,65.65,Europe,,,,,42290.0,17341.0,22468.0,39537.0
Denmark,2011,3494.55,,61809.737898222,0.68,5570572.0,67.25,Europe,,,,,43349.0,18187.0,21711.0,41382.0
Denmark,2012,3478.58,,58443.7747103968,1.137,5591572.0,65.6,Europe,,,,,44236.0,18176.0,20735.0,42052.0
Denmark,2013,3551.23,,61377.5940590412,0.399,5614932.0,65.7,Europe,,,,,43118.0,17744.0,20405.0,41851.0
Denmark,2014,3654.9,,62520.4509747011,2.678,5643475.0,66.315775,Europe,,,,,45714.0,17015.0,21214.0,39678.0
Denmark,2015,3700.48,,53094.0133607574,1.52,5683483.0,65.847475,Europe,,,,,44573.0,17226.0,22390.0,38422.0
Denmark,2016,3670.16,,54500.9260410217,1.852,5728010.0,65.6275,Europe,,,,,43994.0,16900.0,21102.0,40340.0
Denmark,2017,3656.42,,57521.5514992225,1.622,5764980.0,65.7825,Europe,,,,,47309.0,17158.0,21839.0,41131.0
Denmark,2018,3816.42,,61324.7665045565,2.107,5793636.0,65.8125,Europe,,,,,39178.0,19416.0,20613.0,40276.0
Denmark,2019,3763.79,,59404.2663247723,2.178,5814422.0,65.649125,Europe,,,,,45547.0,19700.0,20299.0,42365.0
Denmark,2020,3815.31,,60985.4885601514,2.636,5831404.0,65.499675,Europe,,,,,46695.0,18936.0,20504.0,44669.0
Denmark,2021,3802.28,,69340.7334922138,1.687,5856733.0,65.45,Europe,,,,,49465.0,22441.0,20930.0,48888.0
Denmark,2022,3785.39,,67781.0940939514,2.231,5903037.0,65.6,Europe,,,,,50908.0,21872.0,20192.0,49240.0
Denmark,2023,3733.87,,68043.5466971243,1.876,5946952.0,65.525,Europe,,,,,45429.0,20667.0,20020.0,47288.0
Djibouti,2010,2423.08,,1213.23352553429,0.794,930251.0,73.4383088869715,Africa,,,,,122.0,1286.0,192.0,1201.0
Djibouti,2011,2477.45,,1306.34552844977,0.664,948558.0,73.4598792062122,Africa,,,,,123.0,2331.0,222.0,2150.0
Djibouti,2012,2518.09,,1400.19357858954,,966747.0,73.4598792062122,Africa,,,,,138.0,2587.0,184.0,2442.0
Djibouti,2013,2559.79,,2075.94498424748,0.993,984824.0,73.4598792062122,Africa,,,,,132.0,3192.0,230.0,2767.0
Djibouti,2014,2640.02,,2214.62084142432,0.859,1002717.0,73.4598792062122,Africa,,,,,131.0,3120.0,400.0,2844.0
Djibouti,2015,2699.99,,2376.12554719873,1.37,1020313.0,73.4598792062122,Africa,,,,,134.0,3799.0,149.0,3791.0
Djibouti,2016,2677.79,,2510.4300076241,1.187,1037653.0,73.4598792062122,Africa,,,,,138.0,3372.0,436.0,3095.0
Djibouti,2017,2703.37,,2618.95521147369,1.385,1054841.0,73.4598792062122,Africa,,,,,140.0,3785.0,425.0,3390.0
Djibouti,2018,2738.14,,2718.08338799203,0.887,1071882.0,73.4598792062122,Africa,,,,,141.0,4378.0,1094.0,3533.0
Djibouti,2019,2751.36,,2837.16902340932,0.917,1088709.0,73.4598792062122,Africa,,,,,159.0,3967.0,746.0,3378.0
Djibouti,2020,2764.18,,2844.88810647853,1.005,1105188.0,73.5030198446937,Africa,,,,,163.0,4179.0,891.0,3439.0
Djibouti,2021,2763.4,,3025.91126413549,0.647,1121248.0,73.5030198446937,Africa,,,,,158.0,6690.0,1508.0,5361.0
Djibouti,2022,2695.06,,3133.25779772463,1.1,1137096.0,73.5030198446937,Africa,,,,,151.0,6140.0,1939.0,4270.0
Djibouti,2023,2720.97,,3381.29779710722,0.366,1152944.0,73.5073339085419,Africa,,,,,150.0,6455.0,1909.0,4101.0
Dominican Republic,2010,2590.88,,5478.62470398954,1.019,9820175.0,47.5629331401366,Americas,,,,,23103.0,4990.0,1986.0,26040.0
Dominican Republic,2011,2647.2,,5826.51014109195,0.356,9945621.0,48.0161270958394,Americas,,,,,24499.0,4894.0,1909.0,27413.0
Dominican Republic,2012,2682.52,,6013.81965002603,0.574,10070411.0,47.674021941627,Americas,,,,,25272.0,4889.0,1836.0,28502.0
Dominican Republic,2013,2741.99,,6136.59429329301,0.819,10193833.0,50.0752101014283,Americas,,,,,26003.0,4713.0,1741.0,28956.0
Dominican Republic,2014,2812.96,,6496.45166971142,0.761,10315528.0,50.2703291244049,Americas,,,,,27585.0,6045.0,3382.0,30465.0
Dominican Republic,2015,2795.61,,6800.95309395474,1.08,10434829.0,50.0964851997516,Americas,,,,,26633.0,6844.0,2718.0,30596.0
Dominican Republic,2016,2890.5,,7160.44200982307,0.932,10551430.0,51.825944938936,Americas,,,,,26073.0,6959.0,2634.0,30328.0
Dominican Republic,2017,2939.87,,7412.71571571512,0.862,10666843.0,52.3864086110536,Americas,,,,,29903.0,7115.0,2389.0,34318.0
Dominican Republic,2018,3001.27,,7882.98221584944,0.874,10782053.0,53.3660298074933,Americas,,,,,33144.0,7490.0,2428.0,37973.0
Dominican Republic,2019,3055.38,,8183.01623600375,0.959,10894043.0,53.7012184317945,Americas,,,,,31964.0,7912.0,3083.0,36666.0
Dominican Republic,2020,3111.27,,7135.22273255899,1.398,11008300.0,52.3243921638275,Americas,,,,,32631.0,7830.0,2984.0,37148.0
Dominican Republic,2021,3163.43,,8527.0754858205,0.956,11123476.0,52.4107297353709,Americas,,,,,33571.0,8700.0,3321.0,38172.0
Dominican Republic,2022,3269.26,,10104.2449349081,0.893,11230734.0,54.6941243644449,Americas,,,,,36382.0,8926.0,3339.0,41549.0
Dominican Republic,2023,3313.44,,10630.431743829,1.276,11331265.0,55.3530808941944,Americas,,,,,34740.0,9133.0,2855.0,40750.0
Ecuador,2010,2595.95,,4520.30959039763,0.946,15076695.0,30.1888387824126,Americas,,,,,59976.0,4726.0,13481.0,49958.0
Ecuador,2011,2601.5,,5153.6916424375,0.846,15326227.0,29.5784345305202,Americas,,,,,57303.0,4701.0,15464.0,47884.0
Ecuador,2012,2594.68,,5634.08393191094,0.696,15572194.0,30.2258817845064,Americas,,,,,56856.0,4152.0,14081.0,48001.0
Ecuador,2013,2553.01,,6109.29031510341,0.591,15807128.0,30.2504429054598,Americas,,,,,53997.0,3300.0,14677.0,43901.0
Ecuador,2014,2601.29,,6405.79979300441,1.208,16035124.0,22.0446126590433,Americas,,,,,61834.0,4087.0,15733.0,49140.0
Ecuador,2015,2603.85,,5976.1596805651,1.603,16266225.0,23.3089064261556,Americas,,,,,68357.0,4097.0,16748.0,53776.0
Ecuador,2016,2537.41,,5917.63771271481,1.558,16505139.0,22.2096956031567,Americas,,,,,60113.0,3946.0,17210.0,47663.0
Ecuador,2017,2549.78,,6233.32244797718,1.2,16759519.0,22.507650185215,Americas,,,,,60581.0,4788.0,18022.0,48173.0
Ecuador,2018,2541.55,,6303.91886658338,1.112,17049547.0,21.9358995007248,Americas,,,,,56757.0,4950.0,18516.0,44600.0
Ecuador,2019,2508.72,,6205.05765246766,1.454,17340021.0,21.4607827347399,Americas,,,,,59408.0,5359.0,19137.0,46251.0
Ecuador,2020,2545.86,,5463.64515348598,1.561,17546065.0,21.8231599291351,Americas,,,,,62874.0,5498.0,20001.0,48567.0
Ecuador,2021,2578.48,,6061.32350181711,1.002,17682454.0,22.024480592688,Americas,,,,,66119.0,5949.0,19435.0,52429.0
Ecuador,2022,2570.31,,6515.58528418336,0.727,17823897.0,21.5332581736189,Americas,,,,,58683.0,6196.0,20055.0,44691.0
Ecuador,2023,2620.91,,6737.84748379638,2.094,17980083.0,21.5413110001611,Americas,,,,,57484.0,6351.0,18763.0,44966.0
"Egypt, Arab Rep.",2010,3294.79,,2455.08194645282,2.273,89196072.0,3.68777939625295,Africa,,,,,175115.0,51910.0,7890.0,222646.0
"Egypt, Arab Rep.",2011,3247.69,,2590.64384891965,0.614,91093059.0,3.63654628559948,Africa,,,,,180962.0,57701.0,10589.0,226533.0
"Egypt, Arab Rep.",2012,3237.3,,2996.0677072015,0.941,93161001.0,3.71289366618112,Africa,,,,,191822.0,50890.0,7558.0,234686.0
"Egypt, Arab Rep.",2013,3158.7,,3025.52563552448,1.041,95333553.0,3.74802350695665,Africa,,,,,189733.0,59193.0,10176.0,243673.0
"Egypt, Arab Rep.",2014,3151.58,,3133.39102265541,1.247,97528654.0,3.73217137977799,Africa,,,,,197521.0,61605.0,10094.0,235976.0
"Egypt, Arab Rep.",2015,3143.81,,3306.98159414141,1.198,99597342.0,3.80719985936009,Africa,,,,,201449.0,57816.0,10624.0,247241.0
"Egypt, Arab Rep.",2016,3138.96,,3270.6287768197,1.392,101644589.0,3.75083168416294,Africa,,,,,195551.0,58607.0,10675.0,243165.0
"Egypt, Arab Rep.",2017,3149.92,,2395.10333299491,0.61,103696057.0,3.85450680596715,Africa,,,,,197167.0,60511.0,10709.0,251222.0
"Egypt, Arab Rep.",2018,3166.2,,2484.70315630508,2.057,105682094.0,3.88065698930132,Africa,,,,,187491.0,62121.0,9479.0,249181.0
"Egypt, Arab Rep.",2019,3162.49,,2962.98892023003,0.992,107553158.0,3.93992666633181,Africa,,,,,199075.0,67659.0,17104.0,243974.0
"Egypt, Arab Rep.",2020,3111.73,,3511.11381026379,1.0,109315124.0,3.98915063539103,Africa,,,,,203059.0,61492.0,14681.0,250661.0
"Egypt, Arab Rep.",2021,3081.45,,3827.35415374308,1.688,110957008.0,4.04942488321865,Africa,,,,,212360.0,55084.0,15798.0,248166.0
"Egypt, Arab Rep.",2022,3107.94,,4233.30783744856,0.613,112618250.0,4.07654829474107,Africa,,,,,215202.0,50626.0,16151.0,251061.0
"Egypt, Arab Rep.",2023,3094.01,,3456.78968456253,1.868,114535772.0,4.07654829474107,Africa,,,,,216187.0,50252.0,18002.0,250774.0
El Salvador,2010,2627.82,,3040.07300952878,0.447,6068249.0,59.3581081081081,Americas,,,,,16518.0,4957.0,2465.0,19270.0
El Salvador,2011,2630.33,,3330.60049486653,0.436,6090127.0,59.1698841698842,Americas,,,,,17951.0,5574.0,2672.0,20906.0
El Salvador,2012,2650.83,,3497.91256915509,0.589,6113975.0,58.9864864864865,Americas,,,,,20104.0,5460.0,2938.0,22693.0
El Salvador,2013,2640.28,,3582.26694005169,0.581,6138839.0,58.8030888030888,Americas,,,,,21220.0,4957.0,3033.0,23254.0
El Salvador,2014,2644.2,,3666.01248913873,0.614,6162955.0,58.6003861003861,Americas,,,,,20471.0,5332.0,2664.0,22331.0
El Salvador,2015,2649.61,,3790.34089108162,1.254,6183676.0,59.0250965250965,Americas,,,,,19968.0,6144.0,3013.0,24311.0
El Salvador,2016,2697.39,,3901.34014965811,1.212,6200800.0,58.5955598455598,Americas,,,,,21420.0,6586.0,2671.0,23430.0
El Salvador,2017,2750.76,,4020.12671373919,0.675,6213533.0,58.1660231660232,Americas,,,,,21553.0,6364.0,3007.0,25619.0
El Salvador,2018,2785.58,,4183.54620971358,0.733,6219807.0,57.707528957529,Americas,,,,,21446.0,6839.0,2892.0,25528.0
El Salvador,2019,2848.17,,4320.11671534627,0.949,6222318.0,57.707528957529,Americas,,,,,22184.0,7487.0,3195.0,26353.0
El Salvador,2020,2798.51,,3997.19279583709,1.419,6234673.0,57.707528957529,Americas,,,,,21849.0,7403.0,3221.0,25955.0
El Salvador,2021,2828.69,,4642.60743101342,1.018,6255782.0,57.707528957529,Americas,,,,,22390.0,7593.0,3331.0,26419.0
El Salvador,2022,2891.7,,5074.60210221806,0.742,6280319.0,57.707528957529,Americas,,,,,21760.0,7642.0,3070.0,26260.0
El Salvador,2023,2896.33,,5365.44491399171,1.444,6309624.0,57.707528957529,Americas,,,,,21357.0,7616.0,3113.0,25964.0
Estonia,2010,3233.75,,14663.7041018705,0.531,1331475.0,22.3826374144845,Europe,,,,,3594.0,2057.0,1882.0,3922.0
Estonia,2011,3220.54,,17555.5455239426,1.29,1327439.0,22.3165841000236,Europe,,,,,3835.0,2200.0,2046.0,3988.0
Estonia,2012,3151.76,,17568.2137969714,1.452,1322696.0,22.550129747582,Europe,,,,,4166.0,2208.0,2431.0,4015.0
Estonia,2013,3175.34,,19310.3874900757,1.162,1317997.0,22.1992178513918,Europe,,,,,4262.0,2377.0,2581.0,4215.0
Estonia,2014,3177.74,,20581.7898991695,2.419,1314545.0,22.4062571888659,Europe,,,,,4970.0,2242.0,2753.0,4174.0
Estonia,2015,3130.34,,17722.1557669523,2.348,1315407.0,22.8433402346446,Europe,,,,,5754.0,2132.0,3129.0,4439.0
Estonia,2016,3104.23,,18666.3736521706,1.916,1315790.0,23.0733839429492,Europe,,,,,4288.0,2051.0,2941.0,3919.0
Estonia,2017,3101.95,,20851.5223496861,1.48,1317384.0,22.9707602339181,Europe,,,,,5057.0,2292.0,3459.0,3700.0
Estonia,2018,3197.57,,23618.1361254581,2.392,1321977.0,23.0409356725146,Europe,,,,,4145.0,2356.0,2734.0,3762.0
Estonia,2019,3250.53,,24021.2501413306,2.195,1326898.0,23.1204678362573,Europe,,,,,5745.0,2466.0,3997.0,3964.0
Estonia,2020,3243.85,,23933.9939421065,3.599,1329522.0,23.0409356725146,Europe,,,,,5869.0,2443.0,4248.0,3918.0
Estonia,2021,3241.57,,27951.1659277744,2.135,1330932.0,23.0877192982456,Europe,,,,,5080.0,2550.0,3445.0,4019.0
Estonia,2022,3303.88,,28340.3826549406,1.962,1348840.0,23.075122864498,Europe,,,,,5668.0,2768.0,3745.0,4245.0
Estonia,2023,3286.52,,30264.0064885057,2.178,1370286.0,23.1219283875497,Europe,,,,,4822.0,2741.0,3663.0,3976.0
Eswatini,2010,2141.47,,3922.74039390733,1.002,1111650.0,70.9908895348837,Africa,,,,,12986.0,553.0,1153.0,12420.0
Eswatini,2011,2198.48,,4225.06049411911,,1117833.0,70.9883720930233,Africa,,,,,13424.0,599.0,1138.0,12919.0
Eswatini,2012,2270.67,,4224.54789174487,0.495,1123863.0,70.9302325581395,Africa,,,,,13713.0,838.0,1154.0,13417.0
Eswatini,2013,2366.99,,3949.94310039907,0.247,1129990.0,70.8573546511628,Africa,,,,,13976.0,766.0,1378.0,13291.0
Eswatini,2014,2403.91,,3771.07228381938,0.543,1136299.0,70.6976744186046,Africa,,,,,14031.0,878.0,1362.0,13184.0
Eswatini,2015,2387.15,,3419.82276559528,0.921,1142813.0,70.4651162790698,Africa,,,,,14125.0,908.0,1603.0,13240.0
Eswatini,2016,2387.13,,3238.17611961364,0.858,1149507.0,70.2325581395349,Africa,,,,,13994.0,980.0,1586.0,13432.0
Eswatini,2017,2412.58,,3853.09956569679,0.734,1158195.0,70.0,Africa,,,,,14319.0,1080.0,1380.0,13549.0
Eswatini,2018,2475.13,,3972.65450620357,0.743,1168929.0,69.8255813953488,Africa,,,,,14547.0,1122.0,1661.0,13658.0
Eswatini,2019,2461.18,,3913.14577547336,1.491,1179874.0,69.593023255814,Africa,,,,,14945.0,1186.0,2097.0,13976.0
Eswatini,2020,2506.78,,3466.56936278145,0.252,1192729.0,69.4767441860465,Africa,,,,,14614.0,1212.0,1847.0,13952.0
Eswatini,2021,2514.07,,3984.00229174306,0.566,1206593.0,69.4767441860465,Africa,,,,,14867.0,1225.0,1782.0,14217.0
Eswatini,2022,2554.05,,3894.1620089869,1.022,1218917.0,69.4767441860465,Africa,,,,,14221.0,1187.0,1501.0,13606.0
Eswatini,2023,2573.77,,3755.52111232464,0.764,1230506.0,69.4767441860465,Africa,,,,,14292.0,1264.0,1781.0,13769.0
Ethiopia,2010,2188.3,,330.619412798644,1.101,90538514.0,31.6178601080481,Africa,,,,,64018.0,5668.0,1885.0,68672.0
Ethiopia,2011,2203.32,,343.024942351887,0.957,93149970.0,32.186781367053,Africa,,,,,65983.0,5264.0,1862.0,71646.0
Ethiopia,2012,2254.1,,452.101031885754,0.855,95798767.0,32.3308335299665,Africa,,,,,71412.0,3816.0,2336.0,74796.0
Ethiopia,2013,2310.39,,484.039833104062,0.993,98438751.0,32.5914011165082,Africa,,,,,78933.0,3735.0,1871.0,80644.0
Ethiopia,2014,2385.89,,549.986577082588,0.902,101115610.0,32.7461141549206,Africa,,,,,85689.0,5303.0,2889.0,88660.0
Ethiopia,2015,2483.18,,597.912113218663,1.221,103867135.0,32.9671104083739,Africa,,,,,87765.0,7221.0,2722.0,91418.0
Ethiopia,2016,2471.91,,641.651523286233,1.223,106718162.0,33.1082473792896,Africa,,,,,90812.0,9569.0,2141.0,94500.0
Ethiopia,2017,2523.13,,696.348429076216,1.073,109666481.0,33.263928812192,Africa,,,,,95112.0,7006.0,2116.0,99400.0
Ethiopia,2018,2506.2,,739.702022272086,0.48,112664152.0,33.5852351498111,Africa,,,,,94627.0,8611.0,1633.0,101679.0
Ethiopia,2019,2469.31,,793.473247210264,0.821,115737383.0,33.8392563550947,Africa,,,,,98498.0,7301.0,2232.0,104117.0
Ethiopia,2020,2543.33,,829.790982547947,0.785,118917671.0,34.0927476985506,Africa,,,,,103447.0,11728.0,2185.0,109431.0
Ethiopia,2021,2556.18,,893.00983544905,0.881,122138588.0,34.3554706330212,Africa,,,,,100398.0,14949.0,2320.0,107958.0
Ethiopia,2022,2563.25,,982.103161506992,0.848,125384287.0,34.0779564851996,Africa,,,,,98815.0,11254.0,1887.0,106990.0
Ethiopia,2023,2558.42,,1055.81091592527,0.848,128691692.0,34.0779564851996,Africa,,,,,101161.0,6240.0,2325.0,109012.0
Fiji,2010,2675.36,,3449.14452883369,0.978,910419.0,17.4657909140668,Oceania,,,,,4976.0,769.0,739.0,5205.0
Fiji,2011,2721.62,,4139.60288609702,0.95,912989.0,17.4274767378216,Oceania,,,,,5792.0,898.0,717.0,6109.0
Fiji,2012,2683.21,,4341.40338748749,0.637,914918.0,17.3891625615764,Oceania,,,,,4488.0,996.0,713.0,4851.0
Fiji,2013,2684.94,,4572.44377544245,1.032,916352.0,17.3508483853311,Oceania,,,,,5037.0,990.0,778.0,5070.0
Fiji,2014,2752.12,,5293.35676680464,0.971,917585.0,17.3125342090859,Oceania,,,,,5661.0,1011.0,979.0,5744.0
Fiji,2015,2731.08,,5097.53106864695,0.916,918578.0,17.2742200328407,Oceania,,,,,5326.0,860.0,827.0,5513.0
Fiji,2016,2676.68,,5363.79026679243,1.335,919166.0,17.2359058565955,Oceania,,,,,4925.0,967.0,643.0,5224.0
Fiji,2017,2726.68,,5826.84814459328,1.319,918759.0,17.1975916803503,Oceania,,,,,4715.0,817.0,613.0,5052.0
Fiji,2018,2792.41,,6085.41979485376,1.039,917180.0,17.1592775041051,Oceania,,,,,4695.0,888.0,563.0,4870.0
Fiji,2019,2841.14,,5842.07344577597,1.216,914899.0,17.1209633278599,Oceania,,,,,5231.0,1029.0,886.0,5560.0
Fiji,2020,2883.64,,4620.6457238014,1.345,914963.0,17.0552818828681,Oceania,,,,,5053.0,1016.0,717.0,5209.0
Fiji,2021,2925.33,,4536.73312110335,1.113,916711.0,17.0552818828681,Oceania,,,,,4459.0,932.0,615.0,4603.0
Fiji,2022,2898.13,,5414.12092119088,1.3,919422.0,17.0552818828681,Oceania,,,,,4816.0,996.0,677.0,5321.0
Fiji,2023,2938.04,,5926.20586394763,0.997,924145.0,17.0552818828681,Oceania,,,,,4809.0,1046.0,581.0,5304.0
Finland,2010,3166.03,,46506.2919016566,0.243,5363352.0,7.54162553471537,Europe,,,,,14623.0,5839.0,3637.0,18773.0
Finland,2011,3193.79,,51060.3242589767,1.353,5388272.0,7.52443318305966,Europe,,,,,16201.0,6058.0,4215.0,19382.0
Finland,2012,3267.81,,47551.6740841369,1.545,5413971.0,7.51949718648195,Europe,,,,,15028.0,6975.0,3555.0,19383.0
Finland,2013,3248.15,,49691.0145200739,1.43,5438972.0,7.43196551383724,Europe,,,,,16395.0,6587.0,3308.0,19177.0
Finland,2014,3243.47,,50073.7760815871,2.589,5461512.0,7.46026522754944,Europe,,,,,16730.0,6307.0,3633.0,19841.0
Finland,2015,3240.32,,42560.3456767103,2.613,5479531.0,7.48050409660755,Europe,,,,,15316.0,6377.0,3283.0,19033.0
Finland,2016,3269.8,,43451.2562442158,2.156,5495303.0,7.48576881313547,Europe,,,,,15409.0,6485.0,3118.0,19381.0
Finland,2017,3269.79,,46085.0174739036,1.488,5508214.0,7.4690708081074,Europe,,,,,14955.0,6446.0,2761.0,19347.0
Finland,2018,3318.52,,49654.2497035329,2.161,5515525.0,7.47565148723348,Europe,,,,,13263.0,6782.0,2292.0,18698.0
Finland,2019,3341.73,,48358.1807773701,1.451,5521606.0,7.48198598361465,Europe,,,,,16286.0,6915.0,2633.0,19017.0
Finland,2020,3360.16,,48828.6846862799,3.319,5529543.0,7.46857932486675,Europe,,,,,14951.0,7019.0,3041.0,18907.0
Finland,2021,3335.91,,53099.1351400148,1.941,5541017.0,7.46181004166177,Europe,,,,,13133.0,6724.0,2688.0,18445.0
Finland,2022,3372.04,,50440.560224974,2.055,5556106.0,7.45522996225995,Europe,,,,,15003.0,7421.0,2346.0,17980.0
Finland,2023,3345.6,,52834.2916752703,1.884,5583911.0,7.44176865377023,Europe,,,,,13629.0,6489.0,2603.0,17930.0
France,2010,3503.69,,40694.8211697025,0.349,65026211.0,53.6715836348455,Europe,,,,,329599.0,70679.0,126253.0,291082.0
France,2011,3490.55,,43929.7840873812,1.484,65340830.0,53.5830782076259,Europe,,,,,346535.0,72702.0,123413.0,308143.0
France,2012,3453.96,,40863.5814412333,1.174,65657659.0,53.5203636700993,Europe,,,,,334262.0,72588.0,117666.0,292076.0
France,2013,3459.44,,42669.1795111893,0.668,65997932.0,53.3884404861304,Europe,,,,,332426.0,74034.0,125092.0,299279.0
France,2014,3420.76,,43148.0459288416,2.016,66312067.0,53.3750811763614,Europe,,,,,360495.0,75026.0,123979.0,299534.0
France,2015,3407.97,,36702.4323733379,1.567,66548272.0,53.301604972632,Europe,,,,,355168.0,74849.0,130804.0,292879.0
France,2016,3450.05,,37024.2157133669,1.741,66724104.0,53.2851303460432,Europe,,,,,318129.0,78867.0,120051.0,292401.0
France,2017,3452.03,,38687.1626407164,1.74,66918020.0,53.2470526022822,Europe,,,,,375133.0,79450.0,112090.0,320655.0
France,2018,3437.36,,41418.1766484844,1.99,67158348.0,53.1776602653307,Europe,,,,,350780.0,77573.0,123369.0,307235.0
France,2019,3459.25,,40408.2848574751,1.952,67382061.0,52.915574914185,Europe,,,,,354555.0,79625.0,121545.0,299794.0
France,2020,3485.45,,39169.8606000707,2.481,67601110.0,52.729670655905,Europe,,,,,302778.0,79162.0,119823.0,274476.0
France,2021,3489.97,,43725.0999521245,1.27,67842811.0,52.7417272474256,Europe,,,,,341849.0,83221.0,117302.0,295262.0
France,2022,3532.28,,40988.6396406579,2.869,68184457.0,52.6738892290565,Europe,,,,,323867.0,84241.0,126561.0,285922.0
France,2023,3489.55,,44700.1384177544,2.587,68372286.0,52.5043974394656,Europe,,,,,331606.0,82187.0,109435.0,290572.0
French Polynesia,2010,3007.43,,22494.806706186,0.6,270580.0,9.22048401037165,Oceania,,,,,312.0,412.0,20.0,731.0
French Polynesia,2011,3007.12,,22831.5185348524,0.036,271727.0,9.43030826851052,Oceania,,,,,319.0,418.0,21.0,721.0
French Polynesia,2012,2997.11,,20846.5457478364,0.548,273084.0,9.35205992509363,Oceania,,,,,328.0,415.0,22.0,716.0
French Polynesia,2013,2998.45,,21955.6329264095,0.36,274728.0,9.21074618265629,Oceania,,,,,321.0,405.0,19.0,709.0
French Polynesia,2014,2967.95,,22258.6321384251,0.498,276387.0,9.06940363007779,Oceania,,,,,359.0,417.0,18.0,756.0
French Polynesia,2015,2967.83,,19166.9594761931,0.568,277866.0,8.92808988764045,Oceania,,,,,414.0,418.0,22.0,799.0
French Polynesia,2016,2932.28,,19690.0775734589,1.015,279178.0,8.78674733506194,Oceania,,,,,446.0,425.0,20.0,814.0
French Polynesia,2017,2923.92,,20826.9312492172,0.76,280087.0,8.93353500432152,Oceania,,,,,453.0,424.0,18.0,837.0
French Polynesia,2018,2939.42,,21925.616043938,0.489,279815.0,9.08029386343993,Oceania,,,,,325.0,463.0,20.0,755.0
French Polynesia,2019,3029.37,,21582.5892046801,0.716,279034.0,8.93898012100259,Oceania,,,,,323.0,426.0,31.0,712.0
French Polynesia,2020,3097.3,,19966.4838503859,0.687,279209.0,9.085738980121,Oceania,,,,,324.0,425.0,17.0,748.0
French Polynesia,2021,3139.39,,21426.3854449835,0.646,279792.0,8.94442523768367,Oceania,,,,,334.0,417.0,16.0,718.0
French Polynesia,2022,3098.13,,20053.9569369322,0.214,280378.0,8.80308268510516,Oceania,,,,,303.0,438.0,16.0,689.0
French Polynesia,2023,3044.82,,21832.2831795569,0.867,281118.0,8.66176894266782,Oceania,,,,,297.0,438.0,16.0,703.0
Gabon,2010,2690.93,,8356.74662013345,1.01,1719879.0,8.21822486125665,Africa,,,,,2917.0,1013.0,7.0,3973.0
Gabon,2011,2737.39,,10219.1139339454,0.466,1781985.0,8.26433810688089,Africa,,,,,3102.0,1091.0,4.0,4215.0
Gabon,2012,2756.28,,9296.96587941088,0.484,1846889.0,8.31045135250514,Africa,,,,,3152.0,1148.0,2.0,4335.0
Gabon,2013,2739.58,,9197.70106323947,0.618,1913059.0,8.35656459812939,Africa,,,,,3287.0,1319.0,2.0,4534.0
Gabon,2014,2736.73,,9201.36276648105,0.711,1978399.0,8.35656459812939,Africa,,,,,3401.0,1265.0,3.0,4685.0
Gabon,2015,2733.24,,7047.12654634355,0.858,2040989.0,8.35656459812939,Africa,,,,,3384.0,1389.0,6.0,4710.0
Gabon,2016,2658.37,,6677.07003901644,1.416,2100306.0,8.35656459812939,Africa,,,,,3421.0,1312.0,6.0,4716.0
Gabon,2017,2610.08,,6921.73373135624,1.186,2156900.0,8.35656459812939,Africa,,,,,3456.0,1282.0,15.0,4745.0
Gabon,2018,2628.82,,7624.2775233771,0.912,2212318.0,8.35656459812939,Africa,,,,,3514.0,1298.0,16.0,4813.0
Gabon,2019,2646.56,,7441.1786472281,1.393,2267706.0,8.35656459812939,Africa,,,,,3955.0,1337.0,79.0,5275.0
Gabon,2020,2657.27,,6605.80346077565,1.283,2322539.0,8.35656459812939,Africa,,,,,4177.0,1578.0,117.0,5523.0
Gabon,2021,2632.34,,8181.40914134656,1.021,2376722.0,8.35656459812939,Africa,,,,,4576.0,1506.0,214.0,5855.0
Gabon,2022,2636.74,,8409.2074145028,0.895,2430747.0,8.35656459812939,Africa,,,,,4902.0,1364.0,229.0,6123.0
Gabon,2023,2686.47,,7802.82433276138,1.213,2484789.0,8.35656459812939,Africa,,,,,5016.0,1517.0,210.0,6290.0
"Gambia, The",2010,2676.13,,801.033372714536,1.405,1926630.0,63.6363636363636,Africa,,,,,1547.0,2023.0,138.0,2556.0
"Gambia, The",2011,2653.59,,710.608411468152,1.129,1983784.0,63.6363636363636,Africa,,,,,1066.0,1334.0,187.0,2456.0
"Gambia, The",2012,2640.81,,692.579361628102,0.991,2043094.0,63.6363636363636,Africa,,,,,1212.0,1348.0,131.0,2459.0
"Gambia, The",2013,2607.77,,653.862713272743,1.106,2103820.0,63.6363636363636,Africa,,,,,1202.0,1210.0,145.0,2499.0
"Gambia, The",2014,2560.53,,568.00453558864,1.281,2164528.0,63.6363636363636,Africa,,,,,1072.0,1789.0,59.0,2671.0
"Gambia, The",2015,2517.52,,619.536364296461,1.269,2224529.0,63.6363636363636,Africa,,,,,1167.0,1742.0,90.0,2805.0
"Gambia, The",2016,2554.73,,650.056501323611,1.684,2283769.0,63.6363636363636,Africa,,,,,1071.0,1847.0,100.0,2903.0
"Gambia, The",2017,2498.57,,642.522641296331,1.791,2342189.0,62.6482213438735,Africa,,,,,950.0,2066.0,37.0,2971.0
"Gambia, The",2018,2404.64,,696.219806960615,1.075,2399632.0,62.6482213438735,Africa,,,,,757.0,2520.0,35.0,3073.0
"Gambia, The",2019,2446.17,,738.186751987483,1.423,2456844.0,62.6482213438735,Africa,,,,,795.0,2204.0,28.0,3228.0
"Gambia, The",2020,2405.73,,720.335143352133,1.853,2515733.0,62.6482213438735,Africa,,,,,818.0,2954.0,38.0,3368.0
"Gambia, The",2021,2380.52,,781.890925169531,1.758,2576010.0,62.6482213438735,Africa,,,,,808.0,2340.0,56.0,3307.0
"Gambia, The",2022,2437.76,,836.244875868476,1.487,2636470.0,62.6482213438735,Africa,,,,,863.0,2587.0,68.0,3408.0
"Gambia, The",2023,2402.32,,883.024111719809,1.851,2697845.0,62.6482213438735,Africa,,,,,902.0,2715.0,128.0,3423.0
Georgia,2010,2771.9,,3281.72930937343,2.4,3786695.0,35.4007770902288,Asia,,,,,3345.0,3221.0,561.0,6386.0
Georgia,2011,2794.24,,4119.66818307193,0.419,3756441.0,35.147503237876,Asia,,,,,3990.0,3087.0,431.0,6608.0
Georgia,2012,2815.89,,4530.69533409431,1.226,3728874.0,35.0410130954094,Asia,,,,,3803.0,3601.0,768.0,6550.0
Georgia,2013,2834.43,,4712.00229382665,1.319,3717668.0,35.7763707008203,Asia,,,,,4607.0,3319.0,893.0,6897.0
Georgia,2014,2831.86,,4830.33486170249,1.157,3719414.0,34.7675924593467,Asia,,,,,4113.0,3161.0,638.0,6532.0
Georgia,2015,2877.4,,4086.6223465965,1.672,3725276.0,34.7978126349115,Asia,,,,,3778.0,3181.0,482.0,6349.0
Georgia,2016,2814.57,,4143.40125686315,1.301,3727505.0,34.4510001439056,Asia,,,,,4029.0,3127.0,632.0,6341.0
Georgia,2017,2891.54,,4418.75206546679,0.733,3728004.0,34.3186069938121,Asia,,,,,3646.0,3236.0,833.0,6382.0
Georgia,2018,2966.34,,4804.0546040444,2.43,3726549.0,34.1660670600086,Asia,,,,,4539.0,3507.0,836.0,7002.0
Georgia,2019,3020.82,,4741.2832715876,1.677,3720161.0,34.1430421643402,Asia,,,,,4670.0,3586.0,746.0,7347.0
Georgia,2020,3028.94,,4300.85701291207,1.95,3722716.0,34.2193121312419,Asia,,,,,4898.0,3395.0,971.0,7210.0
Georgia,2021,3010.86,,5083.60695484577,1.695,3708610.0,34.2480932508275,Asia,,,,,5068.0,3097.0,1239.0,7095.0
Georgia,2022,2998.67,,6729.84659930283,1.586,3712502.0,34.3056554899986,Asia,,,,,4803.0,3998.0,1333.0,7351.0
Georgia,2023,2999.83,,8283.66960652261,2.031,3715483.0,34.1329687724852,Asia,,,,,4734.0,3989.0,1242.0,7355.0
Germany,2010,3618.31,,42396.9665976293,0.188,81776930.0,47.9100324181656,Europe,,,,,277749.0,140026.0,100054.0,320141.0
Germany,2011,3651.89,,47630.9761883572,1.113,80274983.0,47.9659169153087,Europe,,,,,292197.0,149479.0,94679.0,343874.0
Germany,2012,3605.58,,44718.0159214069,1.342,80425823.0,47.8108681930338,Europe,,,,,295274.0,154545.0,101630.0,340595.0
Germany,2013,3594.04,,47206.8353514242,0.577,80645605.0,47.8588626461821,Europe,,,,,285440.0,156950.0,106883.0,335160.0
Germany,2014,3577.47,,48959.5991203133,2.51,80982500.0,47.9363714531384,Europe,,,,,312329.0,162771.0,108799.0,346100.0
Germany,2015,3590.45,,41929.7549110722,1.665,81686611.0,47.9590666743106,Europe,,,,,283902.0,164833.0,113750.0,339280.0
Germany,2016,3564.59,,42948.9381932694,1.979,82348669.0,47.6843370735058,Europe,,,,,285789.0,164950.0,114601.0,333921.0
Germany,2017,3554.88,,45553.9341495339,1.642,82657002.0,47.7631164667831,Europe,,,,,303807.0,169748.0,110916.0,354623.0
Germany,2018,3586.32,,48916.1686612154,2.387,82905782.0,47.6415364359723,Europe,,,,,264920.0,171902.0,104478.0,330751.0
Germany,2019,3616.84,,47656.199739747,2.321,83092962.0,47.7002776267209,Europe,,,,,285855.0,172452.0,102545.0,355283.0
Germany,2020,3629.4,,47394.8734504469,2.506,83160871.0,47.4970663155786,Europe,,,,,286122.0,176883.0,111145.0,351142.0
Germany,2021,3607.75,,52349.2459994422,1.319,83196078.0,47.4856177910072,Europe,,,,,290460.0,172448.0,112269.0,348752.0
Germany,2022,3600.29,,50506.5179638543,2.593,83177813.0,47.5011449507671,Europe,,,,,282386.0,172393.0,108158.0,344402.0
Germany,2023,3534.54,,54776.7668235491,2.461,83287273.0,47.4658729931603,Europe,,,,,289630.0,170909.0,107902.0,350549.0
Ghana,2010,2942.27,,1263.89251760539,1.228,25474995.0,54.4978377428144,Africa,,,,,69994.0,5838.0,1426.0,75527.0
Ghana,2011,2915.49,,1507.43573198753,0.837,26095088.0,54.0909101696405,Africa,,,,,72757.0,8022.0,2877.0,79189.0
Ghana,2012,2907.71,,1543.77524235764,0.571,26734268.0,54.277658433682,Africa,,,,,75424.0,6754.0,2312.0,81132.0
Ghana,2013,2885.66,,2294.79584693743,0.791,27386193.0,54.7731216489409,Africa,,,,,79190.0,8541.0,2873.0,85549.0
Ghana,2014,2877.81,,1949.90832923846,0.799,28041592.0,54.3845249186956,Africa,,,,,83987.0,8417.0,3218.0,87230.0
Ghana,2015,2814.22,,1722.77282833606,1.111,28696068.0,54.564096422607,Africa,,,,,83758.0,9331.0,2951.0,88703.0
Ghana,2016,2793.78,,1912.47991339951,1.171,29356742.0,54.3110758547948,Africa,,,,,85360.0,8413.0,3759.0,89216.0
Ghana,2017,2888.48,,2012.28662641265,1.268,30008354.0,53.1069873428848,Africa,,,,,90546.0,11035.0,4615.0,94544.0
Ghana,2018,2972.78,,2195.32166016377,0.982,30637585.0,53.694038850312,Africa,,,,,97274.0,10938.0,4950.0,101479.0
Ghana,2019,3036.32,,2186.65822682613,1.227,31258945.0,54.8490737607292,Africa,,,,,95463.0,11914.0,5664.0,100162.0
Ghana,2020,3070.15,,2195.45481659987,1.187,31887809.0,55.393750274689,Africa,,,,,98148.0,12296.0,4515.0,104617.0
Ghana,2021,3143.69,,2445.18662529344,1.403,32518665.0,55.393019913595,Africa,,,,,113987.0,14795.0,4904.0,119117.0
Ghana,2022,3137.64,,2229.89122647803,0.894,33149152.0,55.393019913595,Africa,,,,,117034.0,9495.0,4119.0,121809.0
Ghana,2023,3124.99,,2383.90410483418,1.272,33787914.0,55.393019913595,Africa,,,,,120227.0,9123.0,5115.0,122077.0
Greece,2010,3502.5,,26653.0488008626,1.633,11121341.0,58.0993017843289,Europe,,,,,37116.0,14522.0,8958.0,43372.0
Greece,2011,3499.16,,25504.7866510124,0.441,11104899.0,57.377812257564,Europe,,,,,38262.0,15189.0,8507.0,44559.0
Greece,2012,3490.91,,21624.346052551,1.286,11045011.0,56.5011636927851,Europe,,,,,39130.0,13685.0,9127.0,43783.0
Greece,2013,3506.88,,21573.3449762805,1.374,10965211.0,55.4926299456943,Europe,,,,,39517.0,14443.0,8897.0,44446.0
Greece,2014,3435.63,,21474.7257123892,1.123,10892413.0,48.1070597362296,Europe,,,,,35844.0,14431.0,9033.0,41654.0
Greece,2015,3402.75,,17980.7298238137,0.961,10820883.0,48.0915438324282,Europe,,,,,37742.0,14330.0,8793.0,42470.0
Greece,2016,3344.94,,17919.2426377048,1.626,10775971.0,47.6027928626843,Europe,,,,,35643.0,15521.0,10506.0,40428.0
Greece,2017,3371.83,,18631.9930129293,0.715,10754679.0,46.9630783553142,Europe,,,,,35282.0,16480.0,9350.0,41178.0
Greece,2018,3362.53,,19873.4015238771,2.002,10732882.0,46.1108642358417,Europe,,,,,34367.0,16837.0,10271.0,40222.0
Greece,2019,3374.7,,19335.3602002969,1.475,10721582.0,45.4892645461598,Europe,,,,,35035.0,16490.0,10862.0,39616.0
Greece,2020,3311.69,,17886.733165236,1.351,10698599.0,43.6358456167572,Europe,,,,,35297.0,15131.0,11900.0,38318.0
Greece,2021,3350.12,,20654.7001960815,1.718,10570130.0,44.3128673390225,Europe,,,,,34399.0,16695.0,12511.0,37487.0
Greece,2022,3344.94,,20886.5243087629,1.109,10437805.0,41.6760170674942,Europe,,,,,33403.0,16926.0,12746.0,37615.0
Greece,2023,3381.65,,23343.7103964562,1.909,10407351.0,41.6760178432894,Europe,,,,,32646.0,17156.0,13295.0,36778.0
Grenada,2010,2415.51,,6909.60169568597,1.488,111586.0,29.4117647058824,Americas,,,,,96.0,132.0,4.0,210.0
Grenada,2011,2431.24,,6947.38136096464,0.975,112079.0,29.4117647058824,Americas,,,,,101.0,134.0,6.0,218.0
Grenada,2012,2431.66,,7092.71985352677,0.92,112775.0,23.5294117647059,Americas,,,,,105.0,117.0,8.0,216.0
Grenada,2013,2420.59,,7424.80212287327,1.097,113487.0,23.5294117647059,Americas,,,,,112.0,103.0,6.0,213.0
Grenada,2014,2461.97,,7986.33421210788,0.956,114132.0,23.5294117647059,Americas,,,,,124.0,124.0,14.0,230.0
Grenada,2015,2511.53,,8694.12438005692,1.117,114676.0,23.5294117647059,Americas,,,,,135.0,144.0,25.0,251.0
Grenada,2016,2596.1,,9221.23461079424,1.206,115130.0,23.5294117647059,Americas,,,,,131.0,183.0,36.0,278.0
Grenada,2017,2602.03,,9751.42661155932,1.178,115438.0,23.5294117647059,Americas,,,,,118.0,165.0,32.0,268.0
Grenada,2018,2661.21,,10083.021279225,0.859,115691.0,23.5294117647059,Americas,,,,,119.0,179.0,33.0,262.0
Grenada,2019,2630.45,,10462.7929159533,1.09,115981.0,23.5294117647059,Americas,,,,,114.0,155.0,34.0,249.0
Grenada,2020,2687.43,,8968.55890108484,1.346,116341.0,23.5294117647059,Americas,,,,,97.0,147.0,27.0,217.0
Grenada,2021,2765.68,,9617.28902905373,1.023,116688.0,23.5294117647059,Americas,,,,,107.0,194.0,33.0,256.0
Grenada,2022,2771.53,,10469.3867012856,0.945,116913.0,23.5294117647059,Americas,,,,,103.0,156.0,31.0,247.0
Grenada,2023,2826.85,,11414.4781691181,1.219,117081.0,23.5294117647059,Americas,,,,,102.0,224.0,27.0,253.0
Guatemala,2010,2481.37,,2805.25960237322,0.783,14500112.0,40.287420679358,Americas,,,,,72096.0,5204.0,11025.0,67039.0
Guatemala,2011,2490.74,,3168.98370607705,0.53,14792126.0,40.0783874580067,Americas,,,,,69698.0,5310.0,10738.0,64720.0
Guatemala,2012,2489.99,,3286.61959336267,0.629,15089647.0,39.7760358342665,Americas,,,,,79619.0,5645.0,12544.0,72539.0
Guatemala,2013,2484.17,,3444.15802275864,0.735,15387337.0,39.408361328854,Americas,,,,,86698.0,5669.0,13880.0,78638.0
Guatemala,2014,2487.96,,3689.14510410202,0.748,15681725.0,39.9860022396417,Americas,,,,,100353.0,6319.0,14810.0,92604.0
Guatemala,2015,2526.26,,3893.50533299068,1.184,15971743.0,41.6573348264278,Americas,,,,,104908.0,6886.0,15535.0,95406.0
Guatemala,2016,2564.31,,4060.13784737643,1.472,16268760.0,41.9354236655468,Americas,,,,,105367.0,7061.0,16572.0,96586.0
Guatemala,2017,2606.19,,4324.99768915601,1.098,16567357.0,42.2135125046659,Americas,,,,,91523.0,7516.0,16196.0,82764.0
Guatemala,2018,2587.73,,4352.94593289707,0.893,16845685.0,42.491601343785,Americas,,,,,96696.0,7645.0,16211.0,88074.0
Guatemala,2019,2636.18,,4511.99839552697,1.405,17103803.0,42.7696901829041,Americas,,,,,99745.0,8642.0,17725.0,91312.0
Guatemala,2020,2713.45,,4477.61785000665,1.692,17357325.0,43.0384471817842,Americas,,,,,95605.0,9379.0,16928.0,87596.0
Guatemala,2021,2746.33,,4912.62240414681,1.421,17598650.0,43.0384471817842,Americas,,,,,93127.0,9867.0,16454.0,85797.0
Guatemala,2022,2781.25,,5358.70156997677,1.095,17847877.0,43.0384471817842,Americas,,,,,100178.0,10795.0,17290.0,91871.0
Guatemala,2023,2823.17,,5758.32760847852,1.769,18124838.0,43.0384471817842,Americas,,,,,96977.0,10837.0,16985.0,89854.0
Guinea,2010,2422.92,,659.235326211315,1.308,10396086.0,61.2889772912258,Africa,,,,,16474.0,1707.0,105.0,18623.0
Guinea,2011,2495.96,,636.694958747648,1.091,10656810.0,61.4914850236041,Africa,,,,,17162.0,1616.0,123.0,19026.0
Guinea,2012,2535.33,,699.353377212197,0.569,10921581.0,63.3314846166368,Africa,,,,,17970.0,2334.0,132.0,20038.0
Guinea,2013,2584.45,,748.455020824734,1.062,11191873.0,63.6899243040859,Africa,,,,,18661.0,2429.0,127.0,21203.0
Guinea,2014,2627.62,,765.146999389279,0.902,11472924.0,65.2257594009442,Africa,,,,,19167.0,4147.0,102.0,21256.0
Guinea,2015,2609.87,,747.356966759448,1.215,11767070.0,66.0886985186391,Africa,,,,,19852.0,3472.0,148.0,22685.0
Guinea,2016,2629.76,,711.996509782316,1.214,12073030.0,66.5092104834771,Africa,,,,,20574.0,4243.0,373.0,23343.0
Guinea,2017,2664.44,,833.598621691121,1.529,12385659.0,67.2847460524174,Africa,,,,,21843.0,3863.0,370.0,24577.0
Guinea,2018,2721.81,,933.273615633705,1.222,12704774.0,67.9785214878724,Africa,,,,,22707.0,4865.0,207.0,25959.0
Guinea,2019,2779.17,,1031.34146480732,1.438,13034346.0,67.9118492593196,Africa,,,,,24777.0,3918.0,224.0,28447.0
Guinea,2020,2824.06,,1053.66097696415,1.503,13371183.0,69.0970645450106,Africa,,,,,25200.0,4441.0,222.0,29601.0
Guinea,2021,2867.21,,1244.96550477914,1.776,13710513.0,70.5533212599707,Africa,,,,,26964.0,5340.0,240.0,31355.0
Guinea,2022,2901.29,,1416.59612011764,1.405,14055137.0,71.948919501872,Africa,,,,,29761.0,4943.0,297.0,33718.0
Guinea,2023,2947.55,,1555.49375806861,1.683,14405468.0,73.2292487384014,Africa,,,,,31135.0,5359.0,345.0,35021.0
Guinea-Bissau,2010,2267.44,,600.194298540768,1.373,1566347.0,26.5849928876245,Africa,,,,,1800.0,289.0,136.0,1830.0
Guinea-Bissau,2011,2235.16,,719.539573498937,1.141,1608076.0,26.8852773826458,Africa,,,,,1729.0,261.0,290.0,1814.0
Guinea-Bissau,2012,2224.03,,635.461653303881,0.869,1651417.0,27.1855618776671,Africa,,,,,1860.0,273.0,230.0,1890.0
Guinea-Bissau,2013,2193.87,,654.304534409417,1.173,1695973.0,27.4858463726885,Africa,,,,,1888.0,327.0,402.0,1895.0
Guinea-Bissau,2014,2042.22,,652.022501029449,1.27,1741122.0,27.7861308677098,Africa,,,,,1869.0,571.0,266.0,2168.0
Guinea-Bissau,2015,2169.82,,645.066837207039,1.266,1786457.0,28.0864153627312,Africa,,,,,1973.0,589.0,264.0,2283.0
Guinea-Bissau,2016,2325.9,,679.665386626818,1.625,1831893.0,28.2661948790896,Africa,,,,,2088.0,657.0,335.0,2414.0
Guinea-Bissau,2017,2603.11,,783.123186602022,1.731,1877072.0,28.2675711237553,Africa,,,,,2129.0,720.0,253.0,2602.0
Guinea-Bissau,2018,2668.33,,808.531613218504,1.176,1922168.0,28.8265931721195,Africa,,,,,2196.0,769.0,170.0,2789.0
Guinea-Bissau,2019,2513.94,,811.216425885129,1.497,1967696.0,29.0523897581792,Africa,,,,,2136.0,887.0,278.0,2753.0
Guinea-Bissau,2020,2694.48,,846.915855715971,1.798,2013255.0,29.3353982930299,Africa,,,,,2297.0,1047.0,300.0,3050.0
Guinea-Bissau,2021,2520.65,,926.780921081233,1.779,2058841.0,29.8490327169275,Africa,,,,,2387.0,746.0,244.0,2887.0
Guinea-Bissau,2022,2440.0,,883.199131457831,1.481,2105529.0,29.6239118065434,Africa,,,,,2441.0,755.0,318.0,2878.0
Guinea-Bissau,2023,2559.62,,988.087886357022,1.788,2153339.0,29.8908428165007,Africa,,,,,2473.0,833.0,187.0,3113.0
Guyana,2010,2603.2,,4581.76179693492,1.365,749256.0,3.65252730505461,Americas,,,,,8023.0,566.0,998.0,7685.0
Guyana,2011,2632.62,,4947.22170589917,1.051,746153.0,3.65252730505461,Americas,,,,,8964.0,497.0,1087.0,8602.0
Guyana,2012,2730.28,,5444.39751913913,1.136,746288.0,3.65252730505461,Americas,,,,,7991.0,616.0,1083.0,7755.0
Guyana,2013,2719.96,,5556.91231156932,1.084,750021.0,3.65252730505461,Americas,,,,,7770.0,533.0,1191.0,7093.0
Guyana,2014,2813.59,,5472.68820452237,1.285,754229.0,3.65252730505461,Americas,,,,,8440.0,545.0,1782.0,7427.0
Guyana,2015,2996.37,,5640.41560569466,1.764,758781.0,3.65252730505461,Americas,,,,,9053.0,589.0,1385.0,8044.0
Guyana,2016,2998.31,,5870.87823759835,1.943,763548.0,3.65252730505461,Americas,,,,,7669.0,579.0,1429.0,6854.0
Guyana,2017,3048.12,,6178.6650437298,1.451,768479.0,3.65252730505461,Americas,,,,,6862.0,577.0,1053.0,6141.0
Guyana,2018,3099.8,,6048.38697180418,1.272,791556.0,3.65252730505461,Americas,,,,,5738.0,623.0,733.0,5252.0
Guyana,2019,3068.34,,6405.82443444562,1.286,807665.0,3.65252730505461,Americas,,,,,5539.0,477.0,1125.0,4876.0
Guyana,2020,3109.42,,6775.70939096303,1.574,807481.0,3.40532348204982,Americas,,,,,5793.0,560.0,1979.0,5023.0
Guyana,2021,3153.66,,9860.87014834386,1.127,815482.0,3.41005967604433,Americas,,,,,6247.0,788.0,1496.0,5560.0
Guyana,2022,3238.88,,17913.4928066879,1.173,821637.0,3.41005967604433,Americas,,,,,6025.0,817.0,1276.0,5499.0
Guyana,2023,3318.06,,20473.7002190617,1.963,826353.0,3.41005967604433,Americas,,,,,5991.0,881.0,1422.0,5357.0
Haiti,2010,2160.59,,1209.72733503094,1.036,9803294.0,71.988388969521,Americas,,,,,10477.0,3310.0,28.0,13156.0
Haiti,2011,2153.9,,1312.03953552013,0.411,9914904.0,72.8955007256894,Americas,,,,,10831.0,2605.0,31.0,13439.0
Haiti,2012,2134.07,,1361.39396587374,0.675,10069771.0,73.4397677793904,Americas,,,,,10711.0,2743.0,31.0,13618.0
Haiti,2013,2163.98,,1457.83221179626,0.929,10222362.0,75.0362844702467,Americas,,,,,11844.0,2676.0,30.0,14331.0
Haiti,2014,2222.81,,1460.18898613914,1.233,10373235.0,75.0362844702467,Americas,,,,,12304.0,4106.0,36.0,15870.0
Haiti,2015,2224.2,,1411.12684746796,1.28,10523242.0,75.0362844702467,Americas,,,,,11803.0,4093.0,36.0,15583.0
Haiti,2016,2174.42,,1318.40268167953,1.22,10671457.0,75.0362844702467,Americas,,,,,11127.0,4144.0,32.0,14947.0
Haiti,2017,2183.03,,1395.23945184461,0.99,10817754.0,72.9317851959361,Americas,,,,,10852.0,4668.0,32.0,14821.0
Haiti,2018,2138.57,,1496.38048970156,1.166,10962362.0,72.3875181422351,Americas,,,,,10200.0,4294.0,25.0,14575.0
Haiti,2019,2123.91,,1352.17204191532,1.435,11105163.0,64.9492017416546,Americas,,,,,9799.0,4337.0,40.0,14409.0
Haiti,2020,2109.83,,1290.32538667383,1.466,11243848.0,64.9492017416546,Americas,,,,,9415.0,4678.0,43.0,14019.0
Haiti,2021,2089.54,,1841.33189337222,0.957,11374586.0,65.1306240928882,Americas,,,,,9698.0,4075.0,43.0,14042.0
Haiti,2022,1912.47,,1760.62635668777,0.973,11503606.0,65.1306240928882,Americas,,,,,9533.0,3599.0,35.0,13307.0
Haiti,2023,1958.81,,1705.75808460999,1.482,11637398.0,65.1306240928882,Americas,,,,,9449.0,4132.0,17.0,13624.0
Honduras,2010,2600.37,,1893.32722662035,0.651,8365878.0,29.207257127536,Americas,,,,,22286.0,3331.0,3579.0,22282.0
Honduras,2011,2624.56,,2073.66121088074,0.481,8540583.0,29.591563142372,Americas,,,,,22830.0,3946.0,3691.0,23179.0
Honduras,2012,2616.95,,2126.03474686503,0.499,8715076.0,30.0116185539369,Americas,,,,,24729.0,4198.0,4379.0,24833.0
Honduras,2013,2610.74,,2081.12843527945,0.746,8889278.0,30.1188667441237,Americas,,,,,24887.0,3920.0,4782.0,24151.0
Honduras,2014,2559.68,,2179.88171977271,0.549,9063122.0,30.1635534900349,Americas,,,,,24438.0,3785.0,5002.0,23331.0
Honduras,2015,2578.47,,2271.20265980349,1.028,9237305.0,30.1635534900349,Americas,,,,,24857.0,4429.0,5358.0,23596.0
Honduras,2016,2615.33,,2307.34468351082,1.188,9412380.0,30.6014835999643,Americas,,,,,26199.0,4665.0,5303.0,25585.0
Honduras,2017,2613.8,,2413.0076562942,0.853,9588137.0,31.1734739476271,Americas,,,,,27512.0,4667.0,5776.0,26830.0
Honduras,2018,2633.02,,2464.64241531918,0.642,9765210.0,31.361158280454,Americas,,,,,28202.0,6507.0,5616.0,28037.0
Honduras,2019,2637.19,,2502.32744328073,1.117,9943633.0,31.361158280454,Americas,,,,,27289.0,5582.0,5100.0,27864.0
Honduras,2020,2618.17,,2307.61494319511,1.541,10119640.0,31.6203414067388,Americas,,,,,26309.0,5120.0,5501.0,26612.0
Honduras,2021,2661.35,,2735.14751503977,0.981,10289877.0,31.9599606756636,Americas,,,,,24809.0,5614.0,4176.0,26638.0
Honduras,2022,2631.64,,3003.28996826399,0.709,10463872.0,31.9599606756636,Americas,,,,,26794.0,7618.0,5692.0,28542.0
Honduras,2023,2628.13,,3227.45762509776,1.453,10644851.0,31.9599606756636,Americas,,,,,26528.0,6739.0,5554.0,27610.0
"Hong Kong SAR, China",2010,3126.61,,32550.136489179,0.365,7024200.0,5.23809523809524,Asia,,,,,1077.0,19532.0,7582.0,13223.0
"Hong Kong SAR, China",2011,3144.4,,35142.4879344543,0.324,7071600.0,5.23809523809524,Asia,,,,,1058.0,21010.0,8338.0,13642.0
"Hong Kong SAR, China",2012,3098.51,,36730.796195815,0.53,7150100.0,4.85714285714286,Asia,,,,,1018.0,20571.0,7559.0,13825.0
"Hong Kong SAR, China",2013,3090.04,,38403.7777145477,0.769,7178900.0,4.85714285714286,Asia,,,,,1050.0,20748.0,8155.0,13495.0
"Hong Kong SAR, China",2014,3121.31,,40315.3739510191,0.677,7229500.0,4.85714285714286,Asia,,,,,997.0,22395.0,7683.0,14580.0
"Hong Kong SAR, China",2015,3068.13,,42432.1619740441,1.147,7291300.0,4.85714285714286,Asia,,,,,1007.0,21108.0,7155.0,14142.0
"Hong Kong SAR, China",2016,3105.71,,43734.1980702999,0.724,7336600.0,4.76190476190476,Asia,,,,,972.0,22341.0,7950.0,14342.0
"Hong Kong SAR, China",2017,3155.46,,46160.429791493,1.272,7393200.0,4.85714285714286,Asia,,,,,950.0,22527.0,8251.0,14460.0
"Hong Kong SAR, China",2018,3180.43,,48537.5668888343,1.079,7452600.0,4.76190476190476,Asia,,,,,923.0,21685.0,7987.0,14617.0
"Hong Kong SAR, China",2019,3194.04,,48359.0011950597,1.654,7507900.0,4.76190476190476,Asia,,,,,958.0,21100.0,6970.0,14749.0
"Hong Kong SAR, China",2020,3103.3,,46109.2299946609,1.741,7481000.0,3.80952380952381,Asia,,,,,960.0,18971.0,4661.0,14960.0
"Hong Kong SAR, China",2021,3045.8,,49770.5642374739,1.837,7413100.0,3.80952380952381,Asia,,,,,890.0,18311.0,4538.0,14560.0
"Hong Kong SAR, China",2022,2909.83,,48825.8441873536,1.238,7346100.0,3.80952380952381,Asia,,,,,926.0,15470.0,3708.0,13039.0
"Hong Kong SAR, China",2023,2827.73,,50562.3633144379,1.281,7536100.0,3.80952380952381,Asia,,,,,935.0,15716.0,3540.0,13194.0
Hungary,2010,3046.03,,13189.8433874768,0.817,10000023.0,59.0191096873964,Europe,,,,,42684.0,6708.0,23042.0,30892.0
Hungary,2011,3059.36,,14211.460557822,0.901,9971727.0,58.9528333149232,Europe,,,,,47733.0,7891.0,20981.0,31940.0
Hungary,2012,3004.39,,12950.1594488143,1.742,9920362.0,58.9638793770021,Europe,,,,,41192.0,7586.0,23266.0,31199.0
Hungary,2013,3027.5,,13739.4620151401,1.171,9872734.0,58.0691483486137,Europe,,,,,49238.0,7952.0,21350.0,32376.0
Hungary,2014,3071.63,,14352.501883174,2.221,9833038.0,57.6813499890423,Europe,,,,,57105.0,8830.0,22435.0,37569.0
Hungary,2015,3177.0,,12782.9412577973,2.069,9797755.0,57.6813499890423,Europe,,,,,51759.0,8715.0,25086.0,36618.0
Hungary,2016,3201.08,,13215.8605277789,1.896,9759755.0,57.8785886478194,Europe,,,,,59296.0,9441.0,23510.0,43640.0
Hungary,2017,3236.5,,14736.1668157258,1.341,9726756.0,58.1087004163927,Europe,,,,,54416.0,9318.0,28690.0,36857.0
Hungary,2018,3294.71,,16605.0570511887,2.527,9706964.0,58.031996493535,Europe,,,,,56296.0,9358.0,23063.0,41819.0
Hungary,2019,3309.82,,17012.8598553199,2.348,9694824.0,57.8347578347578,Europe,,,,,55569.0,10175.0,25279.0,43029.0
Hungary,2020,3369.22,,16386.9308821258,1.983,9670419.0,53.8754394039009,Europe,,,,,54581.0,10140.0,29150.0,40274.0
Hungary,2021,3420.12,,19030.628130329,1.429,9630932.0,55.2672430418584,Europe,,,,,50816.0,11473.0,26603.0,39014.0
Hungary,2022,3482.06,,18428.028825614,2.142,9605074.0,55.6214332675871,Europe,,,,,38364.0,16582.0,22511.0,37557.0
Hungary,2023,3549.11,,22230.6277875187,2.575,9592186.0,55.6985097523559,Europe,,,,,53705.0,13215.0,23311.0,40024.0
Iceland,2010,3311.26,,43776.4677400475,1.14,318041.0,18.6932668329177,Europe,,,,,2604.0,669.0,2357.0,927.0
Iceland,2011,3302.28,,48254.953927254,0.95,319014.0,18.6852867830424,Europe,,,,,2773.0,634.0,2454.0,968.0
Iceland,2012,3353.52,,46594.9869146614,0.674,320716.0,18.6753117206983,Europe,,,,,3409.0,638.0,2869.0,1152.0
Iceland,2013,3362.47,,50173.3360061057,0.662,323764.0,18.6753117206983,Europe,,,,,3234.0,643.0,2875.0,999.0
Iceland,2014,3399.07,,55140.364935793,1.582,327386.0,18.6753117206983,Europe,,,,,2616.0,718.0,2243.0,1092.0
Iceland,2015,3471.9,,53505.6964079339,0.339,330815.0,18.6733167082294,Europe,,,,,3123.0,828.0,2667.0,1241.0
Iceland,2016,3578.9,,62854.0906407932,1.333,335439.0,18.6733167082294,Europe,,,,,2663.0,797.0,2175.0,1232.0
Iceland,2017,3633.78,,72976.3729990975,1.617,343400.0,18.6733167082294,Europe,,,,,2911.0,859.0,2427.0,1231.0
Iceland,2018,3647.88,,75633.8651351915,0.746,352721.0,18.565903005058,Europe,,,,,3064.0,882.0,2681.0,1210.0
Iceland,2019,3683.31,,69296.3144361601,1.266,360563.0,18.565903005058,Europe,,,,,2377.0,835.0,2053.0,1164.0
Iceland,2020,3660.86,,60127.9393575616,0.711,366463.0,18.565903005058,Europe,,,,,2365.0,817.0,2056.0,1163.0
Iceland,2021,3643.28,,70425.4064277273,0.897,372520.0,18.565903005058,Europe,,,,,2347.0,851.0,2060.0,1164.0
Iceland,2022,3701.19,,76350.4550416502,1.244,382003.0,18.565903005058,Europe,,,,,2360.0,868.0,2066.0,1192.0
Iceland,2023,3681.06,,82138.7892973557,0.597,385663.0,16.2451651294258,Europe,,,,,2362.0,885.0,2055.0,1215.0
India,2010,2357.53,,1347.51939071367,1.2,1243481564.0,60.3974182611942,Asia,,,,,1980205.0,22396.0,34901.0,1980412.0
India,2011,2391.21,,1445.46127486037,0.415,1261224954.0,60.4300431523044,Asia,,,,,2170228.0,28093.0,52847.0,2136367.0
India,2012,2385.44,,1429.32199520032,0.559,1278674502.0,60.4206256579633,Asia,,,,,2247454.0,35885.0,81047.0,2204760.0
India,2013,2420.02,,1432.84397512195,0.482,1295829511.0,60.4394606466455,Asia,,,,,2260410.0,38572.0,89625.0,2222263.0
India,2014,2449.48,,1553.88396075118,0.57,1312277191.0,60.4495508191538,Asia,,,,,2313089.0,43159.0,81791.0,2282583.0
India,2015,2422.59,,1583.99815907985,0.775,1328024498.0,60.4317248477225,Asia,,,,,2298065.0,52570.0,67412.0,2286438.0
India,2016,2472.94,,1707.50892912243,1.171,1343944296.0,60.3990999566123,Asia,,,,,2308596.0,57054.0,64099.0,2319778.0
India,2017,2513.81,,1950.10468280866,1.075,1359657400.0,60.2840719900175,Asia,,,,,2309160.0,69311.0,69642.0,2294119.0
India,2018,2525.82,,1966.25455171679,0.986,1374659064.0,60.2437112999842,Asia,,,,,2557556.0,47587.0,71340.0,2486658.0
India,2019,2527.73,,2041.42863698585,0.903,1389030312.0,60.2198312250478,Asia,,,,,2618640.0,51359.0,69752.0,2571799.0
India,2020,2540.72,,1907.04251637669,0.619,1402617695.0,60.0459439188212,Asia,,,,,2611347.0,48513.0,94119.0,2550032.0
India,2021,2550.03,,2239.61384367482,0.838,1414203896.0,60.0507647678083,Asia,,,,,2772728.0,45616.0,138188.0,2675008.0
India,2022,2594.89,,2347.44829434623,0.867,1425423212.0,60.0555856504293,Asia,,,,,2915335.0,49059.0,150730.0,2814838.0
India,2023,2668.5,,2530.12031278204,0.948,1438069596.0,60.0604064994165,Asia,,,,,3075841.0,58356.0,111709.0,2970575.0
Indonesia,2010,2608.19,,3065.68348377765,0.755,246305322.0,26.568260667402,Asia,,,,,744987.0,40497.0,51905.0,725951.0
Indonesia,2011,2672.15,,3579.46442466152,0.3,249470032.0,27.0964207552627,Asia,,,,,771211.0,56831.0,53935.0,762162.0
Indonesia,2012,2709.96,,3632.27254030331,0.407,252698525.0,27.0919630640223,Asia,,,,,825585.0,55116.0,59464.0,809719.0
Indonesia,2013,2743.55,,3566.60284506078,0.75,255852467.0,27.3538142623324,Asia,,,,,860212.0,49733.0,64865.0,791543.0
Indonesia,2014,2818.11,,3441.06808464008,0.762,258877399.0,27.5091419048223,Asia,,,,,862080.0,52920.0,71323.0,850461.0
Indonesia,2015,2812.49,,3288.22269725538,0.78,261799249.0,27.6112077694021,Asia,,,,,881946.0,56356.0,78008.0,866788.0
Indonesia,2016,2887.21,,3521.46943457574,1.405,264627418.0,27.8730589677122,Asia,,,,,886428.0,64487.0,68858.0,878755.0
Indonesia,2017,2950.85,,3798.88326174526,0.949,267346658.0,27.7598939877572,Asia,,,,,1004866.0,59813.0,79549.0,986154.0
Indonesia,2018,2907.28,,3860.95353090726,0.87,269951846.0,28.411834447481,Asia,,,,,1015219.0,69297.0,83799.0,989729.0
Indonesia,2019,2898.94,,4106.94856160358,1.033,272489381.0,28.7503293442037,Asia,,,,,1034167.0,64115.0,82420.0,1011389.0
Indonesia,2020,2880.21,,3853.70288774146,1.225,274814866.0,28.9649906072855,Asia,,,,,1034952.0,61226.0,82458.0,1014611.0
Indonesia,2021,2868.96,,4287.17313995098,1.007,276758053.0,28.9558492042508,Asia,,,,,1067722.0,63752.0,86047.0,1041686.0
Indonesia,2022,2906.76,,4730.83484836107,0.97,278830529.0,29.0073830174182,Asia,,,,,1039061.0,64079.0,82955.0,1026450.0
Indonesia,2023,2900.3,,4876.30774512252,1.093,281190067.0,29.1258057551148,Asia,,,,,1032698.0,69165.0,87713.0,1013514.0
"Iran, Islamic Rep.",2010,2865.74,,6291.19443655454,2.151,77420842.0,28.5735160490189,Asia,,,,,154863.0,34025.0,9845.0,179222.0
"Iran, Islamic Rep.",2011,2778.66,,8025.68743364356,1.28,78383598.0,28.4833861342371,Asia,,,,,150968.0,25122.0,7834.0,175388.0
"Iran, Islamic Rep.",2012,2873.35,,8114.08099831877,1.036,79370580.0,28.3932562194553,Asia,,,,,152142.0,37028.0,7119.0,178292.0
"Iran, Islamic Rep.",2013,2909.91,,6222.74194840326,1.605,80414686.0,28.2141015250866,Asia,,,,,158525.0,35830.0,5981.0,180958.0
"Iran, Islamic Rep.",2014,2934.64,,5672.06372896319,1.02,81502045.0,28.2141015250866,Asia,,,,,163507.0,44658.0,12390.0,186726.0
"Iran, Islamic Rep.",2015,2913.01,,4952.73355532178,1.8,82619362.0,28.2141015250866,Asia,,,,,166005.0,36549.0,8978.0,188977.0
"Iran, Islamic Rep.",2016,2925.94,,5710.59947089104,1.615,83812228.0,28.2141015250866,Asia,,,,,174116.0,33821.0,13106.0,191773.0
"Iran, Islamic Rep.",2017,2858.73,,6000.93346404409,1.688,85026754.0,28.6194144838213,Asia,,,,,161756.0,37999.0,13581.0,185445.0
"Iran, Islamic Rep.",2018,2828.57,,4783.01067340237,1.997,86117998.0,28.9152542372881,Asia,,,,,157547.0,41825.0,10976.0,183511.0
"Iran, Islamic Rep.",2019,2901.18,,3997.4935449585,1.512,87051648.0,28.9602465331279,Asia,,,,,162968.0,40891.0,9170.0,189759.0
"Iran, Islamic Rep.",2020,2904.7,,3202.50003502169,1.261,87723443.0,28.9848998459168,Asia,,,,,148465.0,45295.0,10002.0,189714.0
"Iran, Islamic Rep.",2021,2865.77,,4605.14881318992,2.075,88455488.0,29.008936825886,Asia,,,,,145811.0,32916.0,9675.0,176546.0
"Iran, Islamic Rep.",2022,2882.49,,4721.20437099984,2.276,89524246.0,29.008936825886,Asia,,,,,151565.0,51231.0,15944.0,178845.0
"Iran, Islamic Rep.",2023,2875.16,,5049.29931642754,2.148,90608707.0,29.008936825886,Asia,,,,,155350.0,30541.0,6437.0,174504.0
Iraq,2010,2614.75,,4461.75196161555,2.625,31045366.0,18.9231442254559,Asia,,,,,19564.0,17808.0,131.0,36811.0
Iraq,2011,2618.15,,5775.54229080293,0.829,32161424.0,19.6313777859643,Asia,,,,,20867.0,18638.0,282.0,37729.0
Iraq,2012,2577.48,,6477.59618450955,1.222,33654842.0,19.7276201878799,Asia,,,,,21598.0,19550.0,357.0,39088.0
Iraq,2013,2595.81,,6650.35282247395,1.204,35281989.0,20.4671202963181,Asia,,,,,25792.0,19229.0,292.0,42519.0
Iraq,2014,2591.61,,6249.39226978969,1.148,36550059.0,21.5010319537095,Asia,,,,,24775.0,18774.0,724.0,41468.0
Iraq,2015,2581.89,,4440.14189252367,1.921,37560535.0,21.364205948476,Asia,,,,,12817.0,22947.0,594.0,37733.0
Iraq,2016,2603.62,,4334.42096404188,1.683,38469627.0,21.4745420705414,Asia,,,,,13637.0,26411.0,644.0,39685.0
Iraq,2017,2624.16,,4759.2846435467,1.563,39337353.0,21.5116279069767,Asia,,,,,13032.0,31472.0,535.0,42182.0
Iraq,2018,2657.28,,5646.68932074742,2.396,40265624.0,21.60422732466,Asia,,,,,11655.0,36920.0,584.0,46776.0
Iraq,2019,2685.04,,5671.8568632942,1.756,41192171.0,21.7695160435814,Asia,,,,,22400.0,30378.0,628.0,49188.0
Iraq,2020,2702.97,,4295.18945121228,1.954,42116605.0,21.7755050330546,Asia,,,,,28162.0,27459.0,529.0,54099.0
Iraq,2021,2697.06,,4868.49431080783,2.66,43071211.0,21.8439177204985,Asia,,,,,20513.0,29591.0,703.0,52161.0
Iraq,2022,2703.57,,6520.73154560584,2.22,44070551.0,21.7784995277912,Asia,,,,,19958.0,35945.0,649.0,55809.0
Iraq,2023,2763.82,,5965.31835077761,2.09,45074049.0,21.8307880128072,Asia,,,,,21043.0,35582.0,885.0,53495.0
Ireland,2010,3604.51,,48623.9666422487,-0.139,4560155.0,66.3086079256786,Europe,,,,,16391.0,14233.0,8530.0,22111.0
Ireland,2011,3656.2,,52613.8540355689,0.524,4580084.0,66.1199012919147,Europe,,,,,17473.0,13229.0,9254.0,21606.0
Ireland,2012,3659.18,,49335.8408099555,0.682,4599533.0,65.8005516040064,Europe,,,,,16229.0,15340.0,9344.0,22400.0
Ireland,2013,3677.82,,52537.6108648692,0.563,4623816.0,64.9876614893308,Europe,,,,,17321.0,16452.0,9087.0,24301.0
Ireland,2014,3686.95,,57214.5379785709,1.357,4657740.0,64.8279866453767,Europe,,,,,18368.0,17238.0,10750.0,24153.0
Ireland,2015,3762.43,,64250.1385181257,0.43,4701957.0,64.3054144287995,Europe,,,,,19170.0,17981.0,11888.0,24097.0
Ireland,2016,3814.63,,64129.5571542383,1.034,4762722.0,64.7554071708521,Europe,,,,,18887.0,18996.0,11342.0,25216.0
Ireland,2017,3947.62,,72161.4047531385,1.262,4827445.0,65.1618522281899,Europe,,,,,20204.0,20222.0,12230.0,26854.0
Ireland,2018,3931.02,,80804.1123164826,0.778,4898022.0,65.5537813906227,Europe,,,,,19174.0,24201.0,11893.0,30750.0
Ireland,2019,3966.57,,81827.6688873996,1.193,4976456.0,65.6699085498621,Europe,,,,,20245.0,22107.0,12899.0,27192.0
Ireland,2020,3918.35,,86514.0706108754,1.071,5039747.0,65.495717811003,Europe,,,,,19618.0,21572.0,12802.0,28316.0
Ireland,2021,3886.1,,103783.446284479,1.012,5110585.0,62.9554362026419,Europe,,,,,20597.0,19474.0,12110.0,29009.0
Ireland,2022,3947.21,,105190.685952731,1.752,5212836.0,63.115111046596,Europe,,,,,21843.0,23377.0,12511.0,33082.0
Ireland,2023,3920.92,,106818.917130804,1.609,5311538.0,60.8070837567136,Europe,,,,,20103.0,22965.0,12589.0,31334.0
Israel,2010,3603.45,,31439.0887027614,2.369,7623600.0,23.3133086876155,Asia,,,,,11367.0,12491.0,3017.0,20268.0
Israel,2011,3605.09,,34522.5215979073,0.589,7765800.0,23.8909426987061,Asia,,,,,11667.0,12565.0,3471.0,20906.0
Israel,2012,3605.12,,33321.4300881602,1.039,7910500.0,24.3160813308688,Asia,,,,,12007.0,14336.0,3297.0,22996.0
Israel,2013,3611.65,,37034.3161080785,1.124,8059500.0,24.043438077634,Asia,,,,,12077.0,14904.0,3396.0,23686.0
Israel,2014,3669.02,,38343.3046626235,0.919,8215700.0,24.8475046210721,Asia,,,,,12241.0,15912.0,3040.0,24348.0
Israel,2015,3660.71,,36213.1041481958,1.401,8380100.0,24.6719038817006,Asia,,,,,11849.0,15335.0,3044.0,24435.0
Israel,2016,3704.86,,37671.5389138798,1.701,8546000.0,25.5083179297597,Asia,,,,,12114.0,15870.0,2723.0,24930.0
Israel,2017,3738.66,,41138.470964272,0.831,8713300.0,29.7597042513863,Asia,,,,,11785.0,15099.0,2751.0,23642.0
Israel,2018,3678.0,,42362.6652754196,2.061,8882800.0,29.6349353049908,Asia,,,,,11514.0,13596.0,2437.0,23241.0
Israel,2019,3754.5,,44250.6313628073,1.211,9054000.0,29.5009242144177,Asia,,,,,11505.0,16550.0,2732.0,24539.0
Israel,2020,3789.31,,44575.5719045492,1.437,9215100.0,25.0369685767098,Asia,,,,,11653.0,18200.0,2877.0,26405.0
Israel,2021,3842.17,,52270.9040241956,1.778,9371400.0,24.9075785582255,Asia,,,,,11782.0,19867.0,2678.0,28076.0
Israel,2022,3916.81,,54949.621556429,1.018,9557500.0,24.7042513863216,Asia,,,,,11920.0,19235.0,2567.0,27988.0
Israel,2023,3753.9,,52003.7200729997,1.851,9849000.0,24.8012939001848,Asia,,,,,11796.0,14187.0,2449.0,23783.0
Italy,2010,3656.08,,35856.8625485539,0.699,59819407.0,48.45088902265,Europe,,,,,161477.0,80194.0,47543.0,192895.0
Italy,2011,3648.85,,38432.3742820019,1.189,60026841.0,46.8439526846523,Europe,,,,,161101.0,81670.0,49121.0,191751.0
Italy,2012,3641.43,,34854.3949441965,1.488,60191247.0,46.4259869199711,Europe,,,,,150524.0,76409.0,47798.0,185190.0
Italy,2013,3639.77,,35701.6746002376,0.962,60311613.0,46.0912085162215,Europe,,,,,152071.0,80203.0,47767.0,187691.0
Italy,2014,3514.61,,36028.3494022349,1.581,60320707.0,44.5086196984965,Europe,,,,,152582.0,87306.0,48114.0,187674.0
Italy,2015,3521.33,,30639.8829751432,1.654,60229605.0,43.7748124902779,Europe,,,,,154934.0,85232.0,49805.0,185250.0
Italy,2016,3522.03,,31391.5692898108,1.664,60115223.0,43.3250596852407,Europe,,,,,154764.0,88385.0,51780.0,183591.0
Italy,2017,3530.86,,32844.115660604,1.57,60002252.0,43.3743295977925,Europe,,,,,147002.0,90607.0,52934.0,183270.0
Italy,2018,3527.79,,34904.1081923834,1.82,59877221.0,41.948748469826,Europe,,,,,151053.0,93017.0,51474.0,188066.0
Italy,2019,3623.81,,33812.788724868,1.637,59729081.0,44.3699956377212,Europe,,,,,144971.0,95281.0,52163.0,185960.0
Italy,2020,3662.34,,32091.4866621366,1.847,59438851.0,42.332263616904,Europe,,,,,148950.0,96040.0,57834.0,185826.0
Italy,2021,3689.83,,36852.5425414951,1.532,59133173.0,41.9422315930434,Europe,,,,,147198.0,95296.0,58282.0,184627.0
Italy,2022,3709.26,,35653.9042103495,2.112,59013667.0,43.9631475720276,Europe,,,,,141413.0,100529.0,60189.0,183853.0
Italy,2023,3752.66,,39277.0838783918,2.244,58984216.0,44.2565839307453,Europe,,,,,140387.0,103339.0,58606.0,182818.0
Jamaica,2010,2746.86,,4809.977380312,1.284,2748568.0,38.9012003693444,Americas,,,,,5623.0,2590.0,655.0,7729.0
Jamaica,2011,2764.79,,5232.63644918132,0.526,2760494.0,38.8273314866113,Americas,,,,,6077.0,2583.0,685.0,8113.0
Jamaica,2012,2761.05,,5340.83333232158,0.659,2772430.0,38.7626962142198,Americas,,,,,6030.0,2960.0,911.0,8228.0
Jamaica,2013,2804.66,,5124.21301411137,0.924,2783687.0,38.6703601108033,Americas,,,,,5838.0,3027.0,586.0,8301.0
Jamaica,2014,2791.35,,4975.11325459872,1.147,2793749.0,38.5872576177285,Americas,,,,,7031.0,2435.0,359.0,9267.0
Jamaica,2015,2822.52,,5339.30718256806,1.219,2802534.0,38.5041551246537,Americas,,,,,6593.0,2364.0,292.0,8591.0
Jamaica,2016,2772.49,,5302.29553353854,1.369,2809915.0,38.5041551246537,Americas,,,,,5807.0,3088.0,299.0,8486.0
Jamaica,2017,2850.57,,5605.43541173019,1.05,2815764.0,38.5041551246537,Americas,,,,,5765.0,3036.0,358.0,8266.0
Jamaica,2018,2880.9,,5976.90362644337,1.23,2820097.0,38.5041551246537,Americas,,,,,5199.0,2987.0,342.0,7731.0
Jamaica,2019,2906.29,,6030.68896415921,1.547,2823271.0,38.5041551246537,Americas,,,,,4640.0,3187.0,318.0,7325.0
Jamaica,2020,2829.79,,5299.04530804283,1.645,2830739.0,38.5041551246537,Americas,,,,,4111.0,2882.0,312.0,6552.0
Jamaica,2021,2862.18,,5625.67806271236,1.289,2837682.0,38.5041551246537,Americas,,,,,4122.0,3086.0,348.0,6773.0
Jamaica,2022,2915.25,,6626.47502388538,1.162,2839144.0,38.5041551246537,Americas,,,,,4382.0,3523.0,329.0,7425.0
Jamaica,2023,2892.06,,7542.40084275345,1.618,2839786.0,38.5041551246537,Americas,,,,,4131.0,3463.0,322.0,7162.0
Jordan,2010,2701.92,,3718.46571622945,2.603,7297043.0,11.2897048884884,Asia,,,,,5591.0,7488.0,2266.0,11170.0
Jordan,2011,2662.06,,3946.85503855525,0.509,7480424.0,11.2930840279342,Asia,,,,,5903.0,8732.0,2470.0,11773.0
Jordan,2012,2690.64,,4169.50470054618,1.068,7587127.0,11.769542689795,Asia,,,,,5533.0,9625.0,2535.0,12244.0
Jordan,2013,2709.93,,4311.21916713038,1.004,7991809.0,11.901329128182,Asia,,,,,5725.0,9862.0,2949.0,13051.0
Jordan,2014,2786.76,,4191.18050084986,0.796,8791710.0,11.9846812345123,Asia,,,,,6001.0,12593.0,2755.0,15188.0
Jordan,2015,2791.67,,4042.75678097555,1.445,9544729.0,11.8979499887362,Asia,,,,,6609.0,11698.0,2493.0,15630.0
Jordan,2016,2754.3,,3986.71677010853,1.642,10006367.0,12.0067582788916,Asia,,,,,7108.0,12592.0,2025.0,18029.0
Jordan,2017,2719.21,,4065.61628749384,0.949,10234226.0,11.3426447398063,Asia,,,,,5844.0,13145.0,1848.0,17522.0
Jordan,2018,2641.07,,4145.43989673265,1.978,10462306.0,11.5093489524668,Asia,,,,,6133.0,12133.0,2572.0,16057.0
Jordan,2019,2593.93,,4170.1144003465,1.264,10671891.0,11.6730860193256,Asia,,,,,6056.0,11463.0,1856.0,16200.0
Jordan,2020,2596.32,,4022.0401356135,1.59,10865228.0,11.5886208527603,Asia,,,,,5893.0,11941.0,1826.0,15903.0
Jordan,2021,2552.68,,4183.49998326866,1.901,11066356.0,11.5210487195081,Asia,,,,,6600.0,12176.0,1966.0,17045.0
Jordan,2022,2609.38,,4332.25159897931,1.276,11256263.0,11.7462891636822,Asia,,,,,7365.0,11708.0,1425.0,17849.0
Jordan,2023,2555.98,,4466.08314208575,1.779,11439213.0,11.5323107417168,Asia,,,,,7541.0,10840.0,1873.0,17673.0
Kazakhstan,2010,2768.2,,8793.07589980782,1.295,16836810.0,80.4392339889617,Asia,,,,,43410.0,5741.0,17824.0,42217.0
Kazakhstan,2011,2870.93,,11287.1464926039,0.724,17066002.0,80.3750416712968,Asia,,,,,75151.0,8094.0,12870.0,52315.0
Kazakhstan,2012,2864.9,,12018.7966527993,1.136,17306106.0,80.3837833833389,Asia,,,,,47932.0,8817.0,23160.0,47796.0
Kazakhstan,2013,2883.07,,13478.459627612,1.599,17556502.0,80.3771159758492,Asia,,,,,60343.0,9618.0,17031.0,49783.0
Kazakhstan,2014,2884.83,,12427.7094576939,0.663,17816285.0,80.304996851502,Asia,,,,,59457.0,9611.0,17021.0,46944.0
Kazakhstan,2015,2875.59,,10196.1226255982,1.585,18084169.0,80.1050857502685,Asia,,,,,63332.0,9103.0,15686.0,48378.0
Kazakhstan,2016,2900.37,,7475.56688689424,2.214,18363600.0,80.0985665073897,Asia,,,,,69466.0,8402.0,19449.0,50545.0
Kazakhstan,2017,2986.28,,8943.08416791984,1.742,18651931.0,80.088046820017,Asia,,,,,71550.0,8721.0,20705.0,51655.0
Kazakhstan,2018,3080.38,,9472.48527327758,0.631,18932727.0,80.0222617327851,Asia,,,,,73423.0,9576.0,27431.0,54060.0
Kazakhstan,2019,3059.13,,9457.12614657136,1.473,19209555.0,79.2585472459903,Asia,,,,,68794.0,10251.0,24629.0,55635.0
Kazakhstan,2020,3078.01,,8781.50797787648,2.832,19482117.0,79.3233322220988,Asia,,,,,75023.0,12800.0,21797.0,58458.0
Kazakhstan,2021,3103.08,,9983.60103576902,1.438,19743603.0,79.3664851650183,Asia,,,,,68077.0,14375.0,21559.0,58363.0
Kazakhstan,2022,3161.89,,11255.3396437881,2.696,20034609.0,79.3664851650183,Asia,,,,,81058.0,15857.0,25761.0,61559.0
Kazakhstan,2023,3135.92,,12879.4275257974,2.631,20330104.0,79.3664851650183,Asia,,,,,70073.0,20556.0,30406.0,61171.0
Kenya,2010,2178.21,,1091.51873101194,1.146,41598567.0,48.11958182521,Africa,,,,,52075.0,6166.0,2413.0,56349.0
Kenya,2011,2185.37,,1096.14499807675,1.072,42758461.0,49.0740895034614,Africa,,,,,48954.0,10086.0,1983.0,57216.0
Kenya,2012,2208.06,,1285.00536171512,0.942,43888303.0,49.6703443792388,Africa,,,,,53958.0,9253.0,1704.0,61613.0
Kenya,2013,2233.44,,1370.87885214659,0.846,44986791.0,49.7928697684225,Africa,,,,,56243.0,7068.0,2805.0,60313.0
Kenya,2014,2230.33,,1482.81566253497,0.93,46051440.0,49.747157992761,Africa,,,,,53757.0,9771.0,2157.0,61763.0
Kenya,2015,2236.16,,1489.11959777284,1.148,47088526.0,49.5619679036477,Africa,,,,,57156.0,10507.0,2061.0,64152.0
Kenya,2016,2174.69,,1554.12610314423,1.15,48139687.0,49.6614869747445,Africa,,,,,53469.0,10896.0,2176.0,63214.0
Kenya,2017,2192.95,,1667.48447230835,1.393,49197766.0,48.9288901383398,Africa,,,,,49913.0,16079.0,2899.0,60378.0
Kenya,2018,2226.6,,1836.45275528993,0.505,50207107.0,49.5521664949056,Africa,,,,,54912.0,11978.0,3348.0,62883.0
Kenya,2019,2289.89,,1960.40808854893,1.467,51202827.0,49.5174851803854,Africa,,,,,55583.0,11940.0,2856.0,65137.0
Kenya,2020,2256.39,,1927.66459027849,1.17,52217334.0,49.3892110936528,Africa,,,,,67645.0,12479.0,3483.0,75692.0
Kenya,2021,2162.74,,2061.35622089594,1.232,53219166.0,49.4013975092459,Africa,,,,,66832.0,13042.0,3405.0,77212.0
Kenya,2022,2137.61,,2109.56288513137,1.233,54252461.0,49.4830453575056,Africa,,,,,68533.0,12926.0,3241.0,78886.0
Kenya,2023,2146.01,,1942.58802756191,1.413,55339003.0,49.5263223856783,Africa,,,,,67486.0,13925.0,3815.0,75246.0
Kiribati,2010,2938.53,,1522.10068744154,0.331,108704.0,41.9753086419753,Oceania,,,,,463.0,60.0,106.0,418.0
Kiribati,2011,2988.43,,1771.12926848792,0.347,110647.0,41.9753086419753,Oceania,,,,,506.0,71.0,128.0,441.0
Kiribati,2012,3021.1,,1843.55336349889,0.447,112284.0,41.9753086419753,Oceania,,,,,550.0,64.0,148.0,466.0
Kiribati,2013,3018.58,,1772.08718317132,0.646,113838.0,41.9753086419753,Oceania,,,,,553.0,58.0,140.0,474.0
Kiribati,2014,3066.76,,1736.70535682101,0.786,115326.0,41.9753086419753,Oceania,,,,,622.0,70.0,203.0,485.0
Kiribati,2015,3108.93,,1639.85274740652,0.921,116815.0,41.9753086419753,Oceania,,,,,681.0,71.0,246.0,516.0
Kiribati,2016,3096.93,,1742.66799324117,1.248,118478.0,41.9753086419753,Oceania,,,,,738.0,113.0,294.0,551.0
Kiribati,2017,3066.99,,1853.05122713319,1.06,120275.0,41.9753086419753,Oceania,,,,,711.0,74.0,316.0,471.0
Kiribati,2018,3095.68,,1912.73809378187,0.966,122084.0,41.9753086419753,Oceania,,,,,742.0,61.0,288.0,489.0
Kiribati,2019,3131.79,,1750.9977188915,0.968,123921.0,41.9753086419753,Oceania,,,,,856.0,78.0,338.0,627.0
Kiribati,2020,3091.46,,1751.78249168214,1.177,126099.0,41.9753086419753,Oceania,,,,,854.0,92.0,318.0,611.0
Kiribati,2021,3120.95,,2222.04819501897,0.791,128377.0,41.9753086419753,Oceania,,,,,852.0,110.0,332.0,622.0
Kiribati,2022,3076.6,,2069.7671726925,0.741,130469.0,41.9753086419753,Oceania,,,,,869.0,78.0,330.0,621.0
Kiribati,2023,3125.69,,2177.70125812262,1.254,132530.0,41.9753086419753,Oceania,,,,,885.0,83.0,316.0,641.0
"Korea, Dem. People's Rep.",2010,2053.57,,,0.45,24987258.0,22.2015447221992,Asia,,,,,27828.0,1415.0,153.0,31236.0
"Korea, Dem. People's Rep.",2011,2063.82,,,0.586,25097874.0,21.8594801096254,Asia,,,,,27995.0,1641.0,166.0,31085.0
"Korea, Dem. People's Rep.",2012,2071.1,,,0.48,25211728.0,21.8528361431775,Asia,,,,,28668.0,2178.0,171.0,31492.0
"Korea, Dem. People's Rep.",2013,2050.37,,,0.376,25329451.0,21.8528361431775,Asia,,,,,29370.0,2170.0,168.0,31117.0
"Korea, Dem. People's Rep.",2014,2071.99,,,1.675,25451262.0,21.8349223486421,Asia,,,,,29130.0,2676.0,299.0,31397.0
"Korea, Dem. People's Rep.",2015,2043.15,,,1.401,25575350.0,21.8469645378291,Asia,,,,,28056.0,2742.0,230.0,31080.0
"Korea, Dem. People's Rep.",2016,2027.67,,,1.621,25698326.0,21.6178058300806,Asia,,,,,27323.0,2760.0,231.0,30765.0
"Korea, Dem. People's Rep.",2017,2040.98,,,1.807,25817709.0,21.5679760817208,Asia,,,,,26155.0,3012.0,346.0,30286.0
"Korea, Dem. People's Rep.",2018,1981.11,,,1.086,25931147.0,21.5762810397807,Asia,,,,,25467.0,3076.0,85.0,29944.0
"Korea, Rep.",2010,3330.57,,24071.2620526362,0.524,49554112.0,18.2407407407407,Asia,,,,,64633.0,59382.0,5646.0,120762.0
"Korea, Rep.",2011,3335.28,,26175.2398553363,0.326,49936638.0,18.068731350962,Asia,,,,,64989.0,61442.0,5565.0,123897.0
"Korea, Rep.",2012,3290.06,,26600.5477433903,0.412,50199853.0,18.3742678039256,Asia,,,,,64112.0,65079.0,5923.0,124708.0
"Korea, Rep.",2013,3295.61,,28449.3591104972,0.545,50428893.0,18.154291462238,Asia,,,,,65705.0,63524.0,5974.0,123137.0
"Korea, Rep.",2014,3328.53,,30667.0912467447,1.081,50746659.0,17.9441650415683,Asia,,,,,69067.0,65599.0,6258.0,129255.0
"Korea, Rep.",2015,3326.01,,30171.7906545222,1.035,51014947.0,17.815177792601,Asia,,,,,66744.0,65942.0,6364.0,126376.0
"Korea, Rep.",2016,3325.36,,30832.0628072516,1.722,51217803.0,17.4460708387613,Asia,,,,,65595.0,66199.0,6353.0,125753.0
"Korea, Rep.",2017,3377.96,,33296.9845439195,1.535,51361911.0,17.1951594708235,Asia,,,,,66254.0,66750.0,6111.0,126599.0
"Korea, Rep.",2018,3388.47,,35363.9508228687,1.04,51585058.0,16.9401148482363,Asia,,,,,66977.0,67880.0,6585.0,129185.0
"Korea, Rep.",2019,3383.88,,33826.9443301597,1.604,51764822.0,16.7725409836066,Asia,,,,,65897.0,69537.0,7020.0,128019.0
"Korea, Rep.",2020,3374.51,,33645.7719545073,1.592,51836239.0,16.608606557377,Asia,,,,,64287.0,71054.0,6892.0,128836.0
"Korea, Rep.",2021,3409.02,,37518.4635305697,1.793,51769539.0,16.4241803278689,Asia,,,,,65112.0,73774.0,7368.0,130913.0
"Korea, Rep.",2022,3428.97,,34822.4048404971,1.636,51672569.0,16.2295081967213,Asia,,,,,64954.0,74576.0,7310.0,132268.0
"Korea, Rep.",2023,3430.35,,35674.095995632,1.744,51712619.0,16.0655737704918,Asia,,,,,63445.0,71471.0,6344.0,130815.0
Kuwait,2010,3548.12,,39212.252220155,2.395,2943372.0,8.5297418630752,Asia,,,,,1165.0,5047.0,367.0,5961.0
Kuwait,2011,3584.68,,49169.6063813095,1.179,3132814.0,8.55780022446689,Asia,,,,,1410.0,5547.0,396.0,6571.0
Kuwait,2012,3551.64,,52155.2225833921,1.402,3337109.0,8.5297418630752,Asia,,,,,1319.0,5490.0,307.0,6709.0
Kuwait,2013,3589.57,,49651.0439275077,1.301,3507844.0,8.61952861952862,Asia,,,,,1575.0,8145.0,767.0,8674.0
Kuwait,2014,3545.54,,44368.7813457751,1.454,3665876.0,8.53535353535353,Asia,,,,,1440.0,9221.0,1083.0,8848.0
Kuwait,2015,3542.33,,29882.2126495698,2.097,3834574.0,8.38383838383838,Asia,,,,,1353.0,8959.0,1315.0,8849.0
Kuwait,2016,3447.78,,27323.6890735517,1.731,4004096.0,8.41750841750842,Asia,,,,,1297.0,8680.0,1208.0,8532.0
Kuwait,2017,3413.71,,29047.6536135703,2.014,4154812.0,8.49607182940516,Asia,,,,,1441.0,9477.0,1632.0,9040.0
Kuwait,2018,3417.35,,32067.9623756889,2.395,4323515.0,8.41750841750842,Asia,,,,,1375.0,9364.0,1632.0,9192.0
Kuwait,2019,3460.64,,31707.8737443551,1.924,4442316.0,8.41750841750842,Asia,,,,,1727.0,10503.0,833.0,10821.0
Kuwait,2020,3444.94,,25236.0755848941,2.028,4400267.0,8.41750841750842,Asia,,,,,1696.0,9518.0,954.0,9994.0
Kuwait,2021,3409.35,,34018.6342592913,2.726,4360865.0,8.41750841750842,Asia,,,,,1569.0,8479.0,955.0,9181.0
Kuwait,2022,3199.95,,39981.7691035833,2.32,4589643.0,8.41750841750842,Asia,,,,,1313.0,8786.0,1018.0,9216.0
Kuwait,2023,3135.58,,34075.849012909,2.108,4853420.0,8.41750841750842,Asia,,,,,1414.0,8203.0,964.0,8753.0
Kyrgyz Republic,2010,2670.92,,876.954476440354,1.406,5467059.0,55.3279457768509,Asia,,,,,10848.0,1907.0,859.0,12396.0
Kyrgyz Republic,2011,2693.58,,1117.40174350185,1.265,5546587.0,55.3102189781022,Asia,,,,,11090.0,2083.0,898.0,12190.0
Kyrgyz Republic,2012,2706.1,,1168.62244675446,0.323,5652076.0,55.2205422314911,Asia,,,,,10713.0,2403.0,740.0,12854.0
Kyrgyz Republic,2013,2696.51,,1269.66303464348,1.404,5777150.0,55.0401459854015,Asia,,,,,12001.0,2277.0,649.0,13486.0
Kyrgyz Republic,2014,2679.02,,1264.52668823891,0.499,5905848.0,55.0422314911366,Asia,,,,,11294.0,2301.0,482.0,13147.0
Kyrgyz Republic,2015,2683.53,,1105.65193844261,1.472,6040036.0,55.0375391032325,Asia,,,,,12753.0,1796.0,490.0,13668.0
Kyrgyz Republic,2016,2638.87,,1103.27489428412,1.851,6175338.0,54.958811261731,Asia,,,,,13968.0,1400.0,317.0,14633.0
Kyrgyz Republic,2017,2685.92,,1221.39046807082,1.439,6306696.0,54.9535974973931,Asia,,,,,14194.0,2154.0,504.0,15956.0
Kyrgyz Republic,2018,2714.06,,1283.5203037417,1.248,6444079.0,54.0709071949948,Asia,,,,,14573.0,1762.0,454.0,15988.0
Kyrgyz Republic,2019,2690.36,,1421.99927504102,1.666,6590211.0,54.0583941605839,Asia,,,,,14444.0,2513.0,664.0,15925.0
Kyrgyz Republic,2020,2635.07,,1229.51766602907,1.452,6726596.0,54.0552659019812,Asia,,,,,13842.0,2295.0,835.0,15073.0
Kyrgyz Republic,2021,2595.65,,1349.99730650542,1.4,6851224.0,54.0464025026069,Asia,,,,,12441.0,2633.0,809.0,14784.0
Kyrgyz Republic,2022,2720.61,,1739.72018344174,2.605,6975220.0,55.2526068821689,Asia,,,,,14062.0,3210.0,902.0,16027.0
Kyrgyz Republic,2023,2763.23,,2138.22210211478,2.087,7099750.0,54.0085714285714,Asia,,,,,14058.0,3657.0,793.0,16907.0
Lao PDR,2010,2887.06,,1125.91610151261,1.262,6334194.0,9.50389948006932,Asia,,,,,17005.0,595.0,554.0,18070.0
Lao PDR,2011,2971.81,,1361.54704394913,0.041,6426590.0,9.61785095320624,Asia,,,,,20325.0,621.0,504.0,20754.0
Lao PDR,2012,2997.98,,1563.5650771337,0.886,6518978.0,9.782712305026,Asia,,,,,21350.0,490.0,552.0,21024.0
Lao PDR,2013,3067.8,,1812.51774424651,1.081,6611385.0,10.1490467937608,Asia,,,,,22875.0,536.0,614.0,22684.0
Lao PDR,2014,3115.84,,1981.03910900473,0.67,6703172.0,10.3431542461005,Asia,,,,,29083.0,1112.0,1281.0,27330.0
Lao PDR,2015,3176.47,,2121.01339097363,1.319,6801645.0,10.4545060658579,Asia,,,,,34385.0,1215.0,2371.0,31277.0
Lao PDR,2016,3148.77,,2303.22156035363,1.348,6908802.0,10.5112651646447,Asia,,,,,35060.0,1607.0,3340.0,32218.0
Lao PDR,2017,3118.33,,2432.43059478511,1.139,7018147.0,10.2235701906412,Asia,,,,,31928.0,1835.0,3859.0,30296.0
Lao PDR,2018,3142.91,,2545.1075420815,0.854,7128045.0,10.0511265164645,Asia,,,,,32256.0,1752.0,3378.0,30496.0
Lao PDR,2019,3168.05,,2589.32081035237,2.085,7237636.0,9.80459272097054,Asia,,,,,31008.0,2755.0,5286.0,29006.0
Lao PDR,2020,3155.66,,2583.77730696131,1.618,7346533.0,9.56629116117851,Asia,,,,,33353.0,2692.0,8558.0,28243.0
Lao PDR,2021,3123.63,,2526.05105018529,1.156,7453194.0,9.57712305025997,Asia,,,,,33999.0,2624.0,9486.0,27075.0
Lao PDR,2022,3166.97,,2046.40440255621,0.981,7559007.0,9.79116117850953,Asia,,,,,38111.0,3278.0,10636.0,29696.0
Lao PDR,2023,3188.1,,2066.94979776957,1.581,7664993.0,9.90987868284229,Asia,,,,,42896.0,2718.0,10556.0,32348.0
Latvia,2010,3148.38,,11188.4191700977,0.659,2097555.0,29.0067012711524,Europe,,,,,6751.0,3949.0,4804.0,6428.0
Latvia,2011,3191.05,,12902.574053337,1.127,2059709.0,29.183473411863,Europe,,,,,6702.0,3905.0,3704.0,6655.0
Latvia,2012,3170.33,,13329.3499931271,1.381,2034319.0,29.5852282771144,Europe,,,,,8290.0,4662.0,6423.0,7030.0
Latvia,2013,3256.75,,14484.4715282132,1.045,2012647.0,30.1637552830765,Europe,,,,,7899.0,4304.0,5455.0,6538.0
Latvia,2014,3232.79,,15185.814581236,2.288,1993782.0,30.0834043100262,Europe,,,,,8322.0,4850.0,6090.0,7085.0
Latvia,2015,3212.08,,13321.9753140616,2.123,1977527.0,30.2842817426519,Europe,,,,,10163.0,4598.0,7504.0,6772.0
Latvia,2016,3222.04,,13838.5266823272,1.907,1959537.0,31.0315457920195,Europe,,,,,9620.0,5506.0,8408.0,6550.0
Latvia,2017,3227.63,,15132.4958333982,1.465,1942248.0,31.0636861812397,Europe,,,,,9583.0,6096.0,8743.0,6400.0
Latvia,2018,3261.66,,17252.1710428626,2.322,1927174.0,31.1440371542899,Europe,,,,,7506.0,6972.0,8229.0,6123.0
Latvia,2019,3269.64,,17294.9751600969,2.408,1913822.0,31.4975814357112,Europe,,,,,9887.0,6540.0,10306.0,6197.0
Latvia,2020,3235.1,,17564.2321549354,3.503,1900449.0,31.6406877711715,Europe,,,,,10623.0,7185.0,11793.0,5990.0
Latvia,2021,3253.6,,20261.8887788916,1.927,1884490.0,31.6567571910654,Europe,,,,,9290.0,7015.0,10333.0,5953.0
Latvia,2022,3282.47,,20221.103686109,1.915,1879383.0,31.6567571910654,Europe,,,,,9789.0,7865.0,11230.0,6238.0
Latvia,2023,3342.19,,22710.2637544197,2.292,1883710.0,31.6728266109593,Europe,,,,,8741.0,9087.0,11684.0,6087.0
Lebanon,2010,3062.14,,7625.81051551165,2.317,5041288.0,62.5610948191593,Asia,,,,,5541.0,5915.0,1547.0,9900.0
Lebanon,2011,3014.54,,7834.96257108993,0.605,5096020.0,63.6363636363636,Asia,,,,,5436.0,5798.0,1405.0,9870.0
Lebanon,2012,3016.38,,8406.98405608118,0.966,5235742.0,64.3206256109482,Asia,,,,,5377.0,5971.0,1510.0,9968.0
Lebanon,2013,2967.56,,8162.37929361396,1.182,5743436.0,64.5161290322581,Asia,,,,,5739.0,6527.0,1818.0,10603.0
Lebanon,2014,2932.52,,7577.6413302369,0.995,6346990.0,64.7116324535679,Asia,,,,,6494.0,6663.0,1880.0,11440.0
Lebanon,2015,2890.69,,7714.1099998804,1.381,6472469.0,65.0048875855327,Asia,,,,,6807.0,7071.0,1654.0,12007.0
Lebanon,2016,2899.12,,8089.012088155,1.67,6323060.0,65.5913978494624,Asia,,,,,7488.0,7186.0,1441.0,12364.0
Lebanon,2017,2901.65,,8608.21084982387,1.052,6160128.0,65.8181818181818,Asia,,,,,7508.0,7388.0,1399.0,12355.0
Lebanon,2018,2908.08,,9174.53666204759,2.141,5984119.0,65.6451612903226,Asia,,,,,7125.0,7097.0,1193.0,12064.0
Lebanon,2019,2882.32,,8905.88005497437,1.343,5794594.0,65.6207233626589,Asia,,,,,7046.0,6960.0,1127.0,12284.0
Lebanon,2020,2870.19,,5561.19166950397,1.548,5702398.0,65.8958944281525,Asia,,,,,6842.0,6587.0,1508.0,11368.0
Lebanon,2021,2843.13,,4045.37391066234,1.936,5718122.0,66.6294916911046,Asia,,,,,6847.0,5760.0,1486.0,10915.0
Lebanon,2022,2831.86,,3654.35845534878,1.141,5744489.0,66.1275659824047,Asia,,,,,6997.0,5906.0,1279.0,11128.0
Lebanon,2023,2827.67,,3477.72489842684,1.744,5773493.0,65.9055522971652,Asia,,,,,6742.0,5146.0,789.0,10969.0
Lesotho,2010,2530.77,,1119.47557793042,1.211,1996251.0,76.6139657444005,Africa,,,,,947.0,1017.0,1.0,1901.0
Lesotho,2011,2541.12,,1280.73390931581,0.293,2014009.0,76.1528326745718,Africa,,,,,856.0,1100.0,0.0,1920.0
Lesotho,2012,2493.46,,1217.93071228944,0.699,2034354.0,75.2733860342556,Africa,,,,,751.0,1162.0,0.0,1904.0
Lesotho,2013,2336.96,,1151.03735837227,0.745,2056504.0,74.1798418972332,Africa,,,,,888.0,874.0,63.0,1795.0
Lesotho,2014,2208.22,,1173.5377928819,0.69,2080089.0,74.9769433465086,Africa,,,,,894.0,1209.0,137.0,1913.0
Lesotho,2015,2085.25,,1121.19851342518,1.236,2104611.0,73.2213438735178,Africa,,,,,835.0,1035.0,86.0,1752.0
Lesotho,2016,2096.03,,992.491840678465,1.74,2130422.0,77.6021080368907,Africa,,,,,703.0,1238.0,123.0,1874.0
Lesotho,2017,2167.48,,1069.36673247542,0.902,2157110.0,79.6442687747035,Africa,,,,,1102.0,1690.0,63.0,2041.0
Lesotho,2018,2192.58,,1170.65569702819,0.69,2183603.0,80.1482213438735,Africa,,,,,915.0,1116.0,91.0,2038.0
Lesotho,2019,1993.76,,1082.05706777516,1.609,2209405.0,70.961791831357,Africa,,,,,751.0,947.0,86.0,1871.0
Lesotho,2020,1810.45,,918.582574704447,0.728,2235727.0,77.3847167325428,Africa,,,,,694.0,1080.0,118.0,1710.0
Lesotho,2021,1812.37,,1066.58645143823,0.78,2261542.0,73.4321475625823,Africa,,,,,870.0,908.0,59.0,1798.0
Lesotho,2022,1814.45,,1030.12582947757,0.889,2286110.0,74.9472990777339,Africa,,,,,828.0,1090.0,110.0,1850.0
Lesotho,2023,1872.7,,916.282976983803,0.888,2311472.0,77.7584980237154,Africa,,,,,937.0,1222.0,137.0,1867.0
Liberia,2010,2112.63,,492.252808033724,1.291,4058890.0,17.3072529069767,Africa,,,,,3505.0,1354.0,15.0,4495.0
Liberia,2011,2095.73,,568.087865520004,0.967,4221178.0,17.6148162375415,Africa,,,,,3548.0,864.0,28.0,4669.0
Liberia,2012,2101.72,,638.368751462083,0.733,4373043.0,17.926040282392,Africa,,,,,3623.0,1203.0,29.0,4747.0
Liberia,2013,2074.29,,710.744570927863,0.84,4470239.0,18.2366206395349,Africa,,,,,3559.0,1286.0,76.0,4826.0
Liberia,2014,2110.35,,706.714490064507,0.799,4564293.0,18.5462344269103,Africa,,,,,3672.0,1464.0,18.0,5040.0
Liberia,2015,2097.57,,692.590082351257,1.125,4659431.0,18.8585257475083,Africa,,,,,3828.0,1458.0,70.0,5144.0
Liberia,2016,2133.04,,714.613063145659,1.359,4755608.0,19.1702938122924,Africa,,,,,4189.0,1372.0,113.0,5285.0
Liberia,2017,2153.49,,699.269095727404,1.333,4848925.0,19.4838901578073,Africa,,,,,3681.0,1940.0,57.0,5312.0
Liberia,2018,2118.28,,692.203127129794,1.119,4944726.0,19.7975892857143,Africa,,,,,3781.0,1687.0,74.0,5372.0
Liberia,2019,2105.44,,658.164180770507,1.216,5043721.0,19.9651162790698,Africa,,,,,3762.0,1517.0,89.0,5531.0
Liberia,2020,2084.2,,616.787867006715,1.338,5149463.0,19.9651162790698,Africa,,,,,3973.0,1844.0,148.0,5724.0
Liberia,2021,2074.36,,667.96610514319,1.234,5259323.0,19.9651162790698,Africa,,,,,3930.0,1904.0,126.0,5743.0
Liberia,2022,2105.7,,744.617175237387,1.341,5373294.0,19.9651162790698,Africa,,,,,3996.0,2154.0,65.0,6098.0
Liberia,2023,2135.15,,799.194470229642,1.27,5493031.0,19.9651162790698,Africa,,,,,3947.0,3000.0,78.0,6247.0
Libya,2010,3084.01,,11600.9068649472,1.921,6497839.0,8.72443934210078,Africa,,,,,4975.0,9578.0,9.0,15058.0
Libya,2011,2991.0,,7593.8391525702,0.686,6343203.0,8.72443934210078,Africa,,,,,5124.0,7383.0,1.0,12402.0
Libya,2012,2958.08,,14975.8902795144,0.631,6179328.0,8.72671266353706,Africa,,,,,5278.0,9510.0,5.0,14578.0
Libya,2013,2981.04,,11951.7134126011,1.022,6304628.0,8.72671266353706,Africa,,,,,5146.0,11982.0,5.0,16229.0
Libya,2014,2934.64,,8926.42074591474,1.147,6427252.0,8.72387101174171,Africa,,,,,5107.0,10760.0,10.0,15393.0
Libya,2015,2960.95,,7458.48917756374,0.63,6531819.0,8.72387101174171,Africa,,,,,5224.0,10111.0,33.0,15488.0
Libya,2016,2962.62,,7525.80299308216,1.54,6632126.0,8.72387101174171,Africa,,,,,5265.0,11365.0,52.0,15829.0
Libya,2017,2957.46,,9965.83236729757,0.236,6738770.0,8.72387101174171,Africa,,,,,5259.0,9719.0,90.0,14353.0
Libya,2018,2966.18,,11196.5854810844,1.682,6849055.0,8.72387101174171,Africa,,,,,5301.0,10364.0,28.0,15017.0
Libya,2019,2997.86,,9963.19489084483,0.903,6951033.0,8.72387101174171,Africa,,,,,5147.0,8057.0,30.0,13415.0
Libya,2020,2951.83,,6650.33810585348,1.154,7045399.0,8.72387101174171,Africa,,,,,5047.0,10101.0,23.0,15223.0
Libya,2021,2998.82,,4935.82787349801,1.897,7135175.0,8.72387101174171,Africa,,,,,5062.0,11227.0,15.0,15322.0
Libya,2022,2936.26,,5986.63694851258,0.556,7223805.0,8.72387101174171,Africa,,,,,5112.0,7842.0,28.0,13419.0
Libya,2023,2867.18,,6026.51518708812,1.466,7305659.0,8.72387101174171,Africa,,,,,5136.0,7642.0,20.0,13153.0
Lithuania,2010,3229.93,,11829.122609457,0.723,3097282.0,44.2329477463103,Europe,,,,,13817.0,4667.0,7382.0,12207.0
Lithuania,2011,3344.33,,14261.8433787325,0.931,3028115.0,44.7697609854166,Europe,,,,,16051.0,5249.0,7103.0,13496.0
Lithuania,2012,3326.15,,14288.1853493139,1.345,2989139.0,45.3489485273,Europe,,,,,19298.0,5792.0,10083.0,14027.0
Lithuania,2013,3385.71,,15636.5252586048,0.935,2961250.0,46.1332269644994,Europe,,,,,18491.0,6368.0,11438.0,14512.0
Lithuania,2014,3401.13,,16446.1647181663,2.203,2937253.0,47.1252992817239,Europe,,,,,20147.0,6740.0,12483.0,13780.0
Lithuania,2015,3381.43,,14269.8039878287,2.062,2911109.0,47.9792498004789,Europe,,,,,21400.0,7195.0,14438.0,12347.0
Lithuania,2016,3395.92,,14934.2702840428,1.909,2877325.0,47.1552632419144,Europe,,,,,20370.0,5797.0,13413.0,13188.0
Lithuania,2017,3411.81,,16800.1510246099,1.504,2842639.0,46.8590859022046,Europe,,,,,20012.0,6237.0,13429.0,12564.0
Lithuania,2018,3364.33,,19247.2315367967,2.389,2819200.0,47.0541274149768,Europe,,,,,17226.0,6456.0,10832.0,12995.0
Lithuania,2019,3359.3,,19608.7943945553,2.576,2811089.0,47.5087831363781,Europe,,,,,19732.0,7087.0,13887.0,12996.0
Lithuania,2020,3363.79,,20428.6478157394,3.38,2810369.0,46.9945704247844,Europe,,,,,22991.0,6979.0,16857.0,13224.0
Lithuania,2021,3366.19,,23870.4594851722,1.713,2808380.0,46.9222168982591,Europe,,,,,20009.0,6995.0,13842.0,13588.0
Lithuania,2022,3359.86,,25085.784063499,1.893,2831639.0,46.503418311929,Europe,,,,,20469.0,8134.0,13458.0,13551.0
Lithuania,2023,3347.5,,27786.0057829276,2.428,2871585.0,45.8945686900959,Europe,,,,,20821.0,7931.0,15502.0,13331.0
Luxembourg,2010,3454.93,,110885.991378721,0.325,506953.0,50.8999945619664,Europe,,,,,884.0,1950.0,1152.0,1680.0
Luxembourg,2011,3443.71,,119025.057203467,1.339,518347.0,50.9893336855108,Europe,,,,,861.0,2007.0,1133.0,1725.0
Luxembourg,2012,3417.25,,112584.676270958,1.264,530946.0,51.0475983313005,Europe,,,,,844.0,2249.0,1311.0,1754.0
Luxembourg,2013,3416.94,,120000.140729859,0.574,543360.0,50.8378456064573,Europe,,,,,886.0,2307.0,1300.0,1764.0
Luxembourg,2014,3414.23,,123678.702143275,2.472,556319.0,50.8805730133698,Europe,,,,,919.0,2468.0,1587.0,1730.0
Luxembourg,2015,3377.27,,105462.012584423,1.523,569604.0,50.9893336855108,Europe,,,,,946.0,2540.0,1734.0,1658.0
Luxembourg,2016,3355.51,,106899.293549552,1.876,582014.0,50.7488949138849,Europe,,,,,893.0,2376.0,1608.0,1661.0
Luxembourg,2017,3367.06,,110193.213797228,1.643,596336.0,50.9458294166544,Europe,,,,,918.0,2430.0,1540.0,1748.0
Luxembourg,2018,3398.43,,116926.759593905,2.46,607950.0,51.1015902363991,Europe,,,,,970.0,2542.0,1702.0,1742.0
Luxembourg,2019,3505.49,,112696.649059674,2.146,620001.0,51.1106795211423,Europe,,,,,970.0,2487.0,1675.0,1768.0
Luxembourg,2020,3469.07,,116860.02817236,2.619,630419.0,51.3218694405817,Europe,,,,,959.0,2585.0,1691.0,1900.0
Luxembourg,2021,3458.19,,134965.815442152,1.161,640064.0,51.5843322483161,Europe,,,,,960.0,2736.0,1740.0,1944.0
Luxembourg,2022,3498.93,,123719.658915996,2.917,653103.0,51.4711434630952,Europe,,,,,1022.0,2865.0,1817.0,1970.0
Luxembourg,2023,3521.85,,133230.619178899,2.597,666430.0,51.6606200912036,Europe,,,,,990.0,3056.0,1940.0,2023.0
"Macao SAR, China",2010,2926.29,,52596.2250160214,0.365,537000.0,,Asia,,,,,33.0,796.0,2.0,845.0
"Macao SAR, China",2011,3044.9,,67046.7284292101,0.324,549600.0,,Asia,,,,,35.0,891.0,2.0,911.0
"Macao SAR, China",2012,3033.35,,76058.0224963659,0.53,567900.0,,Asia,,,,,37.0,902.0,9.0,915.0
"Macao SAR, China",2013,3073.75,,87107.8313063626,0.769,591900.0,,Asia,,,,,37.0,912.0,7.0,940.0
"Macao SAR, China",2014,3181.4,,88355.3181764446,0.677,621700.0,,Asia,,,,,37.0,1067.0,9.0,1019.0
"Macao SAR, China",2015,3162.29,,69902.9605741233,1.147,642900.0,,Asia,,,,,35.0,1088.0,5.0,1002.0
"Macao SAR, China",2016,3143.07,,68911.6755919628,0.724,652500.0,,Asia,,,,,35.0,1053.0,2.0,1011.0
"Macao SAR, China",2017,3156.3,,77570.9876166977,1.272,648400.0,,Asia,,,,,37.0,1133.0,24.0,1102.0
"Macao SAR, China",2018,3168.25,,83588.2875009014,1.079,658900.0,,Asia,,,,,34.0,1206.0,13.0,1145.0
"Macao SAR, China",2019,3151.16,,81882.6964523869,1.654,672000.0,,Asia,,,,,29.0,1304.0,7.0,1231.0
"Macao SAR, China",2020,2890.05,,36883.6652578543,1.741,685400.0,,Asia,,,,,27.0,1066.0,8.0,1070.0
"Macao SAR, China",2021,2908.56,,44884.8961602393,1.837,682500.0,,Asia,,,,,27.0,1099.0,8.0,1124.0
"Macao SAR, China",2022,2898.88,,36806.891255461,1.238,677300.0,,Asia,,,,,27.0,1071.0,17.0,1114.0
"Macao SAR, China",2023,2928.55,,67216.3631112124,1.281,678800.0,,Asia,,,,,27.0,1195.0,10.0,1177.0
Madagascar,2010,2093.6,,450.009391645726,1.211,22183340.0,70.3219039103071,Africa,,,,,30418.0,1280.0,275.0,30469.0
Madagascar,2011,2107.76,,506.163691559309,1.139,22822300.0,70.2910819102949,Africa,,,,,30823.0,1621.0,321.0,31814.0
Madagascar,2012,2097.77,,493.511162904211,0.932,23462438.0,70.2910819102949,Africa,,,,,31894.0,1471.0,299.0,32546.0
Madagascar,2013,2049.18,,515.301589361832,0.837,24109290.0,70.2904778274321,Africa,,,,,28956.0,2177.0,470.0,30907.0
Madagascar,2014,2045.79,,505.684922503435,0.863,24764348.0,70.2904778274321,Africa,,,,,29468.0,2191.0,423.0,30652.0
Madagascar,2015,2012.18,,445.320069480568,1.216,25426702.0,70.2904778274321,Africa,,,,,28614.0,1877.0,492.0,30643.0
Madagascar,2016,2001.15,,453.970714522463,1.187,26099952.0,70.2904778274321,Africa,,,,,29020.0,2017.0,532.0,31158.0
Madagascar,2017,1981.29,,491.866848718929,1.435,26788375.0,70.2904778274321,Africa,,,,,28402.0,3472.0,565.0,31494.0
Madagascar,2018,1972.93,,500.45718552916,1.093,27494926.0,70.2904778274321,Africa,,,,,29271.0,3447.0,524.0,32031.0
Madagascar,2019,1945.93,,499.818837622534,1.505,28219554.0,70.2904778274321,Africa,,,,,29966.0,3049.0,534.0,32627.0
Madagascar,2020,1932.13,,450.771615201509,1.245,28953556.0,70.2904778274321,Africa,,,,,29561.0,3066.0,487.0,32543.0
Madagascar,2021,1926.26,,483.469463351195,1.231,29691083.0,70.2904778274321,Africa,,,,,29696.0,3724.0,553.0,32930.0
Madagascar,2022,2013.99,,503.51453347296,0.923,30437261.0,70.2904778274321,Africa,,,,,31169.0,3676.0,570.0,34155.0
Madagascar,2023,1977.96,,508.718427705591,1.385,31195932.0,70.2904778274321,Africa,,,,,31806.0,2867.0,717.0,34232.0
Malawi,2010,2555.99,,683.124694716799,1.053,14826463.0,58.1777683495969,Africa,,,,,34947.0,575.0,564.0,34537.0
Malawi,2011,2562.32,,763.061000394572,0.667,15265022.0,58.1777683495969,Africa,,,,,36381.0,517.0,1418.0,35425.0
Malawi,2012,2590.19,,558.46208832772,0.782,15709577.0,58.1777683495969,Africa,,,,,39496.0,448.0,777.0,38562.0
Malawi,2013,2585.96,,496.947368267313,0.614,16161816.0,58.8141705557913,Africa,,,,,42877.0,701.0,792.0,41351.0
Malawi,2014,2557.39,,529.5133440206,0.81,16621538.0,59.9384811200679,Africa,,,,,49221.0,597.0,600.0,47090.0
Malawi,2015,2602.76,,539.605363240686,0.841,17085587.0,60.5218498090793,Africa,,,,,46650.0,875.0,596.0,47298.0
Malawi,2016,2573.69,,450.506105510719,1.066,17557739.0,61.1158252015274,Africa,,,,,45099.0,1209.0,586.0,47315.0
Malawi,2017,2582.53,,495.769683367165,0.833,18039715.0,61.6991938905388,Africa,,,,,52077.0,736.0,518.0,52284.0
Malawi,2018,2591.12,,533.202567189331,0.801,18528081.0,62.2931692829869,Africa,,,,,52798.0,656.0,614.0,54439.0
Malawi,2019,2574.69,,580.889139762475,0.87,19025752.0,62.8765379719983,Africa,,,,,55430.0,631.0,850.0,54246.0
Malawi,2020,2621.05,,602.507478176106,1.128,19533888.0,63.4705133644463,Africa,,,,,59976.0,724.0,704.0,59080.0
Malawi,2021,2642.28,,617.446994451007,0.973,20047258.0,64.1705557912601,Africa,,,,,63973.0,528.0,685.0,62368.0
Malawi,2022,2614.3,,604.269740360317,1.049,20568728.0,64.1705557912601,Africa,,,,,63137.0,232.0,827.0,62848.0
Malawi,2023,2618.32,,633.214767978695,1.202,21104482.0,64.1705557912601,Africa,,,,,63071.0,542.0,821.0,63768.0
Malaysia,2010,2833.5,,8899.34505544675,0.968,28655776.0,22.4906406939583,Asia,,,,,229125.0,43258.0,43691.0,235641.0
Malaysia,2011,2865.85,,10217.1068585031,0.576,29162039.0,22.9207122203622,Asia,,,,,253386.0,46373.0,46327.0,256930.0
Malaysia,2012,2888.14,,10600.5744240026,0.721,29662831.0,23.8295541013544,Asia,,,,,257841.0,49534.0,45066.0,260591.0
Malaysia,2013,2845.66,,10713.6407638899,0.958,30174265.0,24.529904124182,Asia,,,,,259191.0,48804.0,45887.0,265863.0
Malaysia,2014,2833.83,,11013.3107334403,0.95,30696137.0,24.6203013239994,Asia,,,,,260611.0,51332.0,46963.0,269411.0
Malaysia,2015,2877.24,,9648.6797937523,1.139,31232798.0,26.0842185359915,Asia,,,,,269766.0,54507.0,47549.0,277564.0
Malaysia,2016,2864.2,,9476.53409809923,1.558,31789685.0,26.0873535230558,Asia,,,,,238854.0,58906.0,45527.0,256051.0
Malaysia,2017,2894.42,,9862.54806612235,1.11,32355644.0,26.0873535230558,Asia,,,,,275359.0,61864.0,43925.0,286697.0
Malaysia,2018,2893.77,,10901.8019954421,1.078,32910967.0,26.0873535230558,Asia,,,,,267878.0,65965.0,46226.0,284734.0
Malaysia,2019,2892.36,,10920.191763972,1.338,33440596.0,26.0873535230558,Asia,,,,,270108.0,62898.0,50055.0,285764.0
Malaysia,2020,2933.2,,9957.52626697613,1.337,33889558.0,26.0873535230558,Asia,,,,,264066.0,61087.0,47468.0,275312.0
Malaysia,2021,2919.14,,10903.1037480772,1.114,34282399.0,26.0873535230558,Asia,,,,,250987.0,63031.0,46109.0,265265.0
Malaysia,2022,2990.53,,11754.5678336248,1.053,34695493.0,26.0873535230558,Asia,,,,,259507.0,67204.0,46820.0,281813.0
Malaysia,2023,2926.51,,11386.0395636528,1.281,35126298.0,26.0873535230558,Asia,,,,,258369.0,66553.0,46591.0,277872.0
Maldives,2010,2593.16,,7173.59601844692,0.678,360792.0,23.0,Asia,,,,,284.0,431.0,109.0,632.0
Maldives,2011,2598.99,,7424.520410971,0.54,373674.0,23.0,Asia,,,,,272.0,482.0,113.0,658.0
Maldives,2012,2608.41,,7461.29703686309,0.537,386818.0,21.3333333333333,Asia,,,,,266.0,553.0,112.0,752.0
Maldives,2013,2638.29,,8236.08177944126,0.61,400070.0,21.3333333333333,Asia,,,,,285.0,588.0,109.0,784.0
Maldives,2014,2680.58,,8939.07416571472,0.699,413617.0,21.3333333333333,Asia,,,,,280.0,685.0,129.0,868.0
Maldives,2015,2735.55,,9644.90655028145,0.758,428154.0,21.3333333333333,Asia,,,,,278.0,724.0,130.0,892.0
Maldives,2016,2773.15,,9947.80744731739,1.134,443308.0,21.3333333333333,Asia,,,,,282.0,1008.0,137.0,1050.0
Maldives,2017,2680.02,,10509.628805812,0.776,458287.0,21.3333333333333,Asia,,,,,308.0,803.0,182.0,907.0
Maldives,2018,2641.05,,11423.2838427029,0.545,473099.0,21.3333333333333,Asia,,,,,325.0,779.0,182.0,894.0
Maldives,2019,2657.13,,11740.2724029785,0.859,487731.0,21.3333333333333,Asia,,,,,297.0,835.0,161.0,967.0
Maldives,2020,2603.43,,7393.8886543933,0.844,502118.0,21.3333333333333,Asia,,,,,297.0,754.0,161.0,832.0
Maldives,2021,2634.44,,10176.143882547,0.781,516154.0,19.6666666666667,Asia,,,,,287.0,908.0,161.0,958.0
Maldives,2022,2671.93,,11786.0191492983,0.485,524106.0,19.6666666666667,Asia,,,,,286.0,1034.0,161.0,1133.0
Maldives,2023,2671.39,,12587.6126038651,0.723,525994.0,19.7986577181208,Asia,,,,,289.0,995.0,161.0,1115.0
Malta,2010,3439.21,,21946.6069636029,1.153,414508.0,32.28125,Europe,,,,,378.0,865.0,72.0,1218.0
Malta,2011,3439.23,,23516.9691234302,0.887,416268.0,32.28125,Europe,,,,,375.0,932.0,79.0,1241.0
Malta,2012,3487.24,,22878.3130866521,1.399,420028.0,32.1875,Europe,,,,,363.0,1079.0,173.0,1265.0
Malta,2013,3534.42,,25415.5566867731,1.325,424810.0,31.96875,Europe,,,,,364.0,985.0,96.0,1226.0
Malta,2014,3479.03,,27424.5765646694,1.46,433481.0,31.96875,Europe,,,,,373.0,1053.0,108.0,1326.0
Malta,2015,3499.17,,25529.6813337717,1.457,444220.0,31.96875,Europe,,,,,368.0,1163.0,104.0,1361.0
Malta,2016,3460.47,,26459.0770929988,1.691,454505.0,32.4375,Europe,,,,,370.0,1113.0,130.0,1388.0
Malta,2017,3521.7,,30317.2443175543,1.254,467106.0,32.4375,Europe,,,,,375.0,1229.0,125.0,1468.0
Malta,2018,3444.57,,33382.2677499267,1.521,483903.0,32.4375,Europe,,,,,377.0,1231.0,108.0,1503.0
Malta,2019,3322.97,,32421.9179752262,1.325,503912.0,32.4375,Europe,,,,,268.0,1212.0,85.0,1415.0
Malta,2020,3281.47,,31823.4363934505,1.631,515490.0,28.46875,Europe,,,,,265.0,1052.0,88.0,1224.0
Malta,2021,3341.4,,38096.8360735119,2.091,518150.0,27.34375,Europe,,,,,255.0,1027.0,103.0,1210.0
Malta,2022,3379.84,,35638.8869457406,1.9,531113.0,27.34375,Europe,,,,,258.0,1219.0,114.0,1326.0
Malta,2023,3406.62,,40905.8059585057,2.225,552747.0,25.909375,Europe,,,,,258.0,1187.0,121.0,1342.0
Marshall Islands,2019,2963.13,,5292.33985502306,1.012,44007.0,38.8888888888889,Oceania,,,,,294.0,128.0,150.0,270.0
Marshall Islands,2020,3063.26,,5661.96787336674,1.123,42706.0,38.8888888888889,Oceania,,,,,268.0,82.0,104.0,238.0
Marshall Islands,2021,3214.38,,6315.31279603534,0.834,41367.0,38.8888888888889,Oceania,,,,,272.0,73.0,96.0,240.0
Marshall Islands,2022,3251.79,,6455.66062185762,0.457,40077.0,38.8888888888889,Oceania,,,,,294.0,118.0,98.0,310.0
Marshall Islands,2023,3322.43,,6793.24495895856,0.744,38827.0,38.8888888888889,Oceania,,,,,288.0,61.0,96.0,249.0
Mauritania,2010,2853.59,,1659.96369705455,1.937,3390965.0,38.5272145144077,Africa,,,,,1856.0,2382.0,345.0,3856.0
Mauritania,2011,2889.98,,1931.19975525465,1.578,3502811.0,38.5272145144077,Africa,,,,,1906.0,2509.0,684.0,3953.0
Mauritania,2012,2944.96,,1859.11733247641,0.852,3619034.0,38.5272145144077,Africa,,,,,2344.0,3039.0,824.0,4313.0
Mauritania,2013,2917.79,,1934.24103064714,1.409,3734318.0,38.5272145144077,Africa,,,,,2225.0,2855.0,743.0,4315.0
Mauritania,2014,2914.07,,1713.00865264234,1.319,3848514.0,38.5272145144077,Africa,,,,,2379.0,4053.0,741.0,4480.0
Mauritania,2015,2892.49,,1554.94897871782,1.341,3965959.0,38.5272145144077,Africa,,,,,2294.0,4325.0,755.0,4741.0
Mauritania,2016,2862.24,,1565.76575722696,1.651,4086657.0,38.5272145144077,Africa,,,,,2777.0,3287.0,1194.0,4632.0
Mauritania,2017,2870.1,,1615.00401327323,2.07,4210600.0,38.5272145144077,Africa,,,,,3226.0,4230.0,1598.0,4941.0
Mauritania,2018,2895.06,,1722.93528854073,1.115,4337685.0,38.5272145144077,Africa,,,,,3623.0,4374.0,1554.0,5391.0
Mauritania,2019,2894.03,,1767.072710621,1.522,4467708.0,38.5272145144077,Africa,,,,,3124.0,4514.0,1862.0,5636.0
Mauritania,2020,2895.31,,1795.76459566714,1.971,4600131.0,38.5272145144077,Africa,,,,,3229.0,4575.0,1859.0,6044.0
Mauritania,2021,2887.71,,1947.78918383313,1.917,4734874.0,38.5272145144077,Africa,,,,,3432.0,4226.0,1866.0,5788.0
Mauritania,2022,2954.96,,1960.35240077424,1.786,4875637.0,38.5272145144077,Africa,,,,,3544.0,4832.0,1869.0,6394.0
Mauritania,2023,2909.38,,2135.78187606359,2.163,5022441.0,38.5272145144077,Africa,,,,,3578.0,4444.0,1946.0,5961.0
Mauritius,2010,3026.99,,8113.17670740212,0.95,1250400.0,44.8275862068966,Africa,,,,,10446.0,1759.0,1621.0,10678.0
Mauritius,2011,2987.85,,9324.24232310496,0.791,1252404.0,44.5668502754131,Africa,,,,,10145.0,1805.0,1456.0,10583.0
Mauritius,2012,2971.07,,9421.52514098225,0.545,1255882.0,43.565348022033,Africa,,,,,9489.0,1925.0,1492.0,9997.0
Mauritius,2013,2963.84,,9877.13865958834,0.693,1258927.0,43.064596895343,Africa,,,,,9252.0,2093.0,1482.0,9908.0
Mauritius,2014,2969.0,,10490.3315563853,0.768,1261208.0,43.064596895343,Africa,,,,,9689.0,2136.0,1474.0,10374.0
Mauritius,2015,2969.78,,9630.5437837507,1.06,1262879.0,43.064596895343,Africa,,,,,9471.0,2290.0,1523.0,10246.0
Mauritius,2016,2953.44,,10095.1225574156,0.908,1263747.0,43.064596895343,Africa,,,,,9114.0,2256.0,1618.0,9779.0
Mauritius,2017,2988.68,,10986.7034093005,1.122,1264887.0,43.064596895343,Africa,,,,,8922.0,2439.0,1423.0,9785.0
Mauritius,2018,3001.26,,11818.7480619272,0.926,1265577.0,43.064596895343,Africa,,,,,7730.0,2157.0,1023.0,8668.0
Mauritius,2019,3048.29,,11568.2533399824,1.355,1265985.0,43.064596895343,Africa,,,,,8253.0,2340.0,1276.0,9212.0
Mauritius,2020,3098.5,,9135.84773751062,1.14,1266014.0,43.064596895343,Africa,,,,,6501.0,2190.0,1196.0,7662.0
Mauritius,2021,3110.2,,9177.71195973013,1.02,1266334.0,43.064596895343,Africa,,,,,6585.0,2219.0,914.0,7674.0
Mauritius,2022,3207.72,,10246.5017455553,0.611,1262523.0,43.064596895343,Africa,,,,,5757.0,2438.0,1105.0,6950.0
Mauritius,2023,3255.54,,11269.9684462139,1.523,1248647.0,43.043264897346,Africa,,,,,6273.0,2538.0,1156.0,7526.0
Mexico,2010,3146.44,,9728.80078377082,0.25,113623895.0,52.3712029630392,Americas,,,,,302975.0,67125.0,32242.0,340569.0
Mexico,2011,3121.91,,10664.4944032313,0.974,115243504.0,52.1217109493557,Americas,,,,,290949.0,71021.0,34659.0,332613.0
Mexico,2012,3127.41,,10744.1335242686,0.881,116818208.0,51.7050335656781,Americas,,,,,308877.0,72439.0,35748.0,348713.0
Mexico,2013,3121.47,,11216.8008505428,0.707,118343573.0,51.1772422130199,Americas,,,,,336038.0,64641.0,40644.0,367923.0
Mexico,2014,3157.68,,11391.3773497683,0.858,119784261.0,50.7976028190025,Americas,,,,,335003.0,69673.0,41584.0,364995.0
Mexico,2015,3172.1,,10021.2386118827,1.072,121072306.0,50.7626224954345,Americas,,,,,333938.0,75644.0,41697.0,365178.0
Mexico,2016,3199.79,,9097.92397674769,1.266,122251351.0,50.5866920445485,Americas,,,,,354262.0,83151.0,47690.0,379388.0
Mexico,2017,3209.96,,9649.27816772402,1.526,123400057.0,49.8706242444507,Americas,,,,,360674.0,88734.0,49061.0,390174.0
Mexico,2018,3217.6,,10084.7937562021,1.125,124573711.0,49.6494251395355,Americas,,,,,363959.0,93756.0,52284.0,396035.0
Mexico,2019,3252.08,,10369.5553585271,1.264,125762982.0,49.4385143650814,Americas,,,,,370941.0,91747.0,50423.0,416826.0
Mexico,2020,3251.04,,8841.27075039868,1.615,126799054.0,51.5149441086448,Americas,,,,,360808.0,82922.0,47238.0,400030.0
Mexico,2021,3267.92,,10314.0506722115,1.054,127648148.0,51.5064078294195,Americas,,,,,368779.0,90011.0,51155.0,404150.0
Mexico,2022,3263.41,,11405.7940473759,1.159,128613117.0,50.8701226883407,Americas,,,,,371270.0,86695.0,52634.0,408334.0
Mexico,2023,3304.56,,13860.9597809326,1.728,129739759.0,50.6933879986625,Americas,,,,,375391.0,91683.0,50325.0,414956.0
"Micronesia, Fed. Sts.",2019,2790.94,,3572.65918282222,1.373,110282.0,7.14285714285714,Oceania,,,,,555.0,80.0,186.0,444.0
"Micronesia, Fed. Sts.",2020,2780.88,,3362.02802120524,1.45,110916.0,7.14285714285714,Oceania,,,,,579.0,69.0,204.0,441.0
"Micronesia, Fed. Sts.",2021,2804.84,,3508.22314197664,1.181,111624.0,7.14285714285714,Oceania,,,,,567.0,71.0,292.0,342.0
"Micronesia, Fed. Sts.",2022,2736.16,,3710.12451611752,1.15,112114.0,7.14285714285714,Oceania,,,,,567.0,66.0,292.0,340.0
"Micronesia, Fed. Sts.",2023,2633.2,,3919.64307910859,1.275,112630.0,7.14285714285714,Oceania,,,,,567.0,56.0,294.0,336.0
Moldova,2010,2699.56,,2436.79935102421,1.268,2862354.0,75.0380517503805,Europe,,,,,12646.0,1015.0,2611.0,10268.0
Moldova,2011,2742.78,,2941.36224066021,0.407,2860699.0,74.9467275494673,Europe,,,,,12821.0,1032.0,2819.0,10548.0
Moldova,2012,2730.26,,3044.8084324815,1.979,2860324.0,74.8630553864881,Europe,,,,,8919.0,1121.0,2163.0,8850.0
Moldova,2013,2767.59,,3321.04397795719,1.23,2859558.0,74.8479318734793,Europe,,,,,13921.0,1103.0,3792.0,9911.0
Moldova,2014,2756.63,,3289.95758568777,1.304,2857815.0,70.4075425790754,Europe,,,,,15729.0,1032.0,4683.0,11294.0
Moldova,2015,2801.84,,2749.55137054338,1.822,2835978.0,70.4987834549878,Europe,,,,,11632.0,992.0,4242.0,9751.0
Moldova,2016,2860.93,,2847.08794770479,1.89,2803186.0,70.4957420924574,Europe,,,,,14362.0,1028.0,5113.0,9836.0
Moldova,2017,2928.34,,3453.26727720294,1.209,2755189.0,70.456065673457,Europe,,,,,16138.0,1133.0,5920.0,10824.0
Moldova,2018,3003.74,,4156.44981956646,1.866,2707203.0,68.6355301608926,Europe,,,,,16508.0,1185.0,5893.0,11548.0
Moldova,2019,3011.18,,4405.33418162155,2.175,2664224.0,68.7711146722455,Europe,,,,,16238.0,1189.0,6773.0,10990.0
Moldova,2020,2985.48,,4375.7788930524,2.933,2635130.0,75.1445965588756,Europe,,,,,9828.0,1327.0,4496.0,8523.0
Moldova,2021,3001.21,,5274.60582195352,1.122,2595809.0,75.0684098510185,Europe,,,,,18498.0,1221.0,6082.0,10368.0
Moldova,2022,2951.96,,5744.29618434435,1.921,2528654.0,74.9695863746959,Europe,,,,,11074.0,1825.0,6623.0,8269.0
Moldova,2023,2991.25,,6799.58594644576,2.781,2457783.0,74.096568478591,Europe,,,,,14714.0,1471.0,7472.0,9864.0
Mongolia,2010,2438.71,,2625.21881402433,0.323,2738622.0,73.3388467572954,Asia,,,,,2384.0,1161.0,44.0,3567.0
Mongolia,2011,2532.39,,3736.04201455077,0.777,2786317.0,73.3264775940588,Asia,,,,,2886.0,1100.0,54.0,3987.0
Mongolia,2012,2585.71,,4328.89001905655,0.254,2839705.0,73.2494851072419,Asia,,,,,3183.0,1129.0,32.0,4122.0
Mongolia,2013,2561.18,,4340.14310544449,1.039,2899011.0,73.2252730410926,Asia,,,,,3101.0,1085.0,88.0,3924.0
Mongolia,2014,2596.6,,4126.23975800524,1.896,2963113.0,73.001629001279,Asia,,,,,3488.0,1138.0,138.0,4203.0
Mongolia,2015,2688.93,,3838.92126989984,2.143,3026864.0,72.990217275856,Asia,,,,,3249.0,1480.0,185.0,4524.0
Mongolia,2016,2720.6,,3619.90026383792,1.409,3088856.0,72.9236771309318,Asia,,,,,3774.0,1543.0,146.0,4481.0
Mongolia,2017,2651.09,,3645.96708669551,2.518,3148917.0,72.8635713833453,Asia,,,,,3286.0,1337.0,187.0,4463.0
Mongolia,2018,2846.54,,4107.64288528468,2.234,3208189.0,72.8416347996956,Asia,,,,,4156.0,2180.0,303.0,5225.0
Mongolia,2019,2856.13,,4347.54610314873,1.869,3267673.0,72.6641956567248,Asia,,,,,4206.0,1491.0,257.0,5241.0
Mongolia,2020,2950.56,,4001.25193077703,2.394,3327204.0,72.2189891455646,Asia,,,,,4810.0,1769.0,180.0,5580.0
Mongolia,2021,3043.5,,4517.61578018785,2.022,3383741.0,72.1791744756203,Asia,,,,,4571.0,2494.0,122.0,6311.0
Mongolia,2022,3093.6,,4993.51487463495,2.226,3433748.0,71.9096506603489,Asia,,,,,4952.0,1985.0,105.0,6497.0
Mongolia,2023,3031.07,,5838.63108083902,2.196,3481145.0,68.9555729589301,Asia,,,,,4812.0,2107.0,401.0,6437.0
Montenegro,2010,3361.93,,6678.63930800758,1.199,619428.0,38.0669144981413,Europe,,,,,560.0,1255.0,87.0,1776.0
Montenegro,2011,3406.83,,7265.51668681954,0.99,620345.0,38.1412639405204,Europe,,,,,613.0,1255.0,83.0,1804.0
Montenegro,2012,3282.11,,6552.48071710904,1.663,621418.0,38.1412639405204,Europe,,,,,545.0,1196.0,85.0,1681.0
Montenegro,2013,3325.45,,7102.77882895852,1.459,622587.0,16.5895910780669,Europe,,,,,581.0,1216.0,80.0,1731.0
Montenegro,2014,3319.0,,7342.17339453427,1.569,623744.0,17.1241635687732,Europe,,,,,556.0,1265.0,133.0,1698.0
Montenegro,2015,3394.03,,6421.00307345999,1.766,624651.0,17.2044609665428,Europe,,,,,602.0,1333.0,91.0,1848.0
Montenegro,2016,3466.05,,6968.01539365317,1.549,625353.0,19.0111524163569,Europe,,,,,632.0,1361.0,85.0,1869.0
Montenegro,2017,3516.36,,7674.2813940676,1.304,625982.0,19.0557620817844,Europe,,,,,609.0,1404.0,64.0,1872.0
Montenegro,2018,3543.19,,8673.59128084795,2.26,626438.0,19.092936802974,Europe,,,,,612.0,1463.0,52.0,1913.0
Montenegro,2019,3567.99,,8749.02375172644,1.842,626753.0,19.1078066914498,Europe,,,,,585.0,1462.0,35.0,1894.0
Montenegro,2020,3587.52,,7538.53635992191,1.696,626590.0,19.17843866171,Europe,,,,,553.0,1288.0,50.0,1818.0
Montenegro,2021,3683.86,,9317.15520065156,1.605,625053.0,19.0007434944238,Europe,,,,,551.0,1420.0,59.0,1867.0
Montenegro,2022,3686.71,,10024.5435616209,1.81,623591.0,18.8847583643123,Europe,,,,,531.0,1434.0,57.0,1861.0
Montenegro,2023,3669.43,,12259.8775034436,2.352,623529.0,19.5925650557621,Europe,,,,,515.0,1485.0,69.0,1906.0
Morocco,2010,3267.01,,3067.9853515625,2.009,32467016.0,67.1931436253641,Africa,,,,,55580.0,19157.0,5176.0,70002.0
Morocco,2011,3315.37,,3301.98876953125,1.683,32912588.0,67.4519381581896,Africa,,,,,60087.0,16768.0,4455.0,73046.0
Morocco,2012,3331.56,,3164.17724609375,1.287,33355241.0,68.1223392336993,Africa,,,,,50563.0,21936.0,5112.0,72141.0
Morocco,2013,3338.43,,3379.7431640625,1.197,33787571.0,68.5301366793637,Africa,,,,,60897.0,17323.0,5759.0,69642.0
Morocco,2014,3387.4,,3435.40698242188,1.631,34204780.0,67.404212413175,Africa,,,,,59059.0,23613.0,6192.0,77592.0
Morocco,2015,3380.86,,3146.24780273438,1.166,34607588.0,67.3246695048174,Africa,,,,,69688.0,19173.0,6236.0,74441.0
Morocco,2016,3414.41,,3140.85546875,1.788,35023457.0,69.1799238180596,Africa,,,,,51732.0,28586.0,6925.0,80218.0
Morocco,2017,3367.77,,3296.52661132813,2.095,35446392.0,69.5643024871163,Africa,,,,,66584.0,22433.0,7356.0,78859.0
Morocco,2018,3420.56,,3501.69799804688,0.541,35839760.0,68.3975066099036,Africa,,,,,69955.0,21920.0,8233.0,81633.0
Morocco,2019,3394.43,,3508.09765625,1.462,36210898.0,66.34978041676,Africa,,,,,60666.0,25075.0,8313.0,80700.0
Morocco,2020,3355.26,,3268.0302734375,2.083,36584208.0,67.0205229666144,Africa,,,,,52883.0,32496.0,8542.0,80684.0
Morocco,2021,3380.26,,3785.93627929688,1.771,36954442.0,67.0350365225185,Africa,,,,,67141.0,26313.0,8935.0,81438.0
Morocco,2022,3322.42,,3463.1376953125,2.247,37329064.0,65.8091218911046,Africa,,,,,52139.0,30095.0,9566.0,76032.0
Morocco,2023,3353.86,,3813.72607421875,2.524,37712505.0,66.7449381581896,Africa,,,,,50502.0,32524.0,8255.0,75374.0
Mozambique,2010,2364.36,,496.185839392659,0.962,22999235.0,50.4410844629823,Africa,,,,,31861.0,3137.0,1168.0,33415.0
Mozambique,2011,2381.93,,618.17649286789,0.718,23649039.0,50.7035885958443,Africa,,,,,34756.0,3505.0,1191.0,35996.0
Mozambique,2012,2291.44,,685.685748199513,0.715,24337846.0,50.9660927287062,Africa,,,,,32102.0,3560.0,1109.0,34140.0
Mozambique,2013,2200.95,,686.505672517351,0.438,25051611.0,51.2706884712226,Africa,,,,,29682.0,4522.0,1158.0,33309.0
Mozambique,2014,2039.81,,697.142680444123,0.633,25788475.0,51.5212390956026,Africa,,,,,28917.0,4177.0,1411.0,32050.0
Mozambique,2015,1922.69,,610.563774706589,0.93,26547572.0,51.8231643734581,Africa,,,,,26437.0,4896.0,1327.0,30337.0
Mozambique,2016,1834.09,,441.489734819071,1.108,27337105.0,52.2482896309672,Africa,,,,,25848.0,4456.0,1108.0,29666.0
Mozambique,2017,1949.24,,470.93856305196,0.78,28166393.0,52.5799231923498,Africa,,,,,28221.0,6054.0,1697.0,32380.0
Mozambique,2018,2082.22,,517.507260258101,0.68,29018644.0,52.7751621353544,Africa,,,,,35129.0,5687.0,2050.0,37669.0
Mozambique,2019,2108.42,,519.09255091362,1.069,29884380.0,52.7979246674636,Africa,,,,,36532.0,7032.0,2088.0,40078.0
Mozambique,2020,2169.92,,462.433876479921,0.897,30783688.0,52.7793585798215,Africa,,,,,33808.0,7594.0,1300.0,38310.0
Mozambique,2021,2193.57,,509.907829475551,0.724,31707800.0,52.7742719804675,Africa,,,,,36077.0,8861.0,2539.0,40446.0
Mozambique,2022,2245.93,,578.251663751351,0.847,32656246.0,52.7726188356774,Africa,,,,,40205.0,7850.0,2822.0,43792.0
Mozambique,2023,2186.13,,622.000297682823,1.069,33635160.0,52.7891502835779,Africa,,,,,36721.0,6184.0,2303.0,40963.0
Myanmar,2010,2688.47,,1010.53417343401,1.228,49024382.0,19.1746012307504,Asia,,,,,140333.0,2182.0,3926.0,134244.0
Myanmar,2011,2678.1,,1213.62898703376,0.512,49419820.0,19.2227035466638,Asia,,,,,133974.0,2350.0,4956.0,129928.0
Myanmar,2012,2688.9,,1202.6658960055,0.952,49837446.0,19.2130444767664,Asia,,,,,129108.0,2880.0,5435.0,126632.0
Myanmar,2013,2704.65,,1199.09561597055,0.991,50262658.0,19.2732896429228,Asia,,,,,133879.0,3069.0,6058.0,130520.0
Myanmar,2014,2748.75,,1293.00042319714,0.81,50681634.0,19.342193911925,Asia,,,,,134282.0,3876.0,9444.0,128356.0
Myanmar,2015,2775.75,,1166.73305547935,1.192,51089056.0,19.5213448582103,Asia,,,,,133734.0,6797.0,11744.0,128587.0
Myanmar,2016,2794.16,,1229.19713491328,1.418,51495696.0,19.5471674990043,Asia,,,,,133498.0,11523.0,11495.0,132556.0
Myanmar,2017,2808.31,,1272.82241815234,1.339,51894938.0,19.997855227882,Asia,,,,,134010.0,10291.0,15352.0,129362.0
Myanmar,2018,2798.85,,1298.21310327675,1.12,52272247.0,20.0265052857362,Asia,,,,,139558.0,9619.0,14317.0,134289.0
Myanmar,2019,2795.32,,1425.98954241668,1.776,52640713.0,19.8857055308718,Asia,,,,,137998.0,7165.0,15372.0,135910.0
Myanmar,2020,2845.76,,1490.21683599469,1.589,53016522.0,19.8875388787596,Asia,,,,,128023.0,6712.0,15449.0,113358.0
Myanmar,2021,2837.22,,1242.7213439951,1.636,53387102.0,19.8875388787596,Asia,,,,,130647.0,5097.0,15333.0,116014.0
Myanmar,2022,2805.81,,1158.05005055976,1.38,53756787.0,19.8875388787596,Asia,,,,,130969.0,3315.0,17356.0,111064.0
Myanmar,2023,2809.02,,1233.19666209269,1.792,54133798.0,19.9140944121838,Asia,,,,,127058.0,3513.0,14544.0,113438.0
Namibia,2010,2260.8,,5418.21633365814,1.202,2109811.0,47.1389182426605,Africa,,,,,2731.0,901.0,968.0,2932.0
Namibia,2011,2292.97,,5834.7917675794,-0.48,2146325.0,47.1389182426605,Africa,,,,,2829.0,894.0,1014.0,3032.0
Namibia,2012,2401.56,,5942.64680978673,-0.142,2194654.0,47.1389182426605,Africa,,,,,3100.0,2115.0,1566.0,3427.0
Namibia,2013,2442.64,,5346.62131149967,0.727,2252508.0,47.1389182426605,Africa,,,,,3036.0,2192.0,1701.0,3341.0
Namibia,2014,2427.47,,5378.32326241205,0.377,2312139.0,47.1389182426605,Africa,,,,,3012.0,2175.0,1502.0,3342.0
Namibia,2015,2465.45,,4774.10650865775,1.179,2374300.0,47.1401328814877,Africa,,,,,3148.0,2618.0,1563.0,3675.0
Namibia,2016,2442.37,,4395.68776162376,1.433,2439213.0,47.1401328814877,Africa,,,,,3126.0,2615.0,1596.0,3687.0
Namibia,2017,2450.73,,5143.96072323076,0.728,2506853.0,47.1413475203148,Africa,,,,,3229.0,2832.0,1792.0,4128.0
Namibia,2018,2427.62,,5308.60813408705,1.006,2577327.0,47.1413475203148,Africa,,,,,3227.0,2349.0,1562.0,4009.0
Namibia,2019,2477.62,,4731.9210318831,2.071,2650494.0,47.1413475203148,Africa,,,,,3152.0,4217.0,1827.0,5287.0
Namibia,2020,2449.99,,3878.58982993966,0.558,2728762.0,47.1413475203148,Africa,,,,,3262.0,2142.0,1288.0,3902.0
Namibia,2021,2485.21,,4412.8355693052,0.015,2810548.0,47.142562159142,Africa,,,,,3181.0,3133.0,1518.0,4379.0
Namibia,2022,2545.6,,4349.79908493314,0.085,2889662.0,47.142562159142,Africa,,,,,3261.0,2585.0,1358.0,4365.0
Namibia,2023,2581.16,,4187.60500396525,0.806,2963095.0,47.142562159142,Africa,,,,,3292.0,2939.0,1311.0,4829.0
Nauru,2019,2985.75,,10801.7705659635,,,20.0,Oceania,,,,,71.0,8.0,0.0,81.0
Nauru,2020,3016.7,,10709.068810538,,,20.0,Oceania,,,,,188.0,12.0,0.0,200.0
Nauru,2021,3001.03,,14979.099896799,,,20.0,Oceania,,,,,244.0,10.0,0.0,256.0
Nauru,2022,3084.78,,12911.9086441381,,,20.0,Oceania,,,,,244.0,12.0,0.0,257.0
Nauru,2023,3087.34,,12752.4723855838,,,20.0,Oceania,,,,,244.0,13.0,2.0,256.0
Nepal,2010,2513.0,,585.278491984574,1.261,27341952.0,28.782699686083,Asia,,,,,40186.0,2890.0,493.0,45144.0
Nepal,2011,2547.66,,785.518656222132,0.33,27464494.0,28.7868852459016,Asia,,,,,43347.0,3061.0,357.0,46896.0
Nepal,2012,2598.89,,788.202937148377,0.52,27534915.0,28.5151398674573,Asia,,,,,46800.0,3767.0,435.0,49669.0
Nepal,2013,2626.9,,803.269595420477,0.289,27589996.0,28.2957244506453,Asia,,,,,45088.0,4541.0,381.0,49424.0
Nepal,2014,2657.95,,821.455224911731,0.425,27672370.0,28.1675388908266,Asia,,,,,47980.0,5561.0,430.0,52513.0
Nepal,2015,2690.62,,875.543635474862,0.771,27823629.0,27.9640516219044,Asia,,,,,47769.0,5151.0,311.0,52961.0
Nepal,2016,2794.55,,877.256454696737,1.32,27955462.0,27.7312179979072,Asia,,,,,50642.0,6527.0,277.0,57272.0
Nepal,2017,2846.61,,1034.28374906846,1.292,28011258.0,27.5400788280433,Asia,,,,,50507.0,6984.0,252.0,56573.0
Nepal,2018,2854.67,,1179.19843190389,0.785,28079689.0,26.9733247296826,Asia,,,,,51692.0,7549.0,458.0,57863.0
Nepal,2019,2887.24,,1203.14294706401,0.815,28414064.0,26.7748852459016,Asia,,,,,54130.0,8293.0,783.0,59630.0
Nepal,2020,2938.41,,1154.21517578318,0.295,28966574.0,26.5011008022323,Asia,,,,,55026.0,9873.0,626.0,61696.0
Nepal,2021,2994.01,,1252.75076731986,0.655,29475010.0,26.3199051273108,Asia,,,,,55005.0,13351.0,1225.0,64953.0
Nepal,2022,2972.16,,1385.91066274851,0.964,29715436.0,26.1213812347401,Asia,,,,,56482.0,8069.0,728.0,63295.0
Nepal,2023,2919.77,,1382.33055769304,1.171,29694614.0,26.1185908615277,Asia,,,,,56506.0,7139.0,1046.0,62609.0
Netherlands,2010,3193.4,,51305.7338533973,0.097,16615394.0,55.5084494515268,Europe,,,,,73151.0,121351.0,94563.0,99122.0
Netherlands,2011,3196.59,,54701.7728030611,1.064,16693074.0,55.1126927639383,Europe,,,,,77010.0,125493.0,100131.0,102105.0
Netherlands,2012,3211.85,,50473.9442002689,1.148,16754962.0,54.6174377224199,Europe,,,,,74138.0,127001.0,103386.0,100418.0
Netherlands,2013,3215.29,,52602.2860520766,0.423,16804432.0,54.8411991688928,Europe,,,,,74217.0,131660.0,104513.0,102460.0
Netherlands,2014,3229.53,,53457.2234864322,2.553,16865008.0,54.5888987830217,Europe,,,,,76946.0,131721.0,98586.0,104220.0
Netherlands,2015,3261.05,,45793.8135434697,1.282,16939923.0,54.8262548262548,Europe,,,,,71932.0,135788.0,101977.0,98044.0
Netherlands,2016,3241.82,,46808.5291492503,1.926,17030314.0,53.9055539055539,Europe,,,,,73521.0,137926.0,104783.0,103075.0
Netherlands,2017,3252.45,,49513.6817346384,1.714,17131296.0,54.024354024354,Europe,,,,,82718.0,153606.0,120659.0,112655.0
Netherlands,2018,3292.21,,53955.0770024266,2.128,17231624.0,54.1431541431541,Europe,,,,,75432.0,164054.0,121349.0,117574.0
Netherlands,2019,3433.58,,53554.9007491475,2.129,17344874.0,53.959013959014,Europe,,,,,80309.0,161237.0,121668.0,114387.0
Netherlands,2020,3435.59,,53467.9277413737,2.461,17441500.0,53.8892188892189,Europe,,,,,78955.0,167958.0,125118.0,115072.0
Netherlands,2021,3462.13,,60141.9880911492,1.3,17533044.0,53.8164538164538,Europe,,,,,78131.0,166143.0,126592.0,117813.0
Netherlands,2022,3471.64,,59123.318556487,2.579,17700982.0,53.5788535788536,Europe,,,,,79630.0,174282.0,133718.0,118068.0
Netherlands,2023,3466.98,,63515.6030780019,2.329,17877117.0,53.5491535491536,Europe,,,,,75840.0,166451.0,127743.0,111755.0
New Caledonia,2010,2774.02,,35798.9084757829,0.973,261582.0,10.8643326039387,Oceania,,,,,129.0,435.0,8.0,557.0
New Caledonia,2011,2745.43,,38835.9401851385,0.787,266543.0,10.410284463895,Oceania,,,,,132.0,464.0,10.0,580.0
New Caledonia,2012,2730.58,,35559.5672006157,0.588,271633.0,10.0675054704595,Oceania,,,,,142.0,496.0,12.0,603.0
New Caledonia,2013,2755.89,,36671.1566752621,0.683,276822.0,10.050875273523,Oceania,,,,,129.0,469.0,10.0,558.0
New Caledonia,2014,2771.02,,37816.9558599295,0.705,281224.0,10.050875273523,Oceania,,,,,149.0,479.0,9.0,579.0
New Caledonia,2015,2779.85,,30858.7237060533,0.918,283168.0,10.0672866520788,Oceania,,,,,168.0,441.0,4.0,577.0
New Caledonia,2016,2801.47,,30782.8544433514,1.75,283423.0,10.0672866520788,Oceania,,,,,167.0,414.0,7.0,576.0
New Caledonia,2017,2812.08,,32354.7102832901,1.536,283546.0,10.0672866520788,Oceania,,,,,170.0,408.0,9.0,566.0
New Caledonia,2018,2834.64,,34902.8968780031,1.184,283541.0,10.0672866520788,Oceania,,,,,164.0,389.0,9.0,534.0
New Caledonia,2019,2914.07,,33411.3358835672,1.094,283606.0,10.0672866520788,Oceania,,,,,168.0,403.0,9.0,556.0
New Caledonia,2020,2930.82,,33270.330597637,1.172,284176.0,10.0672866520788,Oceania,,,,,173.0,408.0,9.0,553.0
New Caledonia,2021,2977.51,,35311.5543551452,0.946,285214.0,10.0672866520788,Oceania,,,,,156.0,407.0,9.0,539.0
New Caledonia,2022,3000.71,,33516.363085906,1.676,287123.0,10.0672866520788,Oceania,,,,,146.0,416.0,3.0,546.0
New Caledonia,2023,3016.42,,33701.8923322781,0.613,289870.0,10.0672866520788,Oceania,,,,,146.0,396.0,5.0,536.0
New Zealand,2010,3142.46,,33761.9009639947,0.597,4350700.0,43.3253579431089,Oceania,,,,,31272.0,4868.0,17536.0,18867.0
New Zealand,2011,3258.13,,38431.7766788499,0.668,4384000.0,43.1848391629638,Oceania,,,,,31685.0,3864.0,14159.0,21362.0
New Zealand,2012,3229.9,,40053.6991536369,0.118,4408100.0,42.571113896168,Oceania,,,,,33828.0,5249.0,17922.0,21543.0
New Zealand,2013,3297.18,,43000.4646849189,0.971,4442100.0,42.1784208727356,Oceania,,,,,34360.0,5465.0,18078.0,22198.0
New Zealand,2014,3233.67,,44618.266973847,0.483,4516500.0,42.2163989214234,Oceania,,,,,37047.0,6586.0,19887.0,23635.0
New Zealand,2015,3194.48,,38665.3723018158,0.501,4609400.0,40.6820857544339,Oceania,,,,,37680.0,6552.0,20605.0,23733.0
New Zealand,2016,3154.13,,40113.7195382428,1.147,4714100.0,40.3099008772929,Oceania,,,,,37981.0,5943.0,21599.0,23000.0
New Zealand,2017,3126.8,,42950.3841711138,0.549,4813600.0,40.4238350233565,Oceania,,,,,36512.0,6831.0,20433.0,22538.0
New Zealand,2018,3153.93,,43257.0769238879,1.078,4900600.0,39.8693555125138,Oceania,,,,,37159.0,6828.0,20259.0,22952.0
New Zealand,2019,3115.51,,42855.831861632,1.026,4970300.0,39.2882913675895,Oceania,,,,,37734.0,6631.0,21563.0,22798.0
New Zealand,2020,3148.11,,41997.7830324279,0.828,5072400.0,38.5629106376514,Oceania,,,,,38057.0,6204.0,21716.0,22305.0
New Zealand,2021,3151.23,,49950.4251691316,0.899,5084600.0,38.6426645398959,Oceania,,,,,37914.0,6360.0,22499.0,21852.0
New Zealand,2022,3133.9,,49099.7090423358,1.269,5081700.0,37.0172040560556,Oceania,,,,,37034.0,6153.0,20181.0,22829.0
New Zealand,2023,3121.5,,49075.9562832927,1.065,5200000.0,36.8804830807793,Oceania,,,,,37298.0,6195.0,20335.0,23000.0
Nicaragua,2010,2538.69,,1526.56706951408,0.877,5737450.0,41.9644341033738,Americas,,,,,17068.0,2418.0,2654.0,16994.0
Nicaragua,2011,2570.89,,1679.71192084633,0.589,5819051.0,42.1381086920392,Americas,,,,,18550.0,2622.0,2665.0,18323.0
Nicaragua,2012,2581.66,,1784.69836017555,0.686,5901287.0,42.1555592487951,Americas,,,,,22027.0,2479.0,2960.0,21308.0
Nicaragua,2013,2570.68,,1835.43996363715,1.037,5983845.0,42.1555592487951,Americas,,,,,22276.0,2422.0,3183.0,22856.0
Nicaragua,2014,2552.54,,1958.37047579547,0.997,6066492.0,42.1555592487951,Americas,,,,,22745.0,2449.0,3548.0,21905.0
Nicaragua,2015,2557.63,,2074.45620634731,1.254,6149417.0,42.1555592487951,Americas,,,,,21618.0,2815.0,3220.0,21092.0
Nicaragua,2016,2638.18,,2131.68704828322,1.363,6232666.0,42.1555592487951,Americas,,,,,21636.0,2799.0,3164.0,21001.0
Nicaragua,2017,2668.11,,2182.61380995674,0.968,6316231.0,42.222037560246,Americas,,,,,24229.0,2832.0,3521.0,23277.0
Nicaragua,2018,2644.57,,2035.16549390507,0.985,6400080.0,42.2469669270401,Americas,,,,,24530.0,2774.0,3859.0,23467.0
Nicaragua,2019,2680.61,,1958.62051528095,1.419,6483657.0,42.2469669270401,Americas,,,,,25094.0,2648.0,4087.0,23764.0
Nicaragua,2020,2700.46,,1938.44704754382,1.459,6565267.0,42.3051354495596,Americas,,,,,25599.0,2887.0,4052.0,24417.0
Nicaragua,2021,2751.13,,2138.38588469449,1.177,6644741.0,42.3051354495596,Americas,,,,,25615.0,3169.0,4156.0,24472.0
Nicaragua,2022,2798.45,,2322.89053964583,0.994,6730654.0,42.3051354495596,Americas,,,,,26793.0,3311.0,4211.0,26027.0
Nicaragua,2023,2760.19,,2609.44492072931,1.667,6823613.0,42.3051354495596,Americas,,,,,25503.0,3442.0,3889.0,25241.0
Niger,2010,2556.06,,474.425692340831,1.664,16548835.0,34.7217178495303,Africa,,,,,20437.0,1893.0,529.0,21192.0
Niger,2011,2470.61,,510.75956176268,1.065,17176283.0,35.1164443040973,Africa,,,,,16744.0,1418.0,283.0,19036.0
Niger,2012,2513.42,,528.510104469655,0.699,17836769.0,35.3532801768375,Africa,,,,,20333.0,2672.0,437.0,21503.0
Niger,2013,2520.82,,552.103334363117,0.919,18519898.0,36.063787795058,Africa,,,,,20246.0,2393.0,430.0,22255.0
Niger,2014,2520.83,,565.30989731175,1.099,19215909.0,36.063787795058,Africa,,,,,21663.0,2741.0,446.0,23779.0
Niger,2015,2586.67,,485.662574175279,0.904,19939498.0,36.0740506828768,Africa,,,,,24534.0,2904.0,510.0,26544.0
Niger,2016,2620.82,,502.706475406446,1.042,20685753.0,36.6266677192705,Africa,,,,,26252.0,2467.0,1211.0,26715.0
Niger,2017,2601.04,,521.804130023434,0.869,21435446.0,36.7845583010973,Africa,,,,,27191.0,2725.0,1936.0,26906.0
Niger,2018,2687.25,,578.568035680892,1.081,22188069.0,36.7845583010973,Africa,,,,,29305.0,2913.0,1421.0,29357.0
Niger,2019,2651.65,,561.691304349698,0.98,22947757.0,36.7845583010973,Africa,,,,,28873.0,3548.0,582.0,30815.0
Niger,2020,2712.99,,579.512495758236,0.809,23717613.0,36.786689823952,Africa,,,,,32065.0,4244.0,522.0,33583.0
Niger,2021,2583.45,,608.722439593808,1.476,24502140.0,36.7873213862793,Africa,,,,,25461.0,3243.0,372.0,30528.0
Niger,2022,2694.95,,609.745147574878,0.449,25311973.0,36.7877950580248,Africa,,,,,33812.0,5479.0,290.0,34897.0
Niger,2023,2654.02,,638.336080897887,1.523,26159867.0,36.7873213862793,Africa,,,,,32089.0,3552.0,385.0,34774.0
Nigeria,2010,2566.17,,2202.25672957344,1.453,166642886.0,73.4421967126717,Africa,,,,,326905.0,26524.0,967.0,350479.0
Nigeria,2011,2528.97,,2418.41316975875,0.876,171379598.0,73.4914686474082,Africa,,,,,309242.0,29320.0,1173.0,339770.0
Nigeria,2012,2511.17,,2633.19734671361,0.553,176200625.0,73.755240730371,Africa,,,,,334064.0,25583.0,1320.0,355941.0
Nigeria,2013,2502.36,,2872.79083379398,0.947,181049443.0,73.5484116736388,Africa,,,,,325874.0,28506.0,1744.0,339296.0
Nigeria,2014,2562.22,,3088.72131316169,1.038,185896915.0,73.6946120315777,Africa,,,,,376218.0,28117.0,1307.0,400395.0
Nigeria,2015,2560.7,,2585.73360671797,1.22,190671878.0,73.9246242190674,Africa,,,,,384460.0,23595.0,1399.0,408554.0
Nigeria,2016,2561.62,,2070.4127339595,1.202,195443700.0,74.1530467626294,Africa,,,,,409169.0,20378.0,1456.0,424906.0
Nigeria,2017,2558.58,,1876.34027111773,1.17,200254579.0,74.3371732709685,Africa,,,,,405274.0,24388.0,2002.0,427044.0
Nigeria,2018,2519.65,,2057.87944554011,1.096,204938755.0,74.7367722915775,Africa,,,,,403185.0,21078.0,1727.0,420647.0
Nigeria,2019,2533.71,,3189.81286498516,1.236,209485641.0,74.9047952831121,Africa,,,,,413007.0,24260.0,1896.0,434066.0
Nigeria,2020,2497.85,,2797.18458068686,1.107,213996181.0,75.4191119602095,Africa,,,,,413348.0,24232.0,1677.0,435602.0
Nigeria,2021,2546.54,,2787.48779224428,1.62,218529286.0,75.6659597922637,Africa,,,,,454147.0,25203.0,1911.0,472450.0
Nigeria,2022,2520.64,,2899.16047470324,0.874,223150896.0,75.9658687703811,Africa,,,,,467669.0,20261.0,2161.0,485699.0
Nigeria,2023,2470.11,,2138.76383719983,1.485,227882945.0,76.1972932793131,Africa,,,,,468323.0,19691.0,2050.0,487305.0
North Macedonia,2010,3037.12,,4833.36586759968,1.367,1946298.0,44.3695479777954,Europe,,,,,4893.0,1478.0,1271.0,5100.0
North Macedonia,2011,3008.55,,5416.86672931659,0.746,1937398.0,44.3298969072165,Europe,,,,,4789.0,1512.0,1253.0,5124.0
North Macedonia,2012,3052.56,,5049.8265386157,1.481,1929821.0,50.2379064234734,Europe,,,,,4535.0,1729.0,1220.0,5119.0
North Macedonia,2013,3103.26,,5626.26115664893,1.453,1922716.0,49.9603489294211,Europe,,,,,4927.0,1569.0,1161.0,5295.0
North Macedonia,2014,3085.02,,5925.38592218015,1.35,1917557.0,50.0,Europe,,,,,4941.0,1623.0,1183.0,5213.0
North Macedonia,2015,3171.69,,5262.68671928674,1.543,1912430.0,50.0396510705789,Europe,,,,,5150.0,1841.0,1133.0,5745.0
North Macedonia,2016,3226.11,,5598.48622617967,1.689,1906313.0,50.1586042823156,Europe,,,,,5384.0,1870.0,1186.0,5906.0
North Macedonia,2017,3248.39,,5955.2973863451,1.128,1898657.0,50.1982553528945,Europe,,,,,4320.0,1932.0,942.0,5367.0
North Macedonia,2018,3336.73,,6713.98925398989,2.143,1889051.0,50.1189532117367,Europe,,,,,5282.0,1973.0,1003.0,5922.0
North Macedonia,2019,3434.24,,6718.85826635458,1.923,1876262.0,50.1586042823156,Europe,,,,,4961.0,2043.0,1067.0,5911.0
North Macedonia,2020,3523.35,,6659.59651070776,1.628,1856124.0,50.0396510705789,Europe,,,,,5180.0,2021.0,1000.0,6065.0
North Macedonia,2021,3569.87,,7620.80296977508,1.739,1837114.0,49.9603489294211,Europe,,,,,4919.0,2020.0,1046.0,5868.0
North Macedonia,2022,3522.43,,7606.2375253797,1.583,1831712.0,49.8413957176844,Europe,,,,,5112.0,1918.0,1039.0,5847.0
North Macedonia,2023,3475.55,,8674.35846327485,2.416,1827816.0,49.6034892942109,Europe,,,,,4245.0,2036.0,935.0,5376.0
Norway,2010,3570.07,,88163.2085931423,-0.333,4889252.0,2.75404934783323,Europe,,,,,14604.0,12758.0,6891.0,20657.0
Norway,2011,3561.43,,101221.813476644,1.413,4953088.0,2.73515786706969,Europe,,,,,13520.0,14020.0,6350.0,21167.0
Norway,2012,3579.55,,102175.919298374,1.07,5018573.0,2.71818291334012,Europe,,,,,13766.0,15012.0,6516.0,22078.0
Norway,2013,3562.33,,103553.840134417,0.806,5079623.0,2.70359004539183,Europe,,,,,13327.0,15236.0,6401.0,22135.0
Norway,2014,3518.71,,97666.6951838749,2.43,5137232.0,2.7026523658753,Europe,,,,,14622.0,16154.0,6973.0,23581.0
Norway,2015,3458.95,,74809.9658049898,1.791,5188607.0,2.70004137564292,Europe,,,,,14878.0,15631.0,7005.0,23330.0
Norway,2016,3418.19,,70867.3609970749,1.733,5234519.0,2.69388608214041,Europe,,,,,14369.0,15828.0,6576.0,23351.0
Norway,2017,3417.89,,76131.8384032764,1.563,5276968.0,2.69802778789613,Europe,,,,,14820.0,16692.0,6997.0,24300.0
Norway,2018,3487.25,,82792.8427113304,1.505,5311916.0,2.70133768638321,Europe,,,,,14683.0,17051.0,7456.0,23885.0
Norway,2019,3533.81,,76430.5889473338,1.212,5347896.0,2.69589201685045,Europe,,,,,15050.0,17445.0,7445.0,24629.0
Norway,2020,3533.18,,68340.0181033702,2.393,5379475.0,2.70656765993659,Europe,,,,,15269.0,18004.0,7401.0,25291.0
Norway,2021,3507.65,,93072.8925119571,1.52,5408320.0,2.70403821341313,Europe,,,,,15038.0,18418.0,7362.0,25945.0
Norway,2022,3486.89,,109269.520580298,1.923,5457127.0,2.70403821341313,Europe,,,,,15186.0,17503.0,7227.0,25399.0
Norway,2023,3475.59,,87497.2179649556,1.222,5519601.0,2.69580256403217,Europe,,,,,13971.0,16818.0,7155.0,24269.0
Oman,2010,3283.36,,23570.1798147325,1.37,2757446.0,4.66300484652666,Asia,,,,,2184.0,6329.0,1975.0,6558.0
Oman,2011,3158.97,,25188.0074151885,1.088,3076763.0,4.64232633279483,Asia,,,,,2098.0,6245.0,2019.0,6541.0
Oman,2012,2995.79,,24642.2978768596,1.036,3547106.0,4.60032310177706,Asia,,,,,2165.0,7131.0,1893.0,7323.0
Oman,2013,2994.93,,23458.0233840053,0.772,3833913.0,4.58642972536349,Asia,,,,,2407.0,7594.0,2253.0,8001.0
Oman,2014,3029.78,,23160.6502252547,0.805,4002439.0,4.58739903069467,Asia,,,,,2430.0,8638.0,2551.0,8241.0
Oman,2015,3023.53,,18808.3077921839,1.571,4184895.0,4.63327948303716,Asia,,,,,2810.0,9477.0,2768.0,9080.0
Oman,2016,2956.25,,17110.1897460545,1.212,4390877.0,4.63974151857835,Asia,,,,,2880.0,9083.0,2670.0,9340.0
Oman,2017,3032.07,,17820.0661809335,1.743,4537396.0,4.68794830371567,Asia,,,,,3740.0,10274.0,2786.0,10846.0
Oman,2018,3050.91,,19901.7615642016,1.476,4597877.0,4.71369951534733,Asia,,,,,4170.0,10826.0,3142.0,11599.0
Oman,2019,3062.92,,19180.1864152801,1.211,4591241.0,4.71369951534733,Asia,,,,,4206.0,10560.0,3194.0,11199.0
Oman,2020,3077.19,,16784.8630630058,0.836,4522497.0,4.71382875605816,Asia,,,,,4941.0,11304.0,3641.0,12380.0
Oman,2021,3033.5,,19403.4600160211,1.598,4500424.0,4.73738287560582,Asia,,,,,4729.0,14335.0,5575.0,12753.0
Oman,2022,3055.71,,23223.5829405935,1.342,4730226.0,4.73738287560582,Asia,,,,,5570.0,9799.0,2603.0,12420.0
Oman,2023,2981.33,,21027.7384778886,1.482,5049269.0,4.75518578352181,Asia,,,,,5769.0,10966.0,3703.0,13329.0
Pakistan,2010,2349.35,,987.304571124485,1.282,199239047.0,45.7165836446658,Asia,,,,,284345.0,11924.0,17485.0,283123.0
Pakistan,2011,2353.33,,1131.73513834324,0.804,203746065.0,46.6168534661685,Asia,,,,,308570.0,11639.0,22589.0,302776.0
Pakistan,2012,2356.53,,1204.36475491585,0.278,207667125.0,46.781600249066,Asia,,,,,310719.0,11311.0,18916.0,309878.0
Pakistan,2013,2366.23,,1225.4340119198,0.789,211073978.0,47.063096720631,Asia,,,,,340766.0,11456.0,22857.0,335216.0
Pakistan,2014,2354.57,,1266.61340849959,0.383,214264647.0,47.0267745952677,Asia,,,,,339126.0,14860.0,19012.0,332296.0
Pakistan,2015,2379.4,,1380.47020838317,0.592,217290883.0,46.9619136571191,Asia,,,,,343146.0,14209.0,21069.0,343211.0
Pakistan,2016,2437.74,,1424.69161195897,1.254,220138869.0,47.7298671647987,Asia,,,,,370190.0,15605.0,18109.0,367700.0
Pakistan,2017,2522.88,,1519.23459514248,1.33,223273967.0,48.0009858862599,Asia,,,,,394020.0,18785.0,16918.0,392531.0
Pakistan,2018,2368.91,,1569.33814626355,1.431,226928892.0,47.9361249481112,Asia,,,,,361062.0,19723.0,25779.0,357854.0
Pakistan,2019,2526.58,,1390.41690981745,0.616,230800899.0,47.0553134080531,Asia,,,,,364920.0,19983.0,22618.0,367810.0
Pakistan,2020,2520.05,,1278.39735206896,0.441,235001746.0,47.572903694479,Asia,,,,,404327.0,25333.0,17287.0,404384.0
Pakistan,2021,2587.96,,1455.31922370186,1.133,239477801.0,46.7180365296804,Asia,,,,,438499.0,26631.0,19312.0,431353.0
Pakistan,2022,2466.24,,1538.3228133171,1.39,243700667.0,46.6311228725612,Asia,,,,,431786.0,22009.0,22412.0,428185.0
Pakistan,2023,2513.76,,1360.32417758419,1.088,247504495.0,46.6933893731839,Asia,,,,,448016.0,22761.0,24560.0,433277.0
Panama,2010,2682.78,,8331.46422259967,1.059,3628535.0,30.4868173258004,Americas,,,,,9155.0,2562.0,1252.0,10522.0
Panama,2011,2746.91,,9662.29590911979,0.654,3693505.0,30.4412160344364,Americas,,,,,9254.0,2553.0,1170.0,10646.0
Panama,2012,2788.28,,11064.8063662003,0.602,3759256.0,30.3066989507667,Americas,,,,,9386.0,2789.0,1310.0,10997.0
Panama,2013,2786.41,,12273.3224983788,0.905,3825329.0,30.1721818670971,Americas,,,,,9998.0,2883.0,1396.0,11436.0
Panama,2014,2787.36,,13213.1989591137,0.871,3892101.0,30.1268213707501,Americas,,,,,9817.0,3532.0,1365.0,12054.0
Panama,2015,2794.42,,14082.6548434996,1.113,3960035.0,29.9919050188883,Americas,,,,,9677.0,3632.0,1217.0,12049.0
Panama,2016,2832.61,,14832.3611652459,1.033,4029086.0,29.8569886670264,Americas,,,,,10407.0,3639.0,1255.0,12655.0
Panama,2017,2876.94,,15694.6297518495,0.887,4098707.0,29.7220723151646,Americas,,,,,10561.0,3706.0,1225.0,12874.0
Panama,2018,3036.12,,16151.3273433486,1.29,4167860.0,29.563224588838,Americas,,,,,11443.0,3791.0,1378.0,13608.0
Panama,2019,3048.93,,16477.9066268111,1.487,4234700.0,29.4284173631707,Americas,,,,,11175.0,3787.0,1488.0,13406.0
Panama,2020,3022.04,,13290.5608397749,1.565,4293261.0,29.3084389323268,Americas,,,,,11279.0,3947.0,1781.0,13320.0
Panama,2021,3052.38,,15509.8069124139,1.146,4345405.0,29.4057158263683,Americas,,,,,11342.0,4376.0,1534.0,13559.0
Panama,2022,3095.87,,17378.6070017557,0.944,4400773.0,29.4057158263683,Americas,,,,,12191.0,3935.0,1468.0,14557.0
Panama,2023,3104.59,,18797.1933994045,1.652,4458759.0,29.522326772715,Americas,,,,,9714.0,3903.0,1405.0,12130.0
Papua New Guinea,2010,2110.2,,1866.86889851208,0.809,7633523.0,2.79777414653535,Oceania,,,,,18529.0,1357.0,1770.0,18050.0
Papua New Guinea,2011,2139.54,,2288.37591141234,0.129,7859346.0,2.83972971779358,Oceania,,,,,19349.0,1158.0,2041.0,19039.0
Papua New Guinea,2012,2173.4,,2635.0873631547,0.055,8081390.0,2.83972971779358,Oceania,,,,,19587.0,1360.0,1898.0,19288.0
Papua New Guinea,2013,2189.85,,2560.77458976327,0.508,8302698.0,2.83972971779358,Oceania,,,,,19852.0,1431.0,1778.0,20004.0
Papua New Guinea,2014,2213.39,,2723.17529825196,0.253,8523441.0,2.8816852890518,Oceania,,,,,20630.0,1651.0,1968.0,20615.0
Papua New Guinea,2015,2172.88,,2484.5963398603,0.188,8743246.0,2.91922448438811,Oceania,,,,,20937.0,2370.0,2220.0,20376.0
Papua New Guinea,2016,2188.71,,2316.39479758492,0.834,8961718.0,2.93247361215387,Oceania,,,,,21600.0,2581.0,2300.0,21428.0
Papua New Guinea,2017,2197.46,,2477.76530986323,0.661,9178714.0,3.10250408514773,Oceania,,,,,21946.0,2914.0,2694.0,22599.0
Papua New Guinea,2018,2178.43,,2566.36833735041,0.428,9394513.0,3.10250408514773,Oceania,,,,,22262.0,1954.0,2644.0,22240.0
Papua New Guinea,2019,2179.94,,2575.77274140393,0.445,9609010.0,3.10250408514773,Oceania,,,,,21714.0,2170.0,2336.0,21515.0
Papua New Guinea,2020,2213.91,,2429.61134585269,0.818,9815746.0,3.10250408514773,Oceania,,,,,22200.0,2316.0,2192.0,22131.0
Papua New Guinea,2021,2175.17,,2607.57861874444,0.947,10012896.0,3.10250408514773,Oceania,,,,,22590.0,2502.0,2802.0,22862.0
Papua New Guinea,2022,2202.56,,3102.28968594061,0.979,10203169.0,3.10250408514773,Oceania,,,,,23828.0,2902.0,2525.0,24006.0
Papua New Guinea,2023,2177.1,,2966.06830432055,0.529,10389635.0,3.10250408514773,Oceania,,,,,23939.0,2680.0,2382.0,23851.0
Paraguay,2010,3080.43,,4750.96273669458,0.483,5737971.0,47.4473657186006,Americas,,,,,47395.0,1137.0,16901.0,31064.0
Paraguay,2011,3122.53,,5805.40154542925,0.721,5814626.0,47.9879557009816,Americas,,,,,49665.0,1244.0,17346.0,31602.0
Paraguay,2012,3060.02,,5642.16991672846,0.963,5897008.0,48.5392985149761,Americas,,,,,36651.0,1144.0,16703.0,23814.0
Paraguay,2013,3122.53,,6435.68342733004,0.486,5982445.0,49.0869360684621,Americas,,,,,54677.0,1257.0,20458.0,34272.0
Paraguay,2014,3136.74,,6652.25478942461,1.294,6069811.0,49.6341485023911,Americas,,,,,56468.0,1297.0,19376.0,38098.0
Paraguay,2015,3096.11,,5879.33792308762,1.64,6159103.0,50.1495819280141,Americas,,,,,59776.0,1256.0,21703.0,40248.0
Paraguay,2016,3069.47,,5775.15963399596,0.375,6249126.0,50.6678494840171,Americas,,,,,60706.0,1365.0,21940.0,39915.0
Paraguay,2017,3103.42,,6152.2671153779,1.269,6338660.0,51.1846647369746,Americas,,,,,63192.0,1564.0,21410.0,40885.0
Paraguay,2018,3111.86,,6258.44991640984,0.652,6427382.0,51.7095343569091,Americas,,,,,62994.0,1765.0,20849.0,41288.0
Paraguay,2019,3103.74,,5821.18199548738,1.43,6515058.0,52.2353553989429,Americas,,,,,59824.0,1674.0,22062.0,40030.0
Paraguay,2020,3115.62,,5365.47220721104,1.527,6603739.0,52.7540030203876,Americas,,,,,68963.0,1874.0,23938.0,45158.0
Paraguay,2021,3098.45,,5976.93179789949,0.862,6684182.0,53.2711832368487,Americas,,,,,63131.0,2276.0,22640.0,42691.0
Paraguay,2022,3065.0,,6205.62595379319,0.829,6760464.0,54.1069405157129,Americas,,,,,46060.0,2111.0,20043.0,32323.0
Paraguay,2023,3067.06,,6299.99026533713,1.934,6844146.0,54.1069421552674,Americas,,,,,62745.0,1790.0,27518.0,40793.0
Peru,2010,2592.48,,5072.11494019615,1.031,29086019.0,18.644273125,Americas,,,,,78709.0,11404.0,14447.0,79387.0
Peru,2011,2605.88,,5861.35793645245,0.821,29304086.0,18.718241328125,Americas,,,,,87661.0,11764.0,17150.0,80135.0
Peru,2012,2671.47,,6519.37852981527,0.965,29550366.0,18.792209609375,Americas,,,,,85454.0,12831.0,18120.0,83751.0
Peru,2013,2702.25,,6746.80025696601,0.663,29817919.0,18.76575328125,Americas,,,,,90333.0,12809.0,13711.0,87256.0
Peru,2014,2737.11,,6667.13410360861,0.947,30115826.0,18.75578140625,Americas,,,,,87250.0,14041.0,14672.0,89770.0
Peru,2015,2763.82,,6231.71150338894,1.342,30457600.0,18.995159375,Americas,,,,,88343.0,15713.0,13029.0,89387.0
Peru,2016,2753.59,,6217.03599995447,1.431,30866494.0,18.75,Americas,,,,,85648.0,16419.0,12625.0,89863.0
Peru,2017,2766.51,,6736.16693725487,1.044,31324637.0,18.945396875,Americas,,,,,86739.0,19065.0,16388.0,91644.0
Peru,2018,2792.41,,6978.49121548627,0.799,31897584.0,18.82389765625,Americas,,,,,99155.0,18680.0,17408.0,96029.0
Peru,2019,2835.06,,7037.00803692604,1.157,32449303.0,18.6431953125,Americas,,,,,96232.0,19359.0,18520.0,99988.0
Peru,2020,2867.19,,6133.32552410183,1.542,32838579.0,19.125773046875,Americas,,,,,97773.0,20025.0,17134.0,99442.0
Peru,2021,2848.28,,6826.20255614477,1.091,33155882.0,19.60835078125,Americas,,,,,101873.0,19152.0,20927.0,99227.0
Peru,2022,2859.54,,7350.63034300417,0.512,33475438.0,19.05121875,Americas,,,,,103273.0,18568.0,21492.0,100424.0
Peru,2023,2810.52,,7887.54185920108,2.012,33845617.0,19.05121875,Americas,,,,,103076.0,18095.0,21291.0,100029.0
Philippines,2010,2411.14,,2162.91375885614,0.902,96337125.0,40.580876681088,Asia,,,,,192262.0,22723.0,11620.0,200748.0
Philippines,2011,2418.94,,2383.91892522087,0.472,98248614.0,41.1174833148875,Asia,,,,,216725.0,18719.0,13806.0,221883.0
Philippines,2012,2449.57,,2614.61644401308,0.778,100175512.0,41.6876278632995,Asia,,,,,218471.0,20909.0,13832.0,223457.0
Philippines,2013,2444.13,,2781.27957677397,0.905,102076336.0,41.8184257302881,Asia,,,,,214141.0,17480.0,16960.0,215986.0
Philippines,2014,2463.22,,2866.83803761407,0.737,103767130.0,41.9156856826642,Asia,,,,,217146.0,23416.0,17319.0,222367.0
Philippines,2015,2510.83,,2909.85818010301,0.953,105312992.0,42.0129456350404,Asia,,,,,211945.0,25212.0,11563.0,226844.0
Philippines,2016,2592.3,,2985.19564024046,1.416,106735719.0,42.1102055874166,Asia,,,,,208298.0,32345.0,14977.0,222881.0
Philippines,2017,2636.43,,3038.12124959289,1.016,108119693.0,42.224234497099,Asia,,,,,229362.0,36973.0,19361.0,243001.0
Philippines,2018,2728.61,,3168.51036609727,1.03,109465287.0,42.3013717007077,Asia,,,,,221831.0,43894.0,17235.0,239922.0
Philippines,2019,2801.08,,3400.78949767074,1.118,110804683.0,42.3785089043163,Asia,,,,,211919.0,49468.0,16556.0,243736.0
Philippines,2020,2793.97,,3227.57910235199,1.289,112081264.0,42.455646107925,Asia,,,,,217196.0,42063.0,18925.0,243514.0
Philippines,2021,2834.88,,3484.38593882819,1.141,113100950.0,42.5361371029949,Asia,,,,,221933.0,47523.0,19363.0,248351.0
Philippines,2022,2933.48,,3548.06930572116,1.107,113964338.0,42.3925948284536,Asia,,,,,217788.0,52965.0,18909.0,250318.0
Philippines,2023,2982.9,,3804.08274131097,1.307,114891199.0,42.6689472448603,Asia,,,,,214786.0,48854.0,13124.0,251131.0
Poland,2010,3442.24,,12567.7317676382,0.383,38042794.0,47.1757868616952,Europe,,,,,149755.0,23806.0,23722.0,153394.0
Poland,2011,3464.48,,13867.6669408192,0.745,38063255.0,48.2611109296934,Europe,,,,,157123.0,26438.0,22395.0,159189.0
Poland,2012,3439.26,,13087.420943321,1.361,38063164.0,47.4462804519626,Europe,,,,,163660.0,26228.0,29879.0,158834.0
Poland,2013,3387.6,,13621.9023794031,0.631,38040196.0,47.059207733255,Europe,,,,,158897.0,24783.0,35497.0,149724.0
Poland,2014,3398.67,,14262.2841914116,2.353,38011735.0,47.1080048336001,Europe,,,,,176512.0,26195.0,39224.0,158754.0
Poland,2015,3358.97,,12637.5220324406,1.988,37986412.0,46.9349096965936,Europe,,,,,154908.0,26744.0,42998.0,143757.0
Poland,2016,3438.75,,12464.0110508476,2.03,37970087.0,46.9447075345374,Europe,,,,,176344.0,30313.0,44283.0,158246.0
Poland,2017,3489.2,,13913.3402919927,1.45,37974826.0,47.2321107808877,Europe,,,,,184414.0,33002.0,44240.0,164415.0
Poland,2018,3531.69,,15658.2120316794,2.41,37974750.0,47.39850409903,Europe,,,,,170120.0,34094.0,43400.0,158958.0
Poland,2019,3577.34,,15874.5220531254,2.622,37965475.0,47.4437293783281,Europe,,,,,166108.0,34780.0,44010.0,158972.0
Poland,2020,3632.11,,16150.9304813473,2.648,37515748.0,48.1266128768824,Europe,,,,,188466.0,36982.0,55479.0,165619.0
Poland,2021,3678.89,,18635.5104895754,1.429,36981559.0,47.3691604050964,Europe,,,,,186418.0,36630.0,57745.0,163050.0
Poland,2022,3718.85,,18891.2121169279,2.017,36821749.0,46.3131758633082,Europe,,,,,186476.0,44748.0,60399.0,168227.0
Poland,2023,3730.14,,22145.2660647429,2.456,36687353.0,47.6050543637967,Europe,,,,,190883.0,37797.0,69034.0,162730.0
Portugal,2010,3513.28,,22551.935098809,1.077,10573100.0,39.8970411616989,Europe,,,,,21763.0,23102.0,7017.0,37989.0
Portugal,2011,3492.04,,23246.5425416481,1.583,10557560.0,39.8445245114095,Europe,,,,,20274.0,22731.0,7828.0,35781.0
Portugal,2012,3460.75,,20593.4274224109,0.769,10514844.0,40.0088437602358,Europe,,,,,20306.0,23851.0,8735.0,35329.0
Portugal,2013,3443.05,,21676.4859642714,0.909,10457295.0,40.4027282294018,Europe,,,,,21051.0,24076.0,8887.0,35670.0
Portugal,2014,3402.71,,22120.6850127107,1.329,10401062.0,39.996244771062,Europe,,,,,21566.0,25094.0,9818.0,36757.0
Portugal,2015,3463.6,,19215.7813014347,1.376,10358076.0,39.7222440549486,Europe,,,,,23288.0,24750.0,9644.0,36913.0
Portugal,2016,3402.18,,19980.2808866516,1.658,10325452.0,39.5066458819112,Europe,,,,,21577.0,25573.0,9985.0,35755.0
Portugal,2017,3424.56,,21442.3842768879,2.085,10300300.0,40.1000899508327,Europe,,,,,23297.0,27523.0,10729.0,38412.0
Portugal,2018,3450.71,,23541.1401075289,0.841,10283822.0,40.791900276839,Europe,,,,,20940.0,30446.0,11210.0,38827.0
Portugal,2019,3462.91,,23343.3628970034,1.225,10286263.0,43.1253165745326,Europe,,,,,22577.0,27995.0,11215.0,37960.0
Portugal,2020,3472.15,,22299.4044062173,1.921,10297081.0,43.1660902826901,Europe,,,,,21772.0,27443.0,12671.0,35513.0
Portugal,2021,3486.4,,24711.4510062111,1.153,10361831.0,43.2538567511157,Europe,,,,,25313.0,29471.0,12838.0,40800.0
Portugal,2022,3498.41,,24620.5197587181,2.188,10434332.0,42.7894964936641,Europe,,,,,22208.0,29340.0,13856.0,37156.0
Portugal,2023,3552.93,,27634.6183139773,2.482,10578174.0,43.33752194189,Europe,,,,,23739.0,30290.0,13581.0,38762.0
Qatar,2019,3414.33,,66841.3623185691,1.844,2638657.0,6.44038294168842,Asia,,,,,427.0,7250.0,15.0,7509.0
Qatar,2020,3377.29,,51683.5681078949,1.759,2794148.0,6.44038294168842,Asia,,,,,461.0,7334.0,16.0,7524.0
Qatar,2021,3311.52,,71751.9363398856,2.179,2504910.0,6.44038294168842,Asia,,,,,478.0,6144.0,20.0,6663.0
Qatar,2022,3305.07,,88701.4689763536,1.887,2657333.0,6.44038294168842,Asia,,,,,439.0,7288.0,23.0,7623.0
Qatar,2023,3251.08,,81816.9797967481,2.106,2656032.0,6.44038294168842,Asia,,,,,492.0,5626.0,33.0,6333.0
Romania,2010,3358.32,,8399.5374234284,1.167,20246871.0,61.5344490328189,Europe,,,,,72155.0,12375.0,16573.0,69292.0
Romania,2011,3394.44,,9560.6755277458,0.5,20147528.0,60.7464048312117,Europe,,,,,83822.0,12036.0,15739.0,74810.0
Romania,2012,3351.38,,8929.95366231474,1.829,20058035.0,59.7035040431267,Europe,,,,,60350.0,12524.0,14996.0,60938.0
Romania,2013,3418.25,,9497.67411615237,1.375,19983693.0,60.4486371342868,Europe,,,,,83357.0,12297.0,25062.0,73750.0
Romania,2014,3476.81,,10031.7710755404,1.553,19908979.0,60.1095271210014,Europe,,,,,87761.0,13089.0,27931.0,73074.0
Romania,2015,3537.66,,8977.01748158196,1.774,19815616.0,60.2312239221141,Europe,,,,,78650.0,16497.0,28213.0,69738.0
Romania,2016,3580.34,,9404.54005870715,1.847,19702267.0,58.7665159944367,Europe,,,,,83830.0,20868.0,32716.0,71514.0
Romania,2017,3596.99,,10727.9822007426,1.123,19588715.0,58.1449930458971,Europe,,,,,99993.0,19172.0,32426.0,72408.0
Romania,2018,3621.81,,12416.134317959,2.226,19473970.0,58.3014603616134,Europe,,,,,109737.0,17478.0,33519.0,80522.0
Romania,2019,3650.09,,12909.6104013244,2.205,19371648.0,60.0921418636996,Europe,,,,,102284.0,18904.0,36925.0,74870.0
Romania,2020,3646.48,,13009.1770573223,2.208,19265250.0,56.7150556328234,Europe,,,,,71728.0,22915.0,30295.0,66765.0
Romania,2021,3660.52,,14907.9803652143,1.372,19122059.0,56.8454450625869,Europe,,,,,93973.0,22350.0,41070.0,69394.0
Romania,2022,3701.64,,15503.551804598,1.892,19048502.0,55.1025730180807,Europe,,,,,69910.0,26936.0,35861.0,65648.0
Romania,2023,3648.94,,18244.4186876321,2.659,19061062.0,55.2633866481224,Europe,,,,,74408.0,24979.0,46053.0,61177.0
Russian Federation,2010,3348.09,,10674.990234375,0.872,142849468.0,13.1584362579663,Europe,,,,,370904.0,77294.0,37164.0,445968.0
Russian Federation,2011,3387.59,,14305.33203125,1.696,143018195.0,13.1584362579663,Europe,,,,,539338.0,74454.0,49834.0,530356.0
Russian Federation,2012,3422.06,,15401.8515625,1.925,143378447.0,13.1584362579663,Europe,,,,,484032.0,78606.0,62754.0,521678.0
Russian Federation,2013,3399.44,,15941.4482421875,1.159,143805638.0,13.1584362579663,Europe,,,,,519242.0,86455.0,56435.0,542769.0
Russian Federation,2014,3423.56,,14055.47265625,1.748,144237223.0,13.1584362579663,Europe,,,,,527174.0,71589.0,79539.0,523908.0
Russian Federation,2015,3413.51,,9277.7138671875,2.241,144640716.0,13.1584362579663,Europe,,,,,546471.0,60881.0,82916.0,523664.0
Russian Federation,2016,3389.48,,8663.158203125,2.451,145015460.0,13.1584362579663,Europe,,,,,583489.0,61709.0,92901.0,530501.0
Russian Federation,2017,3420.61,,10658.9130859375,2.121,145293260.0,13.1584362579663,Europe,,,,,617201.0,62720.0,116106.0,556704.0
Russian Federation,2018,3375.45,,11211.8876953125,2.037,145398106.0,13.1584362579663,Europe,,,,,561140.0,61098.0,140854.0,503971.0
Russian Federation,2019,3395.35,,11447.701171875,2.184,145453291.0,13.1584362579663,Europe,,,,,612942.0,61248.0,114638.0,551504.0
Russian Federation,2020,3410.97,,10108.3271484375,3.697,145245148.0,13.1584362579663,Europe,,,,,588852.0,56440.0,131525.0,523031.0
Russian Federation,2021,3432.24,,12425.029296875,1.63,144746762.0,13.1584362579663,Europe,,,,,583993.0,57716.0,106665.0,529852.0
Russian Federation,2022,3501.58,,15619.6142578125,2.269,144236933.0,13.1584362579663,Europe,,,,,688147.0,45245.0,82162.0,568742.0
Russian Federation,2023,3528.4,,14159.3876953125,2.505,143826130.0,13.171076035897,Europe,,,,,666068.0,42028.0,119617.0,566243.0
Rwanda,2010,2119.76,,593.624927744346,,10317553.0,77.9083907580057,Africa,,,,,16683.0,993.0,122.0,16660.0
Rwanda,2011,2126.84,,651.133677964662,,10573733.0,78.759627077422,Africa,,,,,17893.0,920.0,177.0,17216.0
Rwanda,2012,2141.67,,706.817269168561,,10829901.0,79.4081880826915,Africa,,,,,19568.0,1176.0,322.0,18408.0
Rwanda,2013,2147.58,,704.92421851123,,11093340.0,80.2594244021078,Africa,,,,,20329.0,1224.0,440.0,19282.0
Rwanda,2014,2136.29,,724.957526520906,,11364757.0,81.3133360356709,Africa,,,,,15288.0,1362.0,356.0,16276.0
Rwanda,2015,2080.62,,733.998629882494,,11640022.0,81.3538710985002,Africa,,,,,15232.0,1801.0,489.0,16546.0
Rwanda,2016,2220.79,,729.519133812945,,11919183.0,81.2728009728415,Africa,,,,,15617.0,2366.0,471.0,17504.0
Rwanda,2017,2283.37,,758.300966509647,,12202060.0,81.2728009728415,Africa,,,,,16043.0,2677.0,642.0,18081.0
Rwanda,2018,2212.96,,771.773511207309,,12487996.0,79.0028374543981,Africa,,,,,16478.0,2617.0,868.0,18217.0
Rwanda,2019,2199.54,,810.051412137354,,12776103.0,77.1787596270774,Africa,,,,,17733.0,2286.0,927.0,19090.0
Rwanda,2020,2158.08,,778.701498925026,,13065837.0,79.3919740575598,Africa,,,,,18311.0,2184.0,735.0,19761.0
Rwanda,2021,2336.03,,829.544845263697,,13355260.0,81.2509120389137,Africa,,,,,19228.0,2626.0,1197.0,20665.0
Rwanda,2022,2477.34,,975.469323735369,,13651030.0,80.0367774625051,Africa,,,,,19346.0,3381.0,1247.0,21469.0
Rwanda,2023,2404.9,,1027.03446826565,,13954471.0,76.3328334008918,Africa,,,,,19394.0,2253.0,182.0,21461.0
Samoa,2010,2899.35,,3524.2479246203,1.026,193023.0,14.6643109540636,Oceania,,,,,551.0,123.0,34.0,659.0
Samoa,2011,2868.22,,3821.50678264479,0.686,194713.0,16.9611307420495,Oceania,,,,,572.0,119.0,30.0,674.0
Samoa,2012,2907.03,,3934.60320799981,0.781,196498.0,19.2579505300353,Oceania,,,,,570.0,144.0,39.0,694.0
Samoa,2013,2946.72,,4023.5254013825,1.073,198268.0,21.5547703180212,Oceania,,,,,574.0,155.0,40.0,699.0
Samoa,2014,3004.96,,3982.68080202084,0.886,200037.0,23.8515901060071,Oceania,,,,,555.0,196.0,15.0,601.0
Samoa,2015,2990.19,,4084.36083819933,0.725,201782.0,26.7208480565371,Oceania,,,,,309.0,162.0,56.0,471.0
Samoa,2016,3035.86,,4147.07097674888,1.255,203499.0,24.3144876325088,Oceania,,,,,307.0,208.0,45.0,481.0
Samoa,2017,3016.95,,4307.59381964907,1.151,205415.0,22.3021582733813,Oceania,,,,,311.0,167.0,34.0,478.0
Samoa,2018,3067.96,,4231.81409469194,0.905,207582.0,19.8453237410072,Oceania,,,,,318.0,213.0,31.0,502.0
Samoa,2019,3084.11,,4351.94234943706,1.255,209780.0,17.773381294964,Oceania,,,,,313.0,234.0,58.0,475.0
Samoa,2020,3091.97,,4099.59660548583,1.147,211944.0,17.773381294964,Oceania,,,,,310.0,211.0,26.0,478.0
Samoa,2021,3154.87,,4021.55934894283,0.984,213779.0,17.773381294964,Oceania,,,,,322.0,284.0,62.0,487.0
Samoa,2022,3178.29,,4132.44717734444,0.971,215261.0,17.773381294964,Oceania,,,,,322.0,189.0,26.0,475.0
Samoa,2023,3116.51,,4822.74084650019,0.996,216663.0,17.5647482014388,Oceania,,,,,331.0,194.0,16.0,518.0
Sao Tome and Principe,2010,2345.62,,1045.20958234528,0.975,181802.0,34.375,Africa,,,,,234.0,76.0,9.0,312.0
Sao Tome and Principe,2011,2313.11,,1219.80189089671,0.669,185649.0,35.4166666666667,Africa,,,,,228.0,76.0,9.0,312.0
Sao Tome and Principe,2012,2332.65,,1192.0202911189,0.732,189439.0,36.4583333333333,Africa,,,,,243.0,86.0,8.0,329.0
Sao Tome and Principe,2013,2363.71,,1382.5757842916,0.839,193148.0,36.4583333333333,Africa,,,,,275.0,90.0,11.0,353.0
Sao Tome and Principe,2014,2330.48,,1489.67633417608,0.919,196767.0,38.5416666666667,Africa,,,,,259.0,109.0,12.0,347.0
Sao Tome and Principe,2015,2313.82,,1298.10946596396,0.867,200291.0,38.5416666666667,Africa,,,,,261.0,109.0,12.0,346.0
Sao Tome and Principe,2016,2357.43,,1434.87018050521,1.557,203689.0,41.6666666666667,Africa,,,,,273.0,111.0,12.0,356.0
Sao Tome and Principe,2017,2356.68,,1555.79477812888,1.226,206970.0,42.7083333333333,Africa,,,,,285.0,111.0,14.0,368.0
Sao Tome and Principe,2018,2356.16,,1825.59971753966,0.91,210187.0,43.75,Africa,,,,,271.0,108.0,10.0,367.0
Sao Tome and Principe,2019,2378.23,,1935.2931816596,1.254,213392.0,43.75,Africa,,,,,204.0,112.0,14.0,299.0
Sao Tome and Principe,2020,2428.24,,2167.22001796925,1.434,217435.0,43.75,Africa,,,,,208.0,105.0,20.0,289.0
Sao Tome and Principe,2021,2431.33,,2362.58827248102,1.203,221961.0,44.7916666666667,Africa,,,,,227.0,119.0,22.0,316.0
Sao Tome and Principe,2022,2374.95,,2389.73729784737,1.178,226305.0,44.7916666666667,Africa,,,,,242.0,101.0,20.0,322.0
Sao Tome and Principe,2023,2279.41,,2990.6606143535,1.187,230871.0,44.7916666666667,Africa,,,,,232.0,91.0,16.0,306.0
Saudi Arabia,2010,3400.26,,22028.3901426586,2.079,23978487.0,80.8209750708242,Asia,,,,,16308.0,47879.0,7730.0,54550.0
Saudi Arabia,2011,3326.02,,27126.7498747702,0.772,25091867.0,80.8180482767283,Asia,,,,,16220.0,48330.0,7931.0,55164.0
Saudi Arabia,2012,3448.22,,28733.4375513452,1.141,26168861.0,80.8132607957426,Asia,,,,,15981.0,52961.0,8563.0,59882.0
Saudi Arabia,2013,3387.41,,27865.465604962,1.147,27624004.0,80.8084732682387,Asia,,,,,15932.0,59636.0,7215.0,66166.0
Saudi Arabia,2014,3488.67,,27805.4850319422,1.234,28309273.0,80.7661454907452,Asia,,,,,14144.0,59118.0,6806.0,62184.0
Saudi Arabia,2015,3498.21,,23256.1549553531,1.875,29816382.0,80.7626139582917,Asia,,,,,15013.0,59108.0,6241.0,64095.0
Saudi Arabia,2016,3521.66,,22267.7217050387,1.528,30954198.0,80.7596872107141,Asia,,,,,15307.0,62019.0,5901.0,67913.0
Saudi Arabia,2017,3575.82,,23929.2907135982,1.733,30977355.0,80.7591328517135,Asia,,,,,15473.0,66004.0,6277.0,72258.0
Saudi Arabia,2018,3704.1,,29360.0658968566,1.792,30196281.0,80.7582529108848,Asia,,,,,16244.0,58020.0,5820.0,71294.0
Saudi Arabia,2019,3786.13,,29566.7933827436,1.672,30063799.0,80.7636691802074,Asia,,,,,17863.0,55436.0,7599.0,64727.0
Saudi Arabia,2020,3780.01,,24338.8307301067,1.484,31552510.0,80.7734077936819,Asia,,,,,20658.0,57540.0,6295.0,69385.0
Saudi Arabia,2021,3730.01,,31920.7653655643,2.224,30784383.0,80.7732356758416,Asia,,,,,20049.0,60243.0,6534.0,74125.0
Saudi Arabia,2022,3720.47,,38510.2276211037,1.804,32175224.0,80.7732356758416,Asia,,,,,20976.0,64298.0,5933.0,74014.0
Saudi Arabia,2023,3659.84,,36156.848337701,1.844,33702731.0,80.7732356758416,Asia,,,,,23770.0,50561.0,6860.0,65220.0
Senegal,2010,2456.33,,1275.88357492357,1.497,12635413.0,48.1898924842882,Africa,,,,,12842.0,5091.0,724.0,16005.0
Senegal,2011,2446.74,,1374.67591873844,1.238,12958897.0,46.5641718173791,Africa,,,,,10013.0,5307.0,1025.0,15569.0
Senegal,2012,2480.31,,1326.83798848379,0.915,13310495.0,46.5641718173791,Africa,,,,,11288.0,6595.0,985.0,16297.0
Senegal,2013,2430.66,,1379.83196553924,1.26,13710849.0,46.5797538046019,Africa,,,,,10739.0,6634.0,1179.0,15777.0
Senegal,2014,2444.65,,1398.89137601382,1.167,14152102.0,46.6005297875656,Africa,,,,,11580.0,6652.0,1179.0,16943.0
Senegal,2015,2468.2,,1218.00613555438,1.283,14593331.0,48.4495922713343,Africa,,,,,15301.0,7258.0,1612.0,18992.0
Senegal,2016,2524.1,,1266.43957151587,1.601,15034521.0,48.2418324416974,Africa,,,,,14513.0,6854.0,1691.0,19368.0
Senegal,2017,2561.4,,1356.80518449031,1.8,15475002.0,48.4236222926297,Africa,,,,,18569.0,8401.0,1549.0,21949.0
Senegal,2018,2590.15,,1452.55612562445,1.029,15914498.0,48.605412143562,Africa,,,,,22381.0,8747.0,1848.0,25814.0
Senegal,2019,2645.6,,1431.18128932159,1.486,16352922.0,48.7975899859762,Africa,,,,,22373.0,7808.0,2675.0,27367.0
Senegal,2020,2717.52,,1461.08720350553,1.777,16789219.0,48.9793798369085,Africa,,,,,26419.0,8965.0,2314.0,31791.0
Senegal,2021,2736.45,,1598.10676952274,1.892,17220867.0,49.4000934919233,Africa,,,,,25985.0,9128.0,2795.0,31341.0
Senegal,2022,2773.65,,1574.0281059306,1.54,17651103.0,49.4000934919233,Africa,,,,,25538.0,10396.0,2345.0,32684.0
Senegal,2023,2847.77,,1698.03387300843,2.052,18077573.0,49.4000934919233,Africa,,,,,26717.0,11203.0,1942.0,33709.0
Serbia,2010,3330.89,,5970.92660940072,1.199,7291436.0,40.2652641207409,Europe,,,,,40755.0,2018.0,8518.0,34369.0
Serbia,2011,3391.75,,7082.2861666075,0.771,7236519.0,40.3407271895724,Europe,,,,,39533.0,2324.0,8271.0,33336.0
Serbia,2012,3409.75,,6263.04086072815,1.726,7201497.0,39.5906700205808,Europe,,,,,30859.0,2309.0,8365.0,29969.0
Serbia,2013,3471.78,,7040.41812068781,1.448,7166553.0,39.9176766521839,Europe,,,,,40042.0,2495.0,7778.0,33066.0
Serbia,2014,3434.73,,6886.67809068704,1.637,7131787.0,40.0914703864624,Europe,,,,,43241.0,2540.0,9626.0,32684.0
Serbia,2015,3494.44,,5820.3215576888,1.787,7095383.0,39.8010519094443,Europe,,,,,35593.0,2919.0,9759.0,29567.0
Serbia,2016,3492.81,,5982.37030126471,1.745,7058322.0,39.5152069517494,Europe,,,,,43060.0,2561.0,11043.0,33083.0
Serbia,2017,3519.72,,6548.03653824187,1.312,7020858.0,39.0921564143609,Europe,,,,,33437.0,2999.0,9234.0,31179.0
Serbia,2018,3586.84,,7559.86165747394,2.353,6982604.0,39.6066773382118,Europe,,,,,40856.0,3275.0,10085.0,30595.0
Serbia,2019,3678.86,,7755.632986437,2.117,6945235.0,39.5609421449806,Europe,,,,,40998.0,3450.0,12613.0,30144.0
Serbia,2020,3747.2,,8098.70955668849,1.847,6899126.0,41.4080152217862,Europe,,,,,42481.0,3568.0,13756.0,31981.0
Serbia,2021,3816.85,,9680.52798074468,1.628,6834326.0,41.443691283149,Europe,,,,,39375.0,3982.0,12074.0,30246.0
Serbia,2022,3860.11,,10024.8191112596,1.977,6664449.0,41.2534189558806,Europe,,,,,33939.0,4339.0,8957.0,31367.0
Serbia,2023,3878.93,,12281.707946167,2.606,6623183.0,40.3853014627185,Europe,,,,,40248.0,4075.0,8235.0,32022.0
Seychelles,2010,2830.77,,10934.79494629,0.735,89770.0,5.21739130434783,Africa,,,,,204.0,269.0,221.0,193.0
Seychelles,2011,2756.72,,12110.0937461973,0.635,87441.0,3.26086956521739,Africa,,,,,182.0,268.0,296.0,182.0
Seychelles,2012,2721.7,,12337.1554669388,0.668,88303.0,3.26086956521739,Africa,,,,,170.0,257.0,312.0,180.0
Seychelles,2013,2691.91,,14821.2921476077,0.488,89949.0,3.3695652173913,Africa,,,,,181.0,263.0,259.0,193.0
Seychelles,2014,2769.3,,15188.1902175113,0.615,91359.0,3.3695652173913,Africa,,,,,181.0,283.0,254.0,206.0
Seychelles,2015,2857.84,,15333.1051727105,0.913,93419.0,3.3695652173913,Africa,,,,,245.0,312.0,322.0,224.0
Seychelles,2016,2894.48,,16566.9946042294,0.86,94677.0,3.3695652173913,Africa,,,,,283.0,364.0,392.0,239.0
Seychelles,2017,2818.74,,17480.3651911372,1.004,95843.0,3.3695652173913,Africa,,,,,320.0,353.0,411.0,259.0
Seychelles,2018,2909.23,,18440.2340460932,0.738,96762.0,3.3695652173913,Africa,,,,,330.0,352.0,438.0,246.0
Seychelles,2019,2860.36,,19141.5118743615,1.199,97625.0,3.3695652173913,Africa,,,,,307.0,337.0,386.0,260.0
Seychelles,2020,2901.82,,14041.4754074575,1.256,98462.0,3.3695652173913,Africa,,,,,305.0,334.0,386.0,258.0
Seychelles,2021,2875.01,,14982.9111487767,0.707,99258.0,3.3695652173913,Africa,,,,,310.0,324.0,386.0,251.0
Seychelles,2022,2890.34,,16836.6721895387,0.547,119878.0,3.3695652173913,Africa,,,,,315.0,340.0,386.0,270.0
Seychelles,2023,2888.64,,18262.7115849287,0.984,119773.0,3.3695652173913,Africa,,,,,314.0,374.0,388.0,304.0
Sierra Leone,2010,2379.08,,685.039673490948,1.206,6222714.0,54.4524799113328,Africa,,,,,12137.0,641.0,36.0,13008.0
Sierra Leone,2011,2400.44,,761.146365577281,0.952,6387251.0,55.6612635078969,Africa,,,,,12888.0,935.0,35.0,13727.0
Sierra Leone,2012,2385.93,,937.504428180231,0.405,6551080.0,53.1539207536714,Africa,,,,,13257.0,1203.0,50.0,14287.0
Sierra Leone,2013,2372.45,,1117.47183075115,0.71,6714051.0,54.7055971183153,Africa,,,,,13989.0,1322.0,40.0,14928.0
Sierra Leone,2014,2323.81,,1117.7586465721,0.671,6876385.0,54.7104461069548,Africa,,,,,14362.0,1507.0,70.0,15683.0
Sierra Leone,2015,2404.92,,964.575980888989,0.903,7037655.0,54.7104461069548,Africa,,,,,14480.0,1927.0,195.0,16450.0
Sierra Leone,2016,2324.13,,844.416411175476,0.886,7205328.0,54.7104461069548,Africa,,,,,13737.0,1355.0,99.0,15485.0
Sierra Leone,2017,2356.59,,779.186007841728,1.408,7379299.0,54.7104461069548,Africa,,,,,14220.0,2101.0,121.0,16298.0
Sierra Leone,2018,2360.43,,845.914540460932,0.951,7554563.0,54.7104461069548,Africa,,,,,14649.0,1880.0,86.0,16656.0
Sierra Leone,2019,2306.63,,843.712517809977,1.4,7731991.0,54.7104461069548,Africa,,,,,7930.0,1884.0,88.0,10680.0
Sierra Leone,2020,2319.77,,845.277557920549,1.579,7912558.0,54.7104461069548,Africa,,,,,9759.0,2256.0,78.0,12890.0
Sierra Leone,2021,2366.67,,885.396401885395,1.589,8094602.0,54.7104461069548,Africa,,,,,14549.0,2160.0,110.0,15145.0
Sierra Leone,2022,2418.5,,860.371067916096,1.482,8276807.0,54.7104461069548,Africa,,,,,11353.0,2366.0,104.0,13019.0
Sierra Leone,2023,2437.3,,758.329137378248,1.343,8460512.0,54.7104461069548,Africa,,,,,12208.0,2078.0,75.0,13420.0
Slovak Republic,2010,2823.15,,16899.448680529,0.681,5391428.0,40.4379197770893,Europe,,,,,12829.0,7163.0,5957.0,14742.0
Slovak Republic,2011,2811.21,,18469.4354316836,0.835,5398384.0,40.1285143902845,Europe,,,,,15695.0,7631.0,6609.0,15840.0
Slovak Republic,2012,2764.16,,17516.9691054078,1.567,5407579.0,40.0806854100815,Europe,,,,,13104.0,7223.0,8502.0,13982.0
Slovak Republic,2013,2859.21,,18312.7805149823,0.947,5413393.0,39.3736483114291,Europe,,,,,14677.0,7304.0,7965.0,14906.0
Slovak Republic,2014,2833.27,,18770.9289896545,2.361,5418649.0,39.2970049916805,Europe,,,,,18372.0,7743.0,7640.0,15804.0
Slovak Republic,2015,2738.34,,16442.0760860018,2.108,5423801.0,39.2787321658833,Europe,,,,,15254.0,8162.0,9567.0,14330.0
Slovak Republic,2016,2857.34,,16636.0769133073,1.949,5430798.0,39.2262895174709,Europe,,,,,18654.0,8568.0,9546.0,16376.0
Slovak Republic,2017,2884.37,,17645.5298716761,1.267,5439232.0,39.0806988352745,Europe,,,,,15141.0,8810.0,9284.0,15444.0
Slovak Republic,2018,2908.12,,19573.3717031314,2.54,5446771.0,39.2886855241265,Europe,,,,,16571.0,9229.0,8414.0,15664.0
Slovak Republic,2019,3028.76,,19406.0589683582,2.412,5454147.0,39.2054908485857,Europe,,,,,16100.0,9434.0,8389.0,16072.0
Slovak Republic,2020,3015.58,,19735.4858280801,2.038,5458827.0,39.1638935108153,Europe,,,,,17229.0,9500.0,9831.0,16761.0
Slovak Republic,2021,2979.09,,22123.3342114545,1.288,5447247.0,38.6023294509151,Europe,,,,,17103.0,9556.0,10361.0,16586.0
Slovak Republic,2022,2980.59,,21317.7943982363,2.028,5431752.0,38.4567387687188,Europe,,,,,14553.0,11750.0,11725.0,15680.0
Slovak Republic,2023,2979.96,,24614.8734642794,2.468,5426740.0,37.9575707154742,Europe,,,,,17340.0,11114.0,11646.0,16653.0
Slovenia,2010,3241.13,,23329.8417691156,0.77,2048583.0,30.9666339061461,Europe,,,,,3574.0,4650.0,2543.0,5599.0
Slovenia,2011,3231.21,,24940.6284841605,1.359,2052843.0,30.8056189814355,Europe,,,,,3665.0,5078.0,2777.0,5687.0
Slovenia,2012,3221.63,,22442.1417859955,1.934,2057159.0,30.36826717364,Europe,,,,,3368.0,4511.0,2585.0,5477.0
Slovenia,2013,3231.43,,23236.9655321695,1.234,2059953.0,30.298411122145,Europe,,,,,3101.0,4535.0,2285.0,5504.0
Slovenia,2014,3262.47,,24013.0682060959,2.419,2061980.0,30.5283018867925,Europe,,,,,3605.0,5243.0,2697.0,6114.0
Slovenia,2015,3229.93,,20697.2748530619,2.117,2063531.0,30.6062772432556,Europe,,,,,3720.0,5446.0,2711.0,6327.0
Slovenia,2016,3227.73,,21447.8377796036,2.034,2065042.0,30.6563399860987,Europe,,,,,3640.0,5723.0,3035.0,6187.0
Slovenia,2017,3259.58,,23303.077705959,1.707,2066388.0,30.5411136105194,Europe,,,,,3309.0,6202.0,3417.0,6004.0
Slovenia,2018,3250.13,,25888.0481065655,2.399,2073894.0,30.3927216384259,Europe,,,,,3492.0,6475.0,3834.0,5957.0
Slovenia,2019,3192.8,,25814.1687167572,2.314,2088385.0,30.4066268051886,Europe,,,,,3565.0,6755.0,4448.0,5745.0
Slovenia,2020,3147.56,,25392.0651093612,2.204,2102419.0,30.3177330605272,Europe,,,,,3857.0,6455.0,4535.0,5689.0
Slovenia,2021,3089.07,,29192.8401933019,1.513,2108079.0,30.3410738761646,Europe,,,,,3568.0,7063.0,5046.0,5511.0
Slovenia,2022,3130.65,,28360.3041467268,2.495,2112076.0,30.3291551617965,Europe,,,,,3288.0,7297.0,4711.0,5447.0
Slovenia,2023,3200.29,,32660.4753581346,2.568,2120461.0,30.355856862599,Europe,,,,,3397.0,8886.0,5715.0,5821.0
Solomon Islands,2010,2416.18,,1685.14535823757,0.237,532968.0,3.35476956055734,Oceania,,,,,1256.0,196.0,277.0,1214.0
Solomon Islands,2011,2375.8,,1924.05795643133,0.381,552945.0,3.48338692390139,Oceania,,,,,1273.0,190.0,279.0,1242.0
Solomon Islands,2012,2324.36,,2066.25738638356,0.478,573606.0,3.47981421936406,Oceania,,,,,1364.0,202.0,272.0,1315.0
Solomon Islands,2013,2318.34,,2161.38627543917,0.6,594945.0,3.51196856020007,Oceania,,,,,1400.0,223.0,224.0,1385.0
Solomon Islands,2014,2343.17,,2164.95289873002,0.685,616908.0,3.59056806002144,Oceania,,,,,1528.0,251.0,263.0,1447.0
Solomon Islands,2015,2309.32,,2045.47721526649,0.474,639415.0,3.61200428724544,Oceania,,,,,1564.0,246.0,257.0,1499.0
Solomon Islands,2016,2300.72,,2082.62383124213,0.832,662379.0,3.62986780993212,Oceania,,,,,1469.0,248.0,261.0,1444.0
Solomon Islands,2017,2341.7,,2143.57670489272,0.588,685672.0,3.6691675598428,Oceania,,,,,1484.0,303.0,336.0,1539.0
Solomon Islands,2018,2308.07,,2278.19908624102,0.392,709101.0,3.71561271882815,Oceania,,,,,1503.0,266.0,249.0,1560.0
Solomon Islands,2019,2356.91,,2223.65890942466,0.652,728147.0,3.70846730975348,Oceania,,,,,1318.0,327.0,182.0,1414.0
Solomon Islands,2020,2310.57,,2063.32780991967,0.624,744498.0,3.73704894605216,Oceania,,,,,1374.0,277.0,205.0,1490.0
Solomon Islands,2021,2255.97,,2043.44413170658,0.302,762591.0,3.89067524115756,Oceania,,,,,1514.0,236.0,225.0,1559.0
Solomon Islands,2022,2190.9,,1877.78104490956,0.467,781066.0,3.8335119685602,Oceania,,,,,1512.0,267.0,242.0,1563.0
Solomon Islands,2023,2165.63,,1882.64394148042,0.436,800005.0,3.90139335476956,Oceania,,,,,1446.0,271.0,242.0,1494.0
South Africa,2010,2867.47,,7973.47195771517,1.237,52344051.0,79.871237913098,Africa,,,,,114654.0,12763.0,13956.0,111718.0
South Africa,2011,2871.87,,8646.05571071635,0.547,52995205.0,79.4450535409574,Africa,,,,,113827.0,15682.0,15662.0,115345.0
South Africa,2012,2890.95,,8076.97678479741,0.722,53782567.0,79.4178502831612,Africa,,,,,118712.0,18880.0,14137.0,119569.0
South Africa,2013,2870.77,,7331.65467384919,0.821,54678791.0,79.4178502831612,Africa,,,,,126936.0,19745.0,22869.0,126030.0
South Africa,2014,2838.51,,6856.73137092522,0.916,55594838.0,79.4178502831612,Africa,,,,,128384.0,19567.0,22457.0,124232.0
South Africa,2015,2801.23,,6112.27382485974,1.389,56723537.0,79.4178502831612,Africa,,,,,113504.0,17223.0,17649.0,118890.0
South Africa,2016,2818.74,,5651.20585165749,1.647,57259551.0,79.4178502831612,Africa,,,,,107707.0,27442.0,19354.0,118588.0
South Africa,2017,2835.26,,6618.33508255701,1.191,57635162.0,79.4178502831612,Africa,,,,,133747.0,22689.0,22753.0,125299.0
South Africa,2018,2826.07,,6914.1780318076,1.071,58613001.0,79.4178502831612,Africa,,,,,131407.0,22303.0,24798.0,131527.0
South Africa,2019,2789.48,,6533.71121032856,1.978,59587885.0,79.4178502831612,Africa,,,,,127067.0,23697.0,22313.0,130879.0
South Africa,2020,2760.18,,5580.60383075189,0.985,60562381.0,79.4178502831612,Africa,,,,,136725.0,20946.0,26234.0,128699.0
South Africa,2021,2686.49,,6828.75624590017,0.867,61502603.0,79.4178502831612,Africa,,,,,138879.0,20537.0,27639.0,130611.0
South Africa,2022,2724.19,,6534.24867783397,1.014,62378410.0,79.4178502831612,Africa,,,,,139468.0,21420.0,29884.0,132799.0
South Africa,2023,2693.94,,6034.27208964673,1.053,63212384.0,79.4178502831612,Africa,,,,,140984.0,21285.0,32019.0,130591.0
Spain,2010,3181.45,,30658.7422282912,0.864,46576897.0,55.0888982220356,Europe,,,,,175030.0,65522.0,52410.0,189463.0
Spain,2011,3200.69,,31824.6219134777,1.571,46742697.0,54.0409698327599,Europe,,,,,182424.0,67214.0,56979.0,191276.0
Spain,2012,3195.81,,28456.4438151477,0.999,46773055.0,53.8613782211471,Europe,,,,,157518.0,71332.0,58527.0,175895.0
Spain,2013,3219.62,,29228.846559842,0.874,46604197.0,53.4439535395134,Europe,,,,,194071.0,66694.0,58464.0,199313.0
Spain,2014,3175.49,,29707.765509467,1.575,46460733.0,53.1336838527818,Europe,,,,,178592.0,73192.0,63037.0,189983.0
Spain,2015,3203.05,,25982.4416197775,1.49,46422303.0,53.1890621841609,Europe,,,,,179319.0,77506.0,64607.0,190848.0
Spain,2016,3280.58,,26755.6061149398,1.681,46458139.0,52.5772473596977,Europe,,,,,193250.0,80661.0,65698.0,196741.0
Spain,2017,3297.49,,28381.3425596906,2.003,46571232.0,52.6387138276281,Europe,,,,,175007.0,85663.0,68305.0,192921.0
Spain,2018,3346.39,,30602.4212881113,1.109,46782011.0,52.408209711446,Europe,,,,,202872.0,90446.0,68323.0,217651.0
Spain,2019,3349.21,,29786.5245689007,1.48,47118501.0,52.4584917258728,Europe,,,,,183572.0,91100.0,73378.0,202696.0
Spain,2020,3345.92,,27233.9426461608,2.018,47359424.0,52.3316792232841,Europe,,,,,204445.0,83094.0,76944.0,208889.0
Spain,2021,3375.7,,30799.4775937775,1.356,47443821.0,52.4848941208322,Europe,,,,,202781.0,85822.0,79299.0,206762.0
Spain,2022,3355.24,,30319.4987196616,2.401,47786102.0,53.3572810066811,Europe,,,,,169231.0,98679.0,75304.0,194496.0
Spain,2023,3377.16,,33493.2225409111,2.565,48352528.0,49.5753269878931,Europe,,,,,157163.0,111864.0,71559.0,197862.0
Sri Lanka,2010,2463.41,,2808.36244503709,0.829,20879089.0,41.7796204752033,Asia,,,,,24395.0,6499.0,2299.0,28661.0
Sri Lanka,2011,2448.83,,3224.95745150496,0.541,21009048.0,43.5337266783607,Asia,,,,,23528.0,7493.0,2386.0,28553.0
Sri Lanka,2012,2512.92,,3327.77613691283,0.803,21169458.0,43.6931908786477,Asia,,,,,24281.0,6610.0,2125.0,29553.0
Sri Lanka,2013,2525.3,,3739.43181100202,0.69,20585000.0,43.6931908786477,Asia,,,,,26433.0,6238.0,1703.0,30365.0
Sri Lanka,2014,2556.47,,3972.04375736464,0.831,20778000.0,43.6931908786477,Asia,,,,,24753.0,8525.0,2296.0,30697.0
Sri Lanka,2015,3006.08,,4057.7158346231,0.851,20970000.0,44.2699497519913,Asia,,,,,28017.0,8490.0,2060.0,34464.0
Sri Lanka,2016,2740.52,,4149.19190775593,1.203,21209000.0,44.4315189116701,Asia,,,,,27129.0,7255.0,2203.0,32433.0
Sri Lanka,2017,2616.23,,4398.88828068715,0.915,21453000.0,44.5963194545425,Asia,,,,,21701.0,10125.0,1859.0,31102.0
Sri Lanka,2018,2764.67,,4358.56095906047,0.616,21670000.0,45.448079658606,Asia,,,,,25714.0,8791.0,1544.0,33091.0
Sri Lanka,2019,2718.94,,4081.94772722003,1.028,21803000.0,45.4472947072851,Asia,,,,,27199.0,7318.0,1731.0,32881.0
Sri Lanka,2020,3008.15,,3847.60137695639,1.06,21919000.0,45.4574846427417,Asia,,,,,30060.0,8212.0,2118.0,36145.0
Sri Lanka,2021,2937.42,,3996.96240014909,0.805,22156000.0,45.4574846427417,Asia,,,,,31493.0,7825.0,2205.0,36824.0
Sri Lanka,2022,2567.64,,3342.63650253855,0.744,22181000.0,45.4574846427417,Asia,,,,,25486.0,8611.0,2138.0,32610.0
Sri Lanka,2023,2675.11,,3798.89016573011,0.892,22037000.0,48.6081474296799,Asia,,,,,27284.0,7337.0,2164.0,32748.0
St. Kitts and Nevis,2010,2632.5,,16622.9457908577,1.062,46846.0,21.9230769230769,Americas,,,,,58.0,56.0,0.0,107.0
St. Kitts and Nevis,2011,2605.41,,17832.4572919975,0.456,46886.0,23.0769230769231,Americas,,,,,78.0,57.0,4.0,131.0
St. Kitts and Nevis,2012,2658.77,,17532.0559008608,0.557,47033.0,23.0769230769231,Americas,,,,,60.0,46.0,2.0,107.0
St. Kitts and Nevis,2013,2692.18,,18580.1301949935,0.639,47069.0,23.0769230769231,Americas,,,,,52.0,42.0,2.0,98.0
St. Kitts and Nevis,2014,2705.39,,20219.3954237956,0.595,47089.0,23.0769230769231,Americas,,,,,148.0,47.0,2.0,204.0
St. Kitts and Nevis,2015,2773.66,,20328.8003530109,0.875,47087.0,23.0769230769231,Americas,,,,,221.0,61.0,6.0,272.0
St. Kitts and Nevis,2016,2855.94,,21387.5415511103,0.934,47075.0,23.0769230769231,Americas,,,,,152.0,84.0,10.0,206.0
St. Kitts and Nevis,2017,2927.83,,22464.9899633959,0.782,47050.0,23.0769230769231,Americas,,,,,191.0,82.0,2.0,254.0
St. Kitts and Nevis,2018,2896.68,,22901.3816403197,0.556,47008.0,23.0769230769231,Americas,,,,,23.0,56.0,4.0,77.0
St. Kitts and Nevis,2019,2854.97,,23595.4923231291,0.811,46952.0,23.0769230769231,Americas,,,,,23.0,55.0,6.0,74.0
St. Kitts and Nevis,2020,2901.64,,18859.0190361046,1.131,46870.0,23.0769230769231,Americas,,,,,23.0,60.0,45.0,32.0
St. Kitts and Nevis,2021,2898.57,,18361.1449697886,0.857,46763.0,23.0769230769231,Americas,,,,,25.0,60.0,8.0,70.0
St. Kitts and Nevis,2022,2848.32,,21011.5744209816,0.758,46709.0,23.0769230769231,Americas,,,,,24.0,73.0,9.0,81.0
St. Kitts and Nevis,2023,2853.54,,22576.9248439166,1.113,46758.0,23.0769230769231,Americas,,,,,24.0,60.0,9.0,76.0
St. Lucia,2010,2594.69,,8673.68720340529,1.296,170906.0,16.2950819672131,Americas,,,,,155.0,212.0,77.0,304.0
St. Lucia,2011,2623.97,,9128.99442011613,0.75,171801.0,16.2950819672131,Americas,,,,,163.0,193.0,31.0,323.0
St. Lucia,2012,2605.71,,9260.30006551714,0.781,172587.0,16.2950819672131,Americas,,,,,141.0,201.0,44.0,299.0
St. Lucia,2013,2575.36,,9577.21733754358,0.915,173369.0,16.2950819672131,Americas,,,,,144.0,191.0,40.0,303.0
St. Lucia,2014,2618.74,,10044.8218377677,0.787,174138.0,16.2950819672131,Americas,,,,,128.0,267.0,82.0,285.0
St. Lucia,2015,2612.41,,10334.9860823918,1.017,174905.0,16.2950819672131,Americas,,,,,157.0,238.0,88.0,300.0
St. Lucia,2016,2632.22,,10638.1269396653,1.173,175646.0,16.2950819672131,Americas,,,,,131.0,263.0,121.0,267.0
St. Lucia,2017,2667.14,,11333.1123822102,1.008,176342.0,16.2950819672131,Americas,,,,,156.0,298.0,81.0,316.0
St. Lucia,2018,2679.32,,11642.6984727769,0.776,177017.0,16.2950819672131,Americas,,,,,160.0,171.0,48.0,316.0
St. Lucia,2019,2683.25,,11794.0597229805,1.009,177661.0,16.2950819672131,Americas,,,,,146.0,270.0,56.0,347.0
St. Lucia,2020,2730.58,,8411.07474936367,1.226,178250.0,16.2950819672131,Americas,,,,,132.0,260.0,47.0,329.0
St. Lucia,2021,2720.57,,10459.1321248092,0.969,178522.0,16.2950819672131,Americas,,,,,126.0,285.0,38.0,328.0
St. Lucia,2022,2718.12,,13103.8243147472,0.894,178781.0,16.2950819672131,Americas,,,,,134.0,220.0,35.0,323.0
St. Lucia,2023,2654.32,,13554.7684784933,1.08,179285.0,16.2950819672131,Americas,,,,,119.0,194.0,22.0,295.0
St. Vincent and the Grenadines,2010,2907.43,,6551.96835992405,1.481,109959.0,17.9487179487179,Americas,,,,,379.0,161.0,94.0,463.0
St. Vincent and the Grenadines,2011,2926.45,,6527.68996854448,0.974,109349.0,17.9487179487179,Americas,,,,,404.0,136.0,55.0,501.0
St. Vincent and the Grenadines,2012,2946.4,,6713.80768643865,0.911,108736.0,17.9487179487179,Americas,,,,,268.0,183.0,54.0,375.0
St. Vincent and the Grenadines,2013,2973.97,,7072.46737188939,1.087,108135.0,17.9487179487179,Americas,,,,,325.0,153.0,59.0,426.0
St. Vincent and the Grenadines,2014,2975.74,,7168.82875342911,0.947,107535.0,17.9487179487179,Americas,,,,,384.0,195.0,46.0,498.0
St. Vincent and the Grenadines,2015,3014.75,,7353.73556054184,1.105,106960.0,17.9487179487179,Americas,,,,,267.0,205.0,96.0,372.0
St. Vincent and the Grenadines,2016,2977.91,,7656.90042881178,1.196,106349.0,17.9487179487179,Americas,,,,,252.0,201.0,84.0,369.0
St. Vincent and the Grenadines,2017,2989.73,,7988.04445019298,1.158,105663.0,17.9487179487179,Americas,,,,,281.0,207.0,76.0,414.0
St. Vincent and the Grenadines,2018,2998.14,,8428.12677153069,0.849,104926.0,17.9487179487179,Americas,,,,,221.0,187.0,63.0,346.0
St. Vincent and the Grenadines,2019,2982.48,,8740.59425232061,1.069,104167.0,17.9487179487179,Americas,,,,,223.0,206.0,60.0,347.0
St. Vincent and the Grenadines,2020,2953.8,,8351.20324040982,1.328,103526.0,17.9487179487179,Americas,,,,,225.0,176.0,55.0,333.0
St. Vincent and the Grenadines,2021,2986.96,,8641.27904024443,1.01,102841.0,17.9487179487179,Americas,,,,,217.0,199.0,51.0,343.0
St. Vincent and the Grenadines,2022,3015.8,,9693.55867833025,0.939,102046.0,17.9487179487179,Americas,,,,,191.0,169.0,51.0,305.0
St. Vincent and the Grenadines,2023,3042.94,,10582.3656725229,1.199,101323.0,17.9487179487179,Americas,,,,,192.0,170.0,47.0,307.0
Suriname,2010,2667.3,,7943.60482816915,1.81,549923.0,0.48782733728326,Americas,,,,,1244.0,468.0,453.0,1293.0
Suriname,2011,2620.55,,7949.88867218383,1.346,556269.0,0.498418735410739,Americas,,,,,1260.0,476.0,400.0,1316.0
Suriname,2012,2645.47,,8851.24050668908,1.446,562633.0,0.456053142900826,Americas,,,,,1253.0,422.0,425.0,1281.0
Suriname,2013,2676.37,,9043.19281529222,1.621,569020.0,0.518355484827168,Americas,,,,,1393.0,462.0,423.0,1384.0
Suriname,2014,2665.15,,9108.18905406764,1.558,575373.0,0.549506655790339,Americas,,,,,1415.0,547.0,512.0,1412.0
Suriname,2015,2623.42,,8813.61705392067,1.729,581627.0,0.542030374759178,Americas,,,,,1356.0,519.0,306.0,1390.0
Suriname,2016,2607.54,,5644.2061057532,2.137,587757.0,0.542030374759178,Americas,,,,,1364.0,488.0,401.0,1362.0
Suriname,2017,2606.19,,6049.52128553675,1.787,593713.0,0.523339672181275,Americas,,,,,1424.0,491.0,370.0,1432.0
Suriname,2018,2631.37,,6665.74180472239,1.598,599513.0,0.523339672181275,Americas,,,,,1309.0,472.0,326.0,1426.0
Suriname,2019,2664.76,,6629.66775248603,1.869,605768.0,0.523339672181275,Americas,,,,,1172.0,494.0,500.0,1135.0
Suriname,2020,2647.47,,4755.39221710693,2.01,612317.0,0.498418735410739,Americas,,,,,1028.0,477.0,216.0,1251.0
Suriname,2021,2610.85,,5029.84838543953,1.619,617896.0,0.48595826702547,Americas,,,,,1044.0,480.0,250.0,1293.0
Suriname,2022,2587.9,,6084.43876736445,1.606,623164.0,0.448576861869665,Americas,,,,,848.0,572.0,187.0,1266.0
Suriname,2023,2539.07,,5521.97602122638,2.11,628886.0,0.445038088848248,Americas,,,,,884.0,511.0,179.0,1236.0
Sweden,2010,3203.93,,52542.5759090299,-0.276,9378126.0,7.54579040540365,Europe,,,,,23669.0,16153.0,7735.0,32310.0
Sweden,2011,3221.46,,60379.4814599322,1.275,9449213.0,7.51976789888145,Europe,,,,,25979.0,17400.0,7460.0,36007.0
Sweden,2012,3230.42,,57749.5615420853,1.323,9519374.0,7.44219137000395,Europe,,,,,25998.0,17857.0,8466.0,35359.0
Sweden,2013,3230.12,,60843.9888799369,0.871,9600379.0,7.4534350567843,Europe,,,,,26362.0,18217.0,8309.0,36250.0
Sweden,2014,3258.19,,59583.4584491714,2.71,9696110.0,7.45341050724985,Europe,,,,,26796.0,18371.0,10116.0,34505.0
Sweden,2015,3229.33,,51188.1652120493,2.078,9799186.0,7.43498868578537,Europe,,,,,25659.0,18822.0,10908.0,33138.0
Sweden,2016,3223.11,,51703.5088332851,1.849,9923085.0,7.41674708031197,Europe,,,,,26171.0,19070.0,10643.0,34528.0
Sweden,2017,3200.74,,53210.2233318965,1.593,10057698.0,7.39330060221358,Europe,,,,,27214.0,19098.0,9991.0,34601.0
Sweden,2018,3166.42,,54018.4554391861,1.853,10175214.0,7.36634329022193,Europe,,,,,20244.0,20265.0,9048.0,32425.0
Sweden,2019,3233.46,,51648.9892820514,1.571,10278887.0,7.37821646042035,Europe,,,,,27289.0,20749.0,9251.0,35113.0
Sweden,2020,3265.32,,52568.5726980146,2.949,10353442.0,7.38067177371833,Europe,,,,,26880.0,19134.0,10794.0,33996.0
Sweden,2021,3298.19,,60647.5416365347,1.853,10415811.0,7.3733058338244,Europe,,,,,24917.0,19352.0,9974.0,33247.0
Sweden,2022,3327.35,,54836.8907235124,2.133,10486941.0,7.35366332744058,Europe,,,,,26542.0,20366.0,9757.0,34805.0
Sweden,2023,3366.78,,54950.2834725622,1.475,10536632.0,7.32192403074128,Europe,,,,,22736.0,20144.0,9276.0,33068.0
Switzerland,2010,3456.12,,76531.3729407691,0.449,7824909.0,38.8328388786286,Europe,,,,,14765.0,10759.0,2410.0,23347.0
Switzerland,2011,3498.67,,90476.7589651577,1.666,7912398.0,38.7502111350433,Europe,,,,,17072.0,11085.0,2359.0,25855.0
Switzerland,2012,3406.19,,85836.2076767359,1.502,7996861.0,38.6676558338134,Europe,,,,,15920.0,10454.0,2415.0,24152.0
Switzerland,2013,3421.41,,87304.3305813557,0.771,8089346.0,38.5853758563219,Europe,,,,,14515.0,11295.0,2574.0,23403.0
Switzerland,2014,3454.33,,88724.9909402638,2.168,8188649.0,38.5028064078332,Europe,,,,,16223.0,11375.0,2642.0,24674.0
Switzerland,2015,3418.87,,83806.4476003837,1.974,8282396.0,38.4205685464246,Europe,,,,,14505.0,11410.0,2402.0,23759.0
Switzerland,2016,3382.64,,82153.0745447889,1.862,8373338.0,38.3386607265115,Europe,,,,,13765.0,11993.0,2469.0,23223.0
Switzerland,2017,3410.72,,82254.3769269767,1.841,8451840.0,38.259882464098,Europe,,,,,14895.0,12098.0,2460.0,24112.0
Switzerland,2018,3416.6,,85217.3691512274,2.355,8514329.0,38.1824051503393,Europe,,,,,14911.0,11889.0,2484.0,23508.0
Switzerland,2019,3417.58,,84121.9310304414,2.109,8575280.0,38.1050341397781,Europe,,,,,14356.0,12053.0,2417.0,24018.0
Switzerland,2020,3483.37,,85897.7843338323,2.519,8638167.0,38.0271063029444,Europe,,,,,14309.0,12729.0,2414.0,23653.0
Switzerland,2021,3440.02,,93664.7736696111,1.201,8704546.0,37.9496922648985,Europe,,,,,12595.0,13028.0,2512.0,22531.0
Switzerland,2022,3460.63,,94394.5106803525,2.882,8777088.0,37.8712936567617,Europe,,,,,13864.0,13677.0,2387.0,24053.0
Switzerland,2023,3402.39,,100623.549627296,2.796,8888822.0,37.7938948048868,Europe,,,,,13154.0,12678.0,2275.0,23217.0
Syrian Arab Republic,2010,3089.25,,2730.61477118949,2.427,22482421.0,75.7392582911289,Asia,,,,,31160.0,14205.0,5972.0,40757.0
Syrian Arab Republic,2011,3056.92,,2952.14349372257,0.606,22878098.0,75.7773784240048,Asia,,,,,35102.0,12286.0,1653.0,45869.0
Syrian Arab Republic,2012,2937.63,,1897.66115018696,0.97,22759763.0,75.8100528236127,Asia,,,,,30473.0,7938.0,1264.0,37745.0
Syrian Arab Republic,2013,2881.83,,985.892669227054,1.286,21666917.0,75.8100528236127,Asia,,,,,25375.0,9596.0,929.0,33296.0
Syrian Arab Republic,2014,2844.44,,1060.59105886854,1.097,20273659.0,75.7991613570767,Asia,,,,,20000.0,8259.0,735.0,29383.0
Syrian Arab Republic,2015,2798.46,,847.731631942565,1.251,19424618.0,75.7882698905408,Asia,,,,,23655.0,7419.0,573.0,29452.0
Syrian Arab Republic,2016,2683.93,,656.3490586313,1.736,19193834.0,75.7835103196645,Asia,,,,,20597.0,8323.0,593.0,27906.0
Syrian Arab Republic,2017,2623.56,,851.502005254153,1.09,19224668.0,75.804775908076,Asia,,,,,21867.0,7606.0,692.0,28299.0
Syrian Arab Republic,2018,2525.83,,1098.0668642357,2.343,19577845.0,75.7920165550291,Asia,,,,,19098.0,7420.0,534.0,27571.0
Syrian Arab Republic,2019,2486.63,,1109.53926036049,1.505,20353534.0,75.7574143658444,Asia,,,,,28949.0,7327.0,830.0,34868.0
Syrian Arab Republic,2020,2421.34,,572.355289831901,1.815,21049429.0,75.7685345531776,Asia,,,,,28406.0,8027.0,2148.0,32232.0
Syrian Arab Republic,2021,2390.08,,663.614245706815,2.175,21628839.0,74.9930675815499,Asia,,,,,20938.0,10233.0,1435.0,28946.0
Syrian Arab Republic,2022,2348.6,,1051.67149587463,1.448,22462173.0,74.0946468441976,Asia,,,,,19383.0,9383.0,788.0,29814.0
Syrian Arab Republic,2023,2259.36,,847.372723418531,1.852,23594623.0,74.0946468441976,Asia,,,,,24727.0,7117.0,1135.0,31357.0
Tajikistan,2010,2255.8,,737.338883219356,1.416,7652141.0,27.2092026293227,Asia,,,,,9705.0,2543.0,448.0,11664.0
Tajikistan,2011,2293.51,,833.601978202852,1.474,7824785.0,26.8076593312375,Asia,,,,,9658.0,2663.0,232.0,11991.0
Tajikistan,2012,2306.08,,952.452819695469,-0.037,8014084.0,26.2146327522149,Asia,,,,,10732.0,3250.0,211.0,13395.0
Tajikistan,2013,2308.88,,1028.19704279396,1.24,8216724.0,26.4568448128037,Asia,,,,,11898.0,2660.0,293.0,14050.0
Tajikistan,2014,2358.5,,1081.54402932039,0.448,8425552.0,26.800974161659,Asia,,,,,11611.0,3164.0,506.0,14125.0
Tajikistan,2015,2421.44,,956.916310930656,1.336,8643840.0,27.076158224656,Asia,,,,,12302.0,3085.0,521.0,14807.0
Tajikistan,2016,2482.29,,788.710481734485,1.633,8865631.0,27.3643634267599,Asia,,,,,12879.0,3352.0,400.0,15662.0
Tajikistan,2017,2554.45,,829.45714764957,1.357,9085946.0,27.6799481230636,Asia,,,,,13418.0,3383.0,289.0,16421.0
Tajikistan,2018,2628.54,,834.288404578801,1.688,9307333.0,27.7728943007421,Asia,,,,,14132.0,3404.0,330.0,17352.0
Tajikistan,2019,2710.66,,871.022372934846,1.414,9529966.0,27.8406225232365,Asia,,,,,14720.0,3639.0,286.0,17738.0
Tajikistan,2020,2702.98,,834.311715460625,1.139,9749310.0,27.8312558541682,Asia,,,,,14647.0,3577.0,324.0,17908.0
Tajikistan,2021,2710.88,,896.748053372182,1.09,9966908.0,27.7887455868578,Asia,,,,,15826.0,3647.0,524.0,19038.0
Tajikistan,2022,2734.8,,1052.17949484894,2.22,10182222.0,28.0726277109302,Asia,,,,,15912.0,3719.0,499.0,19207.0
Tajikistan,2023,2711.69,,1178.47990060249,1.887,10389799.0,27.9465379350097,Asia,,,,,15909.0,4000.0,525.0,19535.0
Tanzania,2010,2245.98,,736.530151367188,1.125,44758488.0,42.2205915556559,Africa,,,,,72058.0,4061.0,2059.0,69378.0
Tanzania,2011,2295.25,,775.392761230469,0.82,46029367.0,42.4602619101377,Africa,,,,,76811.0,3989.0,1917.0,73091.0
Tanzania,2012,2325.99,,861.969909667969,0.903,47374260.0,42.3318965906525,Africa,,,,,77153.0,4566.0,3064.0,73677.0
Tanzania,2013,2364.09,,963.05712890625,0.938,48824128.0,42.9396026191014,Africa,,,,,82326.0,3878.0,2624.0,78009.0
Tanzania,2014,2376.89,,1022.74841308594,0.938,50351512.0,43.1792729735832,Africa,,,,,86668.0,4402.0,4106.0,80783.0
Tanzania,2015,2378.79,,939.127319335938,1.185,52020962.0,43.418943328065,Africa,,,,,87827.0,3666.0,3035.0,83380.0
Tanzania,2016,2392.75,,953.0107421875,1.022,53824013.0,43.6586136825469,Africa,,,,,85897.0,3726.0,2373.0,84007.0
Tanzania,2017,2379.63,,986.674011230469,1.461,55652890.0,43.8982840370287,Africa,,,,,86504.0,3372.0,2390.0,82821.0
Tanzania,2018,2362.98,,1023.10626220703,1.062,57437145.0,44.1379543915105,Africa,,,,,95779.0,1889.0,2741.0,88258.0
Tanzania,2019,2387.13,,1063.32250976563,1.395,59174891.0,44.3776247459923,Africa,,,,,95655.0,3828.0,3918.0,90224.0
Tanzania,2020,2402.09,,1117.41528320313,1.078,60972798.0,44.6163919620682,Africa,,,,,97832.0,3372.0,4495.0,93953.0
Tanzania,2021,2417.57,,1159.85656738281,1.153,62830412.0,44.6163919620682,Africa,,,,,99377.0,3595.0,6539.0,94836.0
Tanzania,2022,2474.09,,1207.52062988281,1.0,64711821.0,44.6163919620682,Africa,,,,,101254.0,4263.0,6101.0,96766.0
Tanzania,2023,2518.33,,1224.00219726563,1.374,66617606.0,44.6163919620682,Africa,,,,,105645.0,5903.0,5109.0,101722.0
Thailand,2010,2742.89,,4973.86288823778,1.236,68579447.0,44.6749789582885,Asia,,,,,361800.0,19238.0,93075.0,294297.0
Thailand,2011,2730.82,,5373.6232832898,0.194,69007208.0,44.6828084323436,Asia,,,,,436043.0,21425.0,103989.0,360185.0
Thailand,2012,2752.72,,5725.52802835463,0.857,69436098.0,44.6906379063986,Asia,,,,,460769.0,27575.0,101669.0,383912.0
Thailand,2013,2722.84,,6018.08244729255,1.072,69845114.0,44.6989868660573,Asia,,,,,462944.0,23232.0,109060.0,385966.0
Thailand,2014,2760.69,,5801.1978916205,0.665,70216367.0,44.7102115915363,Asia,,,,,464948.0,23848.0,122083.0,376072.0
Thailand,2015,2775.64,,5688.85335397884,1.244,70540795.0,44.7180410655914,Asia,,,,,436173.0,39236.0,130741.0,359384.0
Thailand,2016,2763.2,,5833.57715617098,1.547,70859841.0,44.7102115915363,Asia,,,,,439821.0,45046.0,128064.0,357823.0
Thailand,2017,2751.94,,6413.09182530343,1.127,71160187.0,44.7199984341052,Asia,,,,,449673.0,32910.0,132882.0,359496.0
Thailand,2018,2777.13,,7099.77650081458,0.883,71376079.0,44.7174470042475,Asia,,,,,542283.0,40066.0,120887.0,463319.0
Thailand,2019,2800.6,,7605.69657797759,1.782,71522271.0,45.019475816712,Asia,,,,,531901.0,43190.0,105635.0,471467.0
Thailand,2020,2850.46,,6985.64393892574,1.543,71641484.0,45.5516837283955,Asia,,,,,399749.0,55293.0,92701.0,361506.0
Thailand,2021,2858.29,,7057.20754802279,1.053,71727332.0,45.9981600735971,Asia,,,,,403631.0,52219.0,112002.0,337059.0
Thailand,2022,2861.83,,6909.35281815827,0.943,71735329.0,45.9981600735971,Asia,,,,,464634.0,52721.0,127826.0,396487.0
Thailand,2023,2855.27,,7195.10130919449,1.471,71702435.0,43.7980778641195,Asia,,,,,460521.0,58109.0,118582.0,409186.0
Timor-Leste,2010,2259.19,,813.060220670369,1.021,1084679.0,22.7303295225286,Asia,,,,,913.0,480.0,10.0,1258.0
Timor-Leste,2011,2289.8,,939.045238884406,-0.03,1110207.0,22.7706792199059,Asia,,,,,670.0,296.0,16.0,1043.0
Timor-Leste,2012,2280.19,,1022.61906675901,0.358,1134885.0,22.8043039677202,Asia,,,,,724.0,444.0,8.0,1190.0
Timor-Leste,2013,2288.58,,1204.56843320518,0.77,1158695.0,22.8379287155346,Asia,,,,,749.0,538.0,6.0,1203.0
Timor-Leste,2014,2338.56,,1224.74956308733,0.711,1181903.0,22.871553463349,Asia,,,,,769.0,948.0,6.0,1262.0
Timor-Leste,2015,2298.89,,1319.59295003154,0.902,1205131.0,22.9051782111634,Asia,,,,,860.0,404.0,12.0,1250.0
Timor-Leste,2016,2285.35,,1335.54391073349,2.028,1228312.0,22.9388029589778,Asia,,,,,831.0,641.0,14.0,1265.0
Timor-Leste,2017,2307.63,,1266.17771143471,1.292,1251703.0,22.9724277067922,Asia,,,,,797.0,657.0,24.0,1284.0
Timor-Leste,2018,2248.27,,1219.46599728983,0.921,1275959.0,23.0060524546066,Asia,,,,,719.0,605.0,27.0,1210.0
Timor-Leste,2019,2256.51,,1562.36458068032,1.022,1300945.0,22.9589778076664,Asia,,,,,731.0,401.0,58.0,1204.0
Timor-Leste,2020,2221.43,,1630.86938521256,1.857,1326053.0,22.9589778076664,Asia,,,,,671.0,581.0,17.0,1259.0
Timor-Leste,2021,2240.85,,2684.92676774277,1.268,1350139.0,22.9589778076664,Asia,,,,,614.0,1022.0,38.0,1588.0
Timor-Leste,2022,2301.75,,2343.24954740187,1.122,1369295.0,22.9589778076664,Asia,,,,,762.0,1302.0,42.0,1999.0
Timor-Leste,2023,2276.55,,1502.41147438211,0.796,1384286.0,22.9589778076664,Asia,,,,,749.0,1347.0,28.0,2081.0
Tonga,2019,2897.83,,4788.83342304684,1.396,105669.0,48.6111111111111,Oceania,,,,,266.0,109.0,19.0,330.0
Tonga,2020,2923.36,,4792.35854741522,1.206,105704.0,48.6111111111111,Oceania,,,,,269.0,104.0,23.0,356.0
Tonga,2021,3032.85,,4922.80171378368,0.985,105490.0,48.6111111111111,Oceania,,,,,270.0,124.0,29.0,360.0
Tonga,2022,2969.29,,5298.01941509951,0.666,105042.0,48.6111111111111,Oceania,,,,,274.0,100.0,20.0,358.0
Tonga,2023,3059.05,,5651.59373063157,1.003,104597.0,48.6111111111111,Oceania,,,,,278.0,115.0,18.0,374.0
Trinidad and Tobago,2010,2961.57,,16815.424737361,1.685,1317714.0,10.5263157894737,Americas,,,,,668.0,1619.0,360.0,1963.0
Trinidad and Tobago,2011,3023.62,,19151.0870229722,1.069,1328019.0,10.5263157894737,Americas,,,,,598.0,1987.0,685.0,2114.0
Trinidad and Tobago,2012,3046.86,,20332.1389531925,1.145,1335194.0,10.5263157894737,Americas,,,,,665.0,2023.0,287.0,2304.0
Trinidad and Tobago,2013,3075.21,,21304.9777496628,1.311,1340557.0,10.5263157894737,Americas,,,,,673.0,1969.0,290.0,2310.0
Trinidad and Tobago,2014,3044.62,,21908.3014555644,1.224,1345343.0,10.5263157894737,Americas,,,,,649.0,1950.0,296.0,2238.0
Trinidad and Tobago,2015,3046.56,,19887.2327716498,1.428,1349667.0,10.5263157894737,Americas,,,,,697.0,2006.0,489.0,2166.0
Trinidad and Tobago,2016,3031.18,,17449.1538801956,1.516,1353895.0,10.5263157894737,Americas,,,,,635.0,1791.0,328.0,2145.0
Trinidad and Tobago,2017,3048.4,,17566.0999700656,1.695,1356633.0,10.5263157894737,Americas,,,,,768.0,1844.0,332.0,2235.0
Trinidad and Tobago,2018,3033.41,,17571.498737278,1.121,1359193.0,10.5263157894737,Americas,,,,,729.0,1792.0,205.0,2261.0
Trinidad and Tobago,2019,3022.99,,17212.6128892163,1.631,1363985.0,10.5263157894737,Americas,,,,,739.0,1826.0,363.0,2223.0
Trinidad and Tobago,2020,3029.94,,15283.6270531554,1.823,1366725.0,10.5263157894737,Americas,,,,,634.0,1783.0,212.0,2270.0
Trinidad and Tobago,2021,2999.19,,17712.5674104655,1.369,1367558.0,10.5263157894737,Americas,,,,,777.0,1871.0,507.0,2238.0
Trinidad and Tobago,2022,2965.07,,20750.5202434652,1.099,1365805.0,10.5263157894737,Americas,,,,,844.0,1923.0,596.0,2163.0
Trinidad and Tobago,2023,2945.7,,18308.4536298575,1.724,1367510.0,10.5263157894737,Americas,,,,,767.0,2082.0,522.0,2238.0
Tunisia,2010,3299.84,,4291.86120891575,1.589,10765980.0,64.6112255406797,Africa,,,,,16625.0,11140.0,1561.0,26220.0
Tunisia,2011,3314.86,,4420.64772206537,0.86,10886035.0,64.8300720906282,Africa,,,,,18459.0,9835.0,2327.0,25322.0
Tunisia,2012,3341.7,,4297.26782454273,1.414,11009647.0,63.8645726055613,Africa,,,,,20380.0,10014.0,1837.0,27262.0
Tunisia,2013,3335.35,,4369.79345826358,1.24,11141361.0,63.9997425334707,Africa,,,,,18726.0,10397.0,1756.0,28133.0
Tunisia,2014,3370.11,,4458.97895464547,1.671,11274288.0,62.8282698249228,Africa,,,,,20156.0,10618.0,1394.0,27786.0
Tunisia,2015,3389.07,,4014.94773686432,1.047,11402264.0,63.2981462409887,Africa,,,,,22159.0,11834.0,1970.0,31672.0
Tunisia,2016,3380.67,,3847.80354448809,1.716,11528674.0,62.45236869207,Africa,,,,,19583.0,13148.0,1755.0,30017.0
Tunisia,2017,3394.91,,3619.03247319953,1.227,11650498.0,62.7117662203914,Africa,,,,,19941.0,12659.0,2137.0,29354.0
Tunisia,2018,3445.39,,3628.10366464236,1.362,11765514.0,62.4388516992791,Africa,,,,,21607.0,11877.0,1666.0,30806.0
Tunisia,2019,3500.15,,3528.87213306798,1.172,11875081.0,62.4388516992791,Africa,,,,,24308.0,12111.0,1905.0,32676.0
Tunisia,2020,3527.4,,3548.65363663803,1.831,11974057.0,62.4388516992791,Africa,,,,,24146.0,12890.0,1910.0,35097.0
Tunisia,2021,3531.27,,3906.93926319391,2.372,12048622.0,62.4388516992791,Africa,,,,,21724.0,11988.0,1863.0,32574.0
Tunisia,2022,3468.05,,3707.29283414381,1.971,12119334.0,62.4388516992791,Africa,,,,,22042.0,11130.0,2155.0,31249.0
Tunisia,2023,3431.54,,3951.11683376921,2.255,12200431.0,62.4388516992791,Africa,,,,,19770.0,11790.0,1335.0,32839.0
Turkiye,2010,3643.06,,10698.9699409757,2.395,73142150.0,50.6892922573184,Asia,,,,,237383.0,28784.0,25913.0,242994.0
Turkiye,2011,3650.84,,11373.6355760885,0.416,74223629.0,49.6953081350779,Asia,,,,,245762.0,34624.0,24415.0,249862.0
Turkiye,2012,3694.12,,11776.7593362033,0.996,75175827.0,49.9032002390759,Asia,,,,,244866.0,35364.0,25291.0,251168.0
Turkiye,2013,3708.44,,12635.5570016068,1.372,76147624.0,49.9239894494757,Asia,,,,,258029.0,41949.0,29058.0,265172.0
Turkiye,2014,3666.3,,12209.3862327674,1.333,77181884.0,50.0942011096241,Asia,,,,,247931.0,54725.0,30797.0,272129.0
Turkiye,2015,3698.84,,11064.6494504662,0.808,78218479.0,50.0903031326741,Asia,,,,,264185.0,56495.0,31728.0,284848.0
Turkiye,2016,3651.66,,10984.3643169061,1.585,79277962.0,49.8005535127269,Asia,,,,,268400.0,59454.0,36961.0,290939.0
Turkiye,2017,3699.02,,10756.3877677883,0.761,80312698.0,49.3275989761314,Asia,,,,,285181.0,75065.0,40689.0,314310.0
Turkiye,2018,3715.94,,9684.11819884721,2.617,81407204.0,49.1171082208334,Asia,,,,,272264.0,69030.0,42999.0,300294.0
Turkiye,2019,3718.11,,9395.23378001368,1.656,82579440.0,49.0053662149344,Asia,,,,,277548.0,88282.0,45980.0,316003.0
Turkiye,2020,3743.59,,8798.11791709313,1.821,83384680.0,49.0651351948339,Asia,,,,,301555.0,90384.0,47899.0,329459.0
Turkiye,2021,3745.52,,9981.76398411336,1.866,84147318.0,49.4900146823798,Asia,,,,,285559.0,89002.0,53999.0,322623.0
Turkiye,2022,3825.42,,10897.8397861365,1.253,84979913.0,50.0253368501748,Asia,,,,,305484.0,92034.0,57633.0,325163.0
Turkiye,2023,3892.23,,13375.0947282864,1.987,85325965.0,50.1383781817237,Asia,,,,,326794.0,94247.0,58695.0,345375.0
Turkmenistan,2010,2832.17,,4058.53937000739,1.957,5564356.0,72.3512012427383,Asia,,,,,10625.0,712.0,100.0,11208.0
Turkmenistan,2011,2803.55,,5143.61929334647,1.151,5683417.0,72.0064690485817,Asia,,,,,9796.0,665.0,105.0,11030.0
Turkmenistan,2012,2823.94,,6053.8748468749,0.845,5808546.0,73.5761177196604,Asia,,,,,10173.0,818.0,109.0,11049.0
Turkmenistan,2013,2829.97,,6599.64529055481,1.689,5939341.0,75.145766390739,Asia,,,,,10630.0,739.0,167.0,11407.0
Turkmenistan,2014,2914.5,,7164.14536184006,0.75,6075283.0,76.7154150618177,Asia,,,,,10578.0,1878.0,72.0,12270.0
Turkmenistan,2015,2912.17,,5759.497903834,1.438,6215770.0,78.2850637328964,Asia,,,,,11025.0,1629.0,42.0,12448.0
Turkmenistan,2016,2889.51,,5686.98040962764,2.025,6360041.0,79.8547124039751,Asia,,,,,11692.0,1549.0,211.0,12661.0
Turkmenistan,2017,2896.31,,5828.4816623489,1.71,6507061.0,81.4243610750537,Asia,,,,,11783.0,1500.0,151.0,13226.0
Turkmenistan,2018,2878.52,,6125.05169712085,1.563,6655524.0,82.9940097461324,Asia,,,,,10761.0,1737.0,125.0,12562.0
Turkmenistan,2019,2847.3,,5998.0017434754,1.827,6803944.0,84.5636584172111,Asia,,,,,12032.0,1479.0,162.0,12786.0
Turkmenistan,2020,2863.28,,5972.72356566861,1.54,6949912.0,84.5587640712447,Asia,,,,,11985.0,1232.0,167.0,12958.0
Turkmenistan,2021,2871.17,,5723.30227157906,1.682,7092043.0,84.5536569276275,Asia,,,,,12202.0,1518.0,244.0,13525.0
Turkmenistan,2022,2827.4,,5837.84224538947,2.554,7230193.0,84.5536569276275,Asia,,,,,12800.0,1405.0,223.0,13736.0
Turkmenistan,2023,2814.16,,6231.91323839698,2.429,7364438.0,84.2215632115421,Asia,,,,,12833.0,1629.0,157.0,14447.0
Tuvalu,2019,2993.31,,5115.13075950206,1.033,10581.0,60.0,Oceania,,,,,24.0,12.0,18.0,21.0
Tuvalu,2020,3136.61,,4976.11254109571,1.151,10399.0,60.0,Oceania,,,,,30.0,10.0,18.0,24.0
Tuvalu,2021,3212.33,,5905.08198095343,0.644,10194.0,60.0,Oceania,,,,,70.0,12.0,24.0,61.0
Tuvalu,2022,3269.3,,5911.32727055301,0.618,9992.0,60.0,Oceania,,,,,70.0,16.0,24.0,62.0
Tuvalu,2023,3300.92,,6344.7750188689,1.149,9816.0,60.0,Oceania,,,,,70.0,15.0,24.0,65.0
Uganda,2010,2440.76,,823.488144282,1.502,32390802.0,71.1400359066427,Africa,,,,,50905.0,2072.0,1811.0,51165.0
Uganda,2011,2433.98,,835.620060555838,1.097,33354543.0,71.6387392778775,Africa,,,,,52084.0,2358.0,1674.0,52769.0
Uganda,2012,2363.9,,795.222867553127,1.138,34337438.0,71.8880909634949,Africa,,,,,51837.0,3000.0,2289.0,52540.0
Uganda,2013,2336.11,,818.285427416713,1.094,35337042.0,71.8880909634949,Africa,,,,,53697.0,2621.0,2480.0,53828.0
Uganda,2014,2379.24,,896.054795546394,1.147,36395539.0,71.8880909634949,Africa,,,,,52935.0,2967.0,2360.0,53518.0
Uganda,2015,2265.16,,862.934610355811,1.202,37531446.0,71.8880909634949,Africa,,,,,55087.0,2852.0,3021.0,54900.0
Uganda,2016,1996.45,,752.696571725656,1.298,38799152.0,71.8880909634949,Africa,,,,,50518.0,3011.0,3201.0,50267.0
Uganda,2017,2121.32,,765.218332297361,1.75,40177388.0,71.8880909634949,Africa,,,,,54683.0,3769.0,3911.0,54480.0
Uganda,2018,2317.84,,792.16570022814,1.087,41565831.0,71.8880909634949,Africa,,,,,64066.0,3602.0,4234.0,63397.0
Uganda,2019,2050.11,,822.171150036357,1.616,42999637.0,71.8880909634949,Africa,,,,,61461.0,4054.0,3246.0,62220.0
Uganda,2020,2348.99,,845.766463890124,1.21,44457152.0,71.8880909634949,Africa,,,,,70175.0,4407.0,3538.0,70977.0
Uganda,2021,2295.26,,882.791717542504,1.493,45910930.0,71.8880909634949,Africa,,,,,73052.0,5403.0,3598.0,74908.0
Uganda,2022,2495.4,,963.067314117178,1.423,47312719.0,71.8880909634949,Africa,,,,,78140.0,4981.0,3577.0,79667.0
Uganda,2023,2377.7,,1002.30913917142,1.558,48656601.0,71.8880909634949,Africa,,,,,76498.0,4882.0,4205.0,77212.0
Ukraine,2010,3097.05,,3039.63232421875,1.623,46456003.0,71.2335151556998,Europe,,,,,226632.0,6825.0,36934.0,198811.0
Ukraine,2011,3139.92,,3656.69799804688,0.553,46307853.0,71.2576814195954,Europe,,,,,293219.0,8791.0,45218.0,247123.0
Ukraine,2012,3121.91,,3951.34228515625,1.929,46210056.0,71.2853000069046,Europe,,,,,270370.0,8474.0,75589.0,208255.0
Ukraine,2013,3111.21,,4129.89697265625,1.481,46126770.0,71.6805910377684,Europe,,,,,293184.0,8806.0,76319.0,226347.0
Ukraine,2014,3085.39,,3054.908203125,1.671,45972380.0,71.658409432236,Europe,,,,,307803.0,6805.0,88104.0,226539.0
Ukraine,2015,3023.2,,2094.47387695313,2.025,45784896.0,71.6532306789345,Europe,,,,,279098.0,4457.0,96931.0,193086.0
Ukraine,2016,3012.31,,2158.46118164063,2.059,45616832.0,71.665314436638,Europe,,,,,306750.0,5436.0,105868.0,212061.0
Ukraine,2017,2982.75,,2604.28759765625,1.363,45436041.0,71.6191955808735,Europe,,,,,301305.0,5993.0,115083.0,194676.0
Ukraine,2018,2938.99,,3059.0517578125,2.178,45208907.0,71.3306869175009,Europe,,,,,323580.0,7138.0,113841.0,217432.0
Ukraine,2019,2894.45,,3619.86157226563,2.308,44957458.0,71.2996202968588,Europe,,,,,323431.0,10650.0,149146.0,182532.0
Ukraine,2020,2874.88,,3709.76928710938,3.051,44680014.0,71.2996202968588,Europe,,,,,292799.0,9726.0,133427.0,171742.0
Ukraine,2021,2885.65,,4775.94580078125,1.369,44298640.0,71.2996202968588,Europe,,,,,346010.0,10010.0,124817.0,193834.0
Ukraine,2022,2767.31,,4199.6708984375,1.83,41048766.0,71.2996202968588,Europe,,,,,259591.0,7273.0,108483.0,170772.0
Ukraine,2023,2785.79,,5139.59814453125,2.685,37732836.0,71.2996202968588,Europe,,,,,292795.0,7113.0,124131.0,176377.0
United Arab Emirates,2010,3659.24,,44795.2949302268,1.499,6869838.0,5.52379611377077,Asia,,,,,3787.0,28694.0,11701.0,20925.0
United Arab Emirates,2011,3695.2,,51921.904511613,1.19,7104538.0,5.47029005913827,Asia,,,,,2817.0,29087.0,6717.0,25621.0
United Arab Emirates,2012,3664.6,,53141.6124340099,1.156,7391448.0,5.30413967896367,Asia,,,,,2702.0,32548.0,6331.0,28884.0
United Arab Emirates,2013,3590.81,,53247.2409495441,0.848,7693031.0,5.34215713883413,Asia,,,,,2703.0,36988.0,8987.0,29821.0
United Arab Emirates,2014,3407.47,,52725.2358407934,1.011,8059440.0,5.3858068149817,Asia,,,,,3214.0,40369.0,12269.0,28152.0
United Arab Emirates,2015,3278.78,,44910.334995523,1.652,8505237.0,5.39003097718952,Asia,,,,,3296.0,36333.0,13211.0,26528.0
United Arab Emirates,2016,3160.55,,42721.0999383185,1.178,8935095.0,5.40411151788229,Asia,,,,,3342.0,35114.0,13062.0,25303.0
United Arab Emirates,2017,3161.19,,43733.6192287435,1.717,9223225.0,5.40411151788229,Asia,,,,,3788.0,38749.0,13792.0,27087.0
United Arab Emirates,2018,3157.29,,47135.3591943971,1.576,9346701.0,5.37524640946212,Asia,,,,,3293.0,35243.0,15332.0,23889.0
United Arab Emirates,2019,3246.76,,45938.6073581994,1.265,9445785.0,5.49704308645452,Asia,,,,,3553.0,35535.0,15716.0,24153.0
United Arab Emirates,2020,3243.93,,37991.7492971665,1.269,9401038.0,5.48859476203886,Asia,,,,,4007.0,35614.0,17899.0,21976.0
United Arab Emirates,2021,3171.17,,44118.5047192771,1.759,9575152.0,5.51339763446916,Asia,,,,,4000.0,38234.0,18500.0,22700.0
United Arab Emirates,2022,3129.57,,50759.7589231191,1.532,10074977.0,5.51339763446916,Asia,,,,,3828.0,41199.0,19530.0,28062.0
United Arab Emirates,2023,3125.09,,49850.6872175164,1.655,10483751.0,5.51539988735567,Asia,,,,,4011.0,39721.0,18062.0,28249.0
United Kingdom,2010,3304.41,,39778.3220528565,-0.079,62766365.0,71.1941470673335,Europe,,,,,122918.0,93534.0,31998.0,188969.0
United Kingdom,2011,3321.13,,42295.9273835322,0.822,63258810.0,70.9461414458728,Europe,,,,,131251.0,94583.0,30677.0,193612.0
United Kingdom,2012,3303.77,,42688.3263728372,0.547,63711000.0,71.020543132311,Europe,,,,,118192.0,103884.0,29883.0,195561.0
United Kingdom,2013,3330.13,,43606.9837896348,0.34,64138000.0,71.3024428553714,Europe,,,,,124170.0,111997.0,27828.0,204488.0
United Kingdom,2014,3351.7,,47746.2421759562,1.694,64619000.0,71.2272144835283,Europe,,,,,136274.0,101498.0,30630.0,198930.0
United Kingdom,2015,3365.31,,45255.3449216209,0.587,65087000.0,70.8386723432398,Europe,,,,,129755.0,102055.0,33139.0,194804.0
United Kingdom,2016,3345.3,,41257.9085545556,1.143,65606000.0,71.7148836440293,Europe,,,,,120930.0,102017.0,35426.0,194095.0
United Kingdom,2017,3370.01,,40916.8115070354,1.406,65964000.0,72.1950667548465,Europe,,,,,133675.0,106447.0,30532.0,201671.0
United Kingdom,2018,3323.67,,43702.9976303165,0.982,66287000.0,71.7185202331253,Europe,,,,,123369.0,107539.0,30162.0,198873.0
United Kingdom,2019,3356.4,,43158.7411267323,1.217,66628000.0,72.4229988013062,Europe,,,,,132656.0,105340.0,32946.0,198952.0
United Kingdom,2020,3355.24,,40812.6794663879,1.363,66740000.0,71.3400491877816,Europe,,,,,112724.0,112440.0,30427.0,197819.0
United Kingdom,2021,3322.56,,47691.3768799404,0.921,66978000.0,71.1575290373248,Europe,,,,,124008.0,101224.0,24269.0,195682.0
United Kingdom,2022,3337.85,,47057.043229179,1.904,67636000.0,71.9816417972141,Europe,,,,,123830.0,109106.0,27244.0,198068.0
United Kingdom,2023,3434.59,,49944.4702124201,1.469,68526000.0,70.3073227793163,Europe,,,,,121695.0,106448.0,26155.0,197524.0
United States,2010,3730.68,,48642.6100179312,0.707,309378227.0,45.7973145105396,Americas,,,,,1631386.0,168673.0,355831.0,1478581.0
United States,2011,3724.24,,50024.868799398,0.541,311839461.0,46.0184942092962,Americas,,,,,1586086.0,176623.0,346753.0,1466870.0
United States,2012,3759.04,,51708.4011556577,1.46,314339099.0,46.2396739080528,Americas,,,,,1562486.0,187637.0,320393.0,1485861.0
United States,2013,3745.33,,53179.0127634561,0.618,316726282.0,46.3330187965568,Americas,,,,,1721148.0,199521.0,312850.0,1533562.0
United States,2014,3728.99,,54973.4207515712,0.514,319257560.0,46.4263636850609,Americas,,,,,1755015.0,233764.0,381761.0,1538100.0
United States,2015,3736.74,,56572.9188996063,1.535,321815121.0,46.519708562633,Americas,,,,,1740292.0,240345.0,360022.0,1564175.0
United States,2016,3754.29,,57638.1018367192,2.206,324353340.0,46.613053451137,Americas,,,,,1920951.0,245849.0,402676.0,1678843.0
United States,2017,3763.31,,59635.0984397965,1.415,326608609.0,46.7063983396411,Americas,,,,,1797410.0,252584.0,397207.0,1639852.0
United States,2018,3790.3,,62499.8744390068,1.254,328529577.0,46.5817145490204,Americas,,,,,1791531.0,259479.0,396722.0,1615353.0
United States,2019,3819.76,,64746.4506778863,1.009,330226227.0,46.4570307583996,Americas,,,,,1702375.0,255700.0,365797.0,1623732.0
United States,2020,3847.34,,63515.9491807833,1.307,331578104.0,46.3323469677789,Americas,,,,,1768827.0,258447.0,414272.0,1658810.0
United States,2021,3875.35,,70205.050916026,1.149,332100166.0,46.2076631880902,Americas,,,,,1812351.0,274329.0,424537.0,1658878.0
United States,2022,3937.0,,76657.2488844403,1.199,333996304.0,46.0829793974695,Americas,,,,,1718870.0,297626.0,401031.0,1642339.0
United States,2023,3947.33,,81032.262117545,1.194,336755052.0,46.0829793974695,Americas,,,,,1829317.0,287404.0,347667.0,1736608.0
Uruguay,2010,3138.5,,12641.0576849008,0.333,3318580.0,82.4648611587247,Americas,,,,,17945.0,2863.0,12900.0,9103.0
Uruguay,2011,3151.22,,15132.2675725587,0.526,3326825.0,82.9962290023997,Americas,,,,,17617.0,4119.0,11585.0,10340.0
Uruguay,2012,3183.98,,16259.5940814256,0.938,3335401.0,81.3449891440978,Americas,,,,,20830.0,2949.0,15066.0,9928.0
Uruguay,2013,3190.1,,18335.2594772322,0.252,3345337.0,81.9717746543252,Americas,,,,,19299.0,3758.0,15630.0,8709.0
Uruguay,2014,3210.95,,18322.4276767157,1.255,3356334.0,82.7054050965604,Americas,,,,,21599.0,3861.0,14612.0,11291.0
Uruguay,2015,3176.76,,17125.9016800298,1.16,3368017.0,82.6625528511027,Americas,,,,,20420.0,5036.0,12515.0,12427.0
Uruguay,2016,3198.9,,17009.7584207276,0.411,3379283.0,81.5066849502914,Americas,,,,,18468.0,3890.0,11843.0,10762.0
Uruguay,2017,3222.34,,19184.6502617082,1.664,3388438.0,81.2644269226374,Americas,,,,,20461.0,3836.0,13576.0,10531.0
Uruguay,2018,3272.24,,19249.9404677501,1.344,3394534.0,81.0810193120786,Americas,,,,,14674.0,5135.0,9033.0,11061.0
Uruguay,2019,3307.76,,18315.7316980028,0.982,3397206.0,80.7182036338704,Americas,,,,,20019.0,3721.0,13275.0,10561.0
Uruguay,2020,3286.13,,15757.5355995779,1.004,3398968.0,80.3531025025711,Americas,,,,,18104.0,4107.0,11810.0,11030.0
Uruguay,2021,3317.73,,17881.818721099,0.962,3396695.0,80.3908124785739,Americas,,,,,19864.0,4824.0,11740.0,12051.0
Uruguay,2022,3325.26,,20818.6146091144,0.577,3390913.0,80.8735287395726,Americas,,,,,23273.0,4763.0,15743.0,12206.0
Uruguay,2023,3322.74,,23019.4221560046,1.7,3388081.0,81.3541309564621,Americas,,,,,18002.0,6055.0,11467.0,12423.0
Uzbekistan,2010,2938.49,,1753.20730243278,1.809,28385506.0,58.7255558716379,Asia,,,,,52621.0,5226.0,1453.0,56779.0
Uzbekistan,2011,3017.54,,2087.86386135694,1.072,28823196.0,58.3214206223369,Asia,,,,,55130.0,6801.0,2019.0,59124.0
Uzbekistan,2012,3100.68,,2307.34649117185,0.7,29261903.0,57.907296925195,Asia,,,,,59227.0,7816.0,1647.0,64991.0
Uzbekistan,2013,3157.01,,2461.97947403595,1.552,29724065.0,57.5048934231933,Asia,,,,,63345.0,6420.0,1896.0,67274.0
Uzbekistan,2014,3227.47,,2674.9628382103,0.193,30222994.0,58.6109332727536,Asia,,,,,67629.0,8276.0,2390.0,72109.0
Uzbekistan,2015,3247.05,,2803.19018021751,1.423,30749346.0,57.984566500227,Asia,,,,,71943.0,8900.0,2813.0,76920.0
Uzbekistan,2016,3262.88,,2753.37951427589,2.306,31284568.0,57.9805306962693,Asia,,,,,76253.0,9780.0,3392.0,81283.0
Uzbekistan,2017,3196.93,,2190.60411562888,1.807,31819178.0,57.9525543137807,Asia,,,,,70712.0,8491.0,4197.0,75250.0
Uzbekistan,2018,3218.44,,1813.08530813664,1.063,32373490.0,57.9234067278426,Asia,,,,,67423.0,13049.0,4683.0,76963.0
Uzbekistan,2019,3236.34,,2041.38480729431,1.941,32964701.0,58.0070592775022,Asia,,,,,72008.0,11866.0,5393.0,78630.0
Uzbekistan,2020,3242.26,,1978.28051860763,1.719,33586372.0,58.2832179734483,Asia,,,,,73811.0,11805.0,6163.0,78776.0
Uzbekistan,2021,3241.81,,2258.51964119278,1.548,34243696.0,58.3012029873846,Asia,,,,,75066.0,12639.0,5966.0,81676.0
Uzbekistan,2022,3276.98,,2578.66689394219,2.627,34938955.0,58.4792534698583,Asia,,,,,79568.0,15339.0,7380.0,84995.0
Uzbekistan,2023,3297.23,,2878.96879292451,2.433,35652307.0,58.0551458073301,Asia,,,,,80930.0,16616.0,9121.0,86772.0
Vanuatu,2010,2934.03,,2815.18828985779,0.863,238248.0,15.3404429860541,Oceania,,,,,1192.0,133.0,244.0,1091.0
Vanuatu,2011,2902.23,,3163.1861645138,0.657,243474.0,15.3404429860541,Oceania,,,,,1061.0,139.0,256.0,1047.0
Vanuatu,2012,2864.06,,3004.78416664293,0.365,248883.0,15.3404429860541,Oceania,,,,,1083.0,127.0,291.0,954.0
Vanuatu,2013,2879.47,,2979.79608084399,0.706,254482.0,15.3404429860541,Oceania,,,,,1147.0,135.0,232.0,1083.0
Vanuatu,2014,2929.73,,2973.09026493408,0.647,260240.0,15.3404429860541,Oceania,,,,,1387.0,130.0,168.0,1283.0
Vanuatu,2015,2913.43,,2854.89412272653,0.631,266101.0,15.3404429860541,Oceania,,,,,1313.0,135.0,140.0,1350.0
Vanuatu,2016,2919.94,,2956.12644801489,1.234,272087.0,15.3404429860541,Oceania,,,,,1214.0,146.0,253.0,963.0
Vanuatu,2017,2960.61,,3159.86055790126,1.133,278507.0,15.3404429860541,Oceania,,,,,1003.0,181.0,301.0,865.0
Vanuatu,2018,2951.85,,3206.65748718811,0.452,285259.0,15.3404429860541,Oceania,,,,,1041.0,163.0,221.0,1166.0
Vanuatu,2019,2916.75,,3207.44650452083,0.77,291985.0,15.3404429860541,Oceania,,,,,1056.0,143.0,171.0,1054.0
Vanuatu,2020,2921.47,,3042.98711598286,1.054,298858.0,15.3404429860541,Oceania,,,,,1053.0,163.0,201.0,1006.0
Vanuatu,2021,2916.29,,3107.20312858002,0.928,305868.0,15.3404429860541,Oceania,,,,,1052.0,170.0,199.0,1009.0
Vanuatu,2022,2913.74,,3370.21191956953,1.248,313046.0,15.3404429860541,Oceania,,,,,1166.0,179.0,196.0,1155.0
Vanuatu,2023,2909.06,,3482.61458237637,0.807,320409.0,15.3404429860541,Oceania,,,,,1175.0,203.0,153.0,1220.0
"Venezuela, RB",2010,2915.8,,13646.3046622664,1.439,28813101.0,24.3750354288306,Americas,,,,,47081.0,15150.0,121.0,61636.0
"Venezuela, RB",2011,2914.13,,10843.9229703167,0.937,29185212.0,24.3750354288306,Americas,,,,,47397.0,14075.0,114.0,61472.0
"Venezuela, RB",2012,2865.88,,12607.2361246243,0.926,29553826.0,24.3750354288306,Americas,,,,,45726.0,16408.0,71.0,61067.0
"Venezuela, RB",2013,2831.34,,8656.35669723668,1.265,29912198.0,24.3750354288306,Americas,,,,,46418.0,17505.0,111.0,61969.0
"Venezuela, RB",2014,2876.29,,7096.22047105512,1.215,30254079.0,24.3750354288306,Americas,,,,,46199.0,17161.0,93.0,62226.0
"Venezuela, RB",2015,2616.02,,4103.1384987005,1.562,30573972.0,24.3750354288306,Americas,,,,,42060.0,13854.0,155.0,55162.0
"Venezuela, RB",2016,2231.47,,3670.15737848208,1.572,30765720.0,24.3750354288306,Americas,,,,,34289.0,9640.0,87.0,45856.0
"Venezuela, RB",2017,2289.46,,3791.33160682077,1.224,30565323.0,24.3750354288306,Americas,,,,,33752.0,11717.0,132.0,45270.0
"Venezuela, RB",2018,2189.76,,3422.65467014854,1.144,29807592.0,24.3750354288306,Americas,,,,,35045.0,9037.0,85.0,44101.0
"Venezuela, RB",2019,2234.69,,2523.11275230667,1.54,28938098.0,24.3750354288306,Americas,,,,,29148.0,9733.0,86.0,39757.0
"Venezuela, RB",2020,2298.6,,1506.0436210041,1.676,28444077.0,24.3750354288306,Americas,,,,,32120.0,9596.0,88.0,41150.0
"Venezuela, RB",2021,2596.15,,2004.93397949792,1.078,28237826.0,24.3750354288306,Americas,,,,,36798.0,10679.0,183.0,46852.0
"Venezuela, RB",2022,2721.39,,3155.04207099687,1.057,28213017.0,24.3750354288306,Americas,,,,,36002.0,11152.0,185.0,46664.0
"Venezuela, RB",2023,2800.39,,3617.43594578269,1.752,28300854.0,24.3750354288306,Americas,,,,,38082.0,10689.0,354.0,48756.0
Viet Nam,2010,2729.5,,1683.16182443979,1.101,87455152.0,34.3450560815081,Asia,,,,,205897.0,22043.0,42111.0,185885.0
Viet Nam,2011,2757.69,,1950.92504174913,0.124,88468314.0,34.3732843043373,Asia,,,,,216145.0,23463.0,49257.0,186650.0
Viet Nam,2012,2815.86,,2185.11767654291,0.759,89510356.0,34.4331120376958,Asia,,,,,236949.0,24922.0,60827.0,209492.0
Viet Nam,2013,2800.42,,2359.51736472828,0.911,90573104.0,34.6726704451298,Asia,,,,,243392.0,24389.0,50267.0,219186.0
Viet Nam,2014,2833.53,,2546.38464459903,0.577,91679578.0,34.6991265943562,Asia,,,,,249402.0,30227.0,59654.0,220041.0
Viet Nam,2015,2822.85,,2577.56885340113,1.234,92823254.0,38.7634300520449,Asia,,,,,249933.0,39261.0,59059.0,227371.0
Viet Nam,2016,2847.28,,2735.0604380416,1.202,94000117.0,38.8407942894887,Asia,,,,,248723.0,49568.0,53879.0,240809.0
Viet Nam,2017,2862.37,,2956.10992127753,1.156,95176977.0,38.8279627189274,Asia,,,,,255315.0,45846.0,64204.0,234847.0
Viet Nam,2018,2885.87,,3222.31003125366,0.849,96237319.0,38.7344502263671,Asia,,,,,260096.0,49435.0,51893.0,252655.0
Viet Nam,2019,2922.1,,3440.90025375434,1.819,97173776.0,39.5241027473527,Asia,,,,,258836.0,53448.0,57917.0,253726.0
Viet Nam,2020,2966.22,,3534.03953482647,1.498,98079191.0,39.4347683207361,Asia,,,,,252739.0,61652.0,63677.0,248472.0
Viet Nam,2021,3004.1,,3704.1935590038,1.12,98935098.0,39.4347683207361,Asia,,,,,257441.0,67930.0,65578.0,256752.0
Viet Nam,2022,3030.66,,4147.69777213621,1.036,99680655.0,39.2911951351024,Asia,,,,,258124.0,69100.0,59139.0,261917.0
Viet Nam,2023,3086.03,,4323.35031982451,1.443,100352192.0,39.2147376279795,Asia,,,,,262779.0,75840.0,59144.0,272686.0
"Yemen, Rep.",2010,2096.55,,1155.20305261418,,26754387.0,44.6597344546092,Asia,,,,,8643.0,10627.0,760.0,19200.0
"Yemen, Rep.",2011,2061.68,,1186.47500581215,,27582897.0,44.4191904843078,Asia,,,,,7844.0,11255.0,1342.0,18799.0
"Yemen, Rep.",2012,2136.61,,1245.05068272078,,28433647.0,44.5119987878099,Asia,,,,,8599.0,14287.0,1442.0,20468.0
"Yemen, Rep.",2013,2126.2,,1378.75002954928,,29312952.0,44.5082106937894,Asia,,,,,8388.0,12965.0,1273.0,20514.0
"Yemen, Rep.",2014,2149.82,,1430.16420964026,,30226309.0,44.4184328655037,Asia,,,,,8012.0,16682.0,836.0,20854.0
"Yemen, Rep.",2015,1960.98,,1362.1738120601,,31159379.0,44.382445972309,Asia,,,,,7082.0,12430.0,787.0,19579.0
"Yemen, Rep.",2016,1832.72,,975.359417003225,,32109010.0,44.2938045722295,Asia,,,,,6534.0,12827.0,423.0,19135.0
"Yemen, Rep.",2017,1871.15,,811.165970405745,,33090921.0,44.4191904843078,Asia,,,,,6443.0,13995.0,855.0,19722.0
"Yemen, Rep.",2018,1866.24,,633.887202451545,,34085182.0,44.4191904843078,Asia,,,,,6299.0,12402.0,770.0,19362.0
"Yemen, Rep.",2019,1896.67,,,,35111408.0,44.4191904843078,Asia,,,,,7199.0,14910.0,726.0,21209.0
"Yemen, Rep.",2020,2025.62,,,,36134863.0,44.4191904843078,Asia,,,,,7182.0,18205.0,839.0,23350.0
"Yemen, Rep.",2021,2017.97,,,,37140230.0,44.4191904843078,Asia,,,,,8911.0,17200.0,1042.0,24796.0
"Yemen, Rep.",2022,1838.52,,,,38222876.0,44.4191904843078,Asia,,,,,8088.0,14780.0,736.0,22937.0
"Yemen, Rep.",2023,1810.53,,,,39390799.0,44.4191904843078,Asia,,,,,7607.0,14087.0,532.0,21795.0
Zambia,2010,1925.29,,1451.10616017155,1.349,13965594.0,31.5258478053243,Africa,,,,,21498.0,446.0,1086.0,19661.0
Zambia,2011,1961.36,,1624.86817763443,0.899,14437796.0,31.7948855916814,Africa,,,,,23124.0,581.0,1982.0,20741.0
Zambia,2012,1990.83,,1710.05061343728,0.952,14913629.0,32.0639233780384,Africa,,,,,23181.0,982.0,2470.0,21550.0
Zambia,2013,2026.24,,1820.71854827391,0.856,15398997.0,31.9307496737917,Africa,,,,,23483.0,736.0,1415.0,22612.0
Zambia,2014,2079.14,,1707.48573136694,0.628,15895315.0,31.9320948627235,Africa,,,,,25060.0,830.0,1195.0,23407.0
Zambia,2015,2105.61,,1295.87788680068,1.557,16399089.0,31.9334400516553,Africa,,,,,22575.0,1021.0,2325.0,22907.0
Zambia,2016,2166.63,,1239.08527877713,1.286,16914423.0,31.9334400516553,Africa,,,,,25730.0,1025.0,1804.0,25798.0
Zambia,2017,2214.6,,1483.46577328065,0.381,17441320.0,32.0679589448338,Africa,,,,,31647.0,1081.0,1760.0,30154.0
Zambia,2018,2244.16,,1463.89997855593,0.738,17973569.0,32.0679589448338,Africa,,,,,30065.0,1055.0,1120.0,30982.0
Zambia,2019,2226.0,,1258.98619844462,1.216,18513839.0,32.0679589448338,Africa,,,,,28714.0,1151.0,1193.0,30025.0
Zambia,2020,2206.9,,951.644316655957,1.106,19059395.0,32.0679589448338,Africa,,,,,32375.0,1076.0,1440.0,30663.0
Zambia,2021,2183.79,,1127.16077872857,1.215,19603607.0,32.0679589448338,Africa,,,,,31976.0,1170.0,2048.0,29344.0
Zambia,2022,2119.18,,1447.12310138035,0.826,20152938.0,32.0679589448338,Africa,,,,,30315.0,1262.0,3514.0,29263.0
Zambia,2023,2169.77,,1330.72780576709,1.291,20723965.0,32.0679589448338,Africa,,,,,35099.0,1290.0,3565.0,31576.0
Zimbabwe,2010,2156.73,,902.010759067388,1.12,13356548.0,41.7133537546853,Africa,,,,,14694.0,3542.0,481.0,17126.0
Zimbabwe,2011,2154.43,,1037.77565157218,0.56,13595424.0,42.2313842574641,Africa,,,,,15210.0,3814.0,410.0,17848.0
Zimbabwe,2012,2189.8,,1239.22709745709,0.617,13817887.0,41.8512917151351,Africa,,,,,17531.0,3359.0,530.0,20334.0
Zimbabwe,2013,2176.45,,1362.99498323368,0.366,14013808.0,41.8442528111671,Africa,,,,,17449.0,3059.0,597.0,20456.0
Zimbabwe,2014,2072.77,,1372.91526173161,0.287,14207359.0,41.8387654129508,Africa,,,,,18242.0,3188.0,761.0,20732.0
Zimbabwe,2015,2075.47,,1387.12632595026,1.053,14399013.0,41.8325022618586,Africa,,,,,16133.0,4080.0,613.0,19966.0
Zimbabwe,2016,2140.75,,1408.13945253431,1.336,14600294.0,41.8275321183921,Africa,,,,,16773.0,4203.0,476.0,20239.0
Zimbabwe,2017,2180.83,,3445.44941020134,0.29,14812482.0,41.8217862220499,Africa,,,,,23891.0,2560.0,420.0,25220.0
Zimbabwe,2018,2204.99,,2270.89531874302,0.562,15034452.0,41.8168160785834,Africa,,,,,24572.0,2194.0,426.0,25606.0
Zimbabwe,2019,2144.17,,2184.32923855469,1.133,15271368.0,41.8196029468786,Africa,,,,,23303.0,1763.0,575.0,25884.0
Zimbabwe,2020,2240.2,,2059.67445384499,0.527,15526888.0,41.8169598035414,Africa,,,,,27084.0,4195.0,618.0,29306.0
Zimbabwe,2021,2310.18,,2613.60542083552,0.111,15797210.0,41.8091454051958,Africa,,,,,27846.0,3559.0,419.0,29276.0
Zimbabwe,2022,2319.4,,2536.40050223076,0.382,16069056.0,41.7977107405971,Africa,,,,,27118.0,2641.0,444.0,29189.0
Zimbabwe,2023,2393.38,,2195.22492079245,0.928,16340822.0,41.791706346129,Africa,,,,,28385.0,3534.0,540.0,31333.0
